# OBJ Exporter v1.2 by Jaden Seungwoo Oh at CLO Virtual Fashion Inc.
mtllib cart_withcloth.mtl
v -0.318219 0.740131 -0.233698
v -0.304925 0.749356 -0.222785
v -0.293636 0.758805 -0.210000
v -0.292177 0.768076 -0.192938
v -0.302065 0.776733 -0.178567
v -0.319037 0.784288 -0.172771
v -0.336668 0.791796 -0.169275
v -0.343002 0.796912 -0.151605
v -0.331293 0.796746 -0.136015
v -0.315449 0.795442 -0.124702
v -0.303792 0.795436 -0.109068
v -0.298903 0.796413 -0.090235
v -0.298777 0.797485 -0.070766
v -0.301948 0.798662 -0.051568
v -0.309096 0.800224 -0.033485
v -0.318213 0.802023 -0.016342
v -0.324426 0.803575 0.002064
v -0.316269 0.803098 0.019752
v -0.304473 0.802208 0.035242
v -0.297435 0.801473 0.053405
v -0.295478 0.800747 0.072792
v -0.293081 0.800168 0.092135
v -0.293280 0.799332 0.111615
v -0.303867 0.797814 0.127921
v -0.322626 0.796116 0.132927
v -0.342053 0.794791 0.131793
v -0.360773 0.792445 0.136750
v -0.371418 0.785505 0.151545
v -0.365101 0.772483 0.164554
v -0.353477 0.757107 0.167578
v -0.343659 0.741997 0.160064
v -0.334604 0.727234 0.151012
v -0.324862 0.712359 0.142873
v -0.313368 0.697093 0.138793
v -0.302090 0.681240 0.140596
v -0.294628 0.664840 0.148131
v -0.294268 0.648477 0.158777
v -0.297462 0.632410 0.169402
v -0.305176 0.616885 0.178361
v -0.314836 0.629359 0.190552
v -0.327109 0.642214 0.199565
v -0.341014 0.655201 0.205669
v -0.354231 0.668372 0.212750
v -0.364553 0.681749 0.223328
v -0.368935 0.694717 0.237813
v -0.364202 0.705831 0.253660
v -0.344413 0.707674 0.255430
v -0.326904 0.706346 0.246062
v -0.318583 0.704010 0.228093
v -0.304030 0.701152 0.214772
v -0.287070 0.696662 0.224205
v -0.282373 0.693272 0.243269
v -0.269439 0.688851 0.257735
v -0.250962 0.683328 0.252698
v -0.236774 0.679419 0.239210
v -0.223005 0.677774 0.224824
v -0.204885 0.678052 0.216506
v -0.185864 0.679211 0.222208
v -0.166861 0.680101 0.228016
v -0.147382 0.680300 0.223879
v -0.130266 0.680631 0.213668
v -0.110503 0.681302 0.211201
v -0.091052 0.681997 0.215538
v -0.071476 0.682703 0.219352
v -0.051564 0.683652 0.221038
v -0.031585 0.684986 0.221289
v -0.011590 0.686618 0.220353
v 0.008298 0.688681 0.218647
v 0.028197 0.691286 0.217311
v 0.048093 0.694234 0.216600
v 0.067788 0.697612 0.214866
v 0.087396 0.701168 0.212792
v 0.107100 0.704637 0.212400
v 0.126834 0.707990 0.213183
v 0.146569 0.711486 0.213778
v 0.166270 0.715407 0.213655
v 0.185798 0.719977 0.212504
v 0.205136 0.725179 0.210493
v 0.224224 0.731218 0.209355
v 0.242667 0.737870 0.213229
v 0.256576 0.744391 0.226002
v 0.256244 0.745962 0.245826
v 0.248232 0.744278 0.264022
v 0.260411 0.748914 0.279091
v 0.277996 0.755637 0.285630
v 0.294000 0.761178 0.275151
v 0.297347 0.763047 0.255618
v 0.287021 0.765049 0.238701
v 0.286674 0.765662 0.218832
v 0.306240 0.761995 0.219748
v 0.320879 0.759005 0.232941
v 0.337605 0.755370 0.243167
v 0.356154 0.748352 0.241035
v 0.363313 0.735966 0.227165
v 0.358921 0.721016 0.214768
v 0.346457 0.706024 0.210714
v 0.333787 0.691111 0.206929
v 0.323749 0.675735 0.199183
v 0.315450 0.660333 0.189586
v 0.309360 0.644888 0.178460
v 0.311041 0.629630 0.165733
v 0.320447 0.614838 0.156232
v 0.332116 0.628603 0.148802
v 0.345526 0.642551 0.146363
v 0.359327 0.656029 0.149246
v 0.373047 0.669696 0.151183
v 0.384789 0.683940 0.144927
v 0.380267 0.695486 0.129876
v 0.362977 0.703451 0.125589
v 0.346025 0.709586 0.133109
v 0.329665 0.715896 0.141743
v 0.311325 0.722485 0.141365
v 0.301357 0.726447 0.125101
v 0.302212 0.729315 0.105815
v 0.308432 0.731873 0.087513
v 0.319041 0.734113 0.071307
v 0.328348 0.736396 0.054332
v 0.331620 0.738511 0.035261
v 0.328027 0.740122 0.016174
v 0.320706 0.741499 -0.001837
v 0.316722 0.742975 -0.020855
v 0.316428 0.744447 -0.040281
v 0.317914 0.745899 -0.059663
v 0.317940 0.747444 -0.079090
v 0.314232 0.749197 -0.098147
v 0.308420 0.751070 -0.116666
v 0.306668 0.752714 -0.135998
v 0.316177 0.754010 -0.152948
v 0.333589 0.755520 -0.161571
v 0.352855 0.757539 -0.163927
v 0.371595 0.759414 -0.169030
v 0.378771 0.756845 -0.186980
v 0.365027 0.746453 -0.196076
v 0.350213 0.736310 -0.188539
v 0.335897 0.726597 -0.179489
v 0.320111 0.715165 -0.179253
v 0.309293 0.702238 -0.189042
v 0.308079 0.689015 -0.203336
v 0.314918 0.676623 -0.216808
v 0.322964 0.664561 -0.229904
v 0.328198 0.680336 -0.241009
v 0.334247 0.696263 -0.251484
v 0.340082 0.712417 -0.261745
v 0.344317 0.728798 -0.272474
v 0.346732 0.745192 -0.283634
v 0.345124 0.761421 -0.295140
v 0.340371 0.777231 -0.306340
v 0.329343 0.791298 -0.315126
v 0.310456 0.797023 -0.312427
v 0.297247 0.793799 -0.297903
v 0.305203 0.787593 -0.280733
v 0.306316 0.780459 -0.262234
v 0.290203 0.771193 -0.255170
v 0.274207 0.763877 -0.264541
v 0.261437 0.757758 -0.278556
v 0.248387 0.751399 -0.292209
v 0.231843 0.741497 -0.297403
v 0.217967 0.727632 -0.293752
v 0.219724 0.709865 -0.284819
v 0.223733 0.693197 -0.274565
v 0.215538 0.682631 -0.259657
v 0.197425 0.679401 -0.251739
v 0.177528 0.678763 -0.249107
v 0.157449 0.679207 -0.248372
v 0.137392 0.680286 -0.248100
v 0.117406 0.681622 -0.247772
v 0.097440 0.682792 -0.247489
v 0.077460 0.683602 -0.247407
v 0.057426 0.684215 -0.247458
v 0.037378 0.684941 -0.247590
v 0.017318 0.686077 -0.247714
v -0.002708 0.687493 -0.247817
v -0.022695 0.688984 -0.248005
v -0.042674 0.690483 -0.248251
v -0.062629 0.692058 -0.248533
v -0.082572 0.693605 -0.248872
v -0.102513 0.694989 -0.249522
v -0.122469 0.696310 -0.250323
v -0.142388 0.697796 -0.251577
v -0.162173 0.699814 -0.253816
v -0.180467 0.703937 -0.260766
v -0.196693 0.710657 -0.270326
v -0.200831 0.727572 -0.280061
v -0.199628 0.747144 -0.284811
v -0.209260 0.764480 -0.287124
v -0.224008 0.777479 -0.283404
v -0.239461 0.782556 -0.271788
v -0.254935 0.788218 -0.260552
v -0.269826 0.801246 -0.258349
v -0.272294 0.818939 -0.267235
v -0.271221 0.836628 -0.276503
v -0.269054 0.854322 -0.285531
v -0.270733 0.872300 -0.293979
v -0.289026 0.880162 -0.293858
v -0.291770 0.864296 -0.282120
v -0.292682 0.848536 -0.270011
v -0.301462 0.833736 -0.260023
v -0.317940 0.822434 -0.260402
v -0.334528 0.811367 -0.260427
v -0.337084 0.793790 -0.251502
v -0.333169 0.775710 -0.244030
v -0.325647 0.757890 -0.239039
v -0.305078 0.630713 0.180832
v -0.308660 0.714498 0.190666
v -0.258700 0.900790 0.184269
v 0.009409 0.790298 0.030543
v -0.266305 0.904729 -0.087316
v -0.300170 0.892543 -0.190246
v -0.303129 0.806874 -0.219596
v -0.315046 0.753578 -0.231207
v 0.277588 0.886218 0.068443
v 0.329613 0.836837 0.164936
v 0.319693 0.686466 0.153156
v 0.319737 0.628809 0.154999
v 0.315318 0.941455 -0.191854
v 0.311649 0.824136 -0.215794
v 0.316666 0.735217 -0.223678
v 0.321173 0.678386 -0.229116
v -0.292570 0.757151 0.157431
v -0.291629 0.710419 0.161371
v -0.299965 0.678156 0.180999
v -0.329388 0.687653 0.198667
v -0.352425 0.749441 0.212505
v -0.299454 0.950510 0.068176
v -0.268485 0.815115 0.245753
v -0.147909 0.846615 0.192684
v 0.038170 0.836862 0.190768
v 0.180162 0.790301 -0.121004
v -0.020980 0.790285 -0.153413
v -0.250364 0.903466 -0.195045
v -0.304532 0.909053 -0.086397
v -0.318451 0.883785 -0.236928
v -0.309740 0.838607 -0.178789
v -0.322075 0.795437 -0.231988
v -0.316103 0.774963 -0.230355
v -0.295213 0.784270 -0.211516
v -0.324907 0.840030 -0.231264
v 0.278904 0.887111 0.211111
v 0.321218 0.894115 0.038454
v 0.329911 0.796780 0.195830
v 0.356762 0.761138 0.158654
v 0.310854 0.820033 0.128172
v 0.308606 0.686179 0.176461
v 0.335959 0.666677 0.148887
v 0.325509 0.648443 0.150007
v 0.353666 0.704701 0.154929
v 0.316310 0.852192 -0.156930
v 0.298944 0.880109 -0.258844
v 0.313843 0.776951 -0.188609
v 0.336435 0.786935 -0.248124
v 0.308554 0.713943 -0.211186
v 0.315732 0.697015 -0.221322
v 0.328097 0.718865 -0.240102
v -0.320876 0.777249 0.150555
v -0.308431 0.737938 0.143584
v -0.295886 0.698791 0.146603
v -0.293660 0.666210 0.167187
v -0.300252 0.650631 0.178643
v -0.339705 0.673415 0.203407
v -0.350413 0.696011 0.208533
v -0.317901 0.665261 0.194529
v -0.341626 0.687038 0.203539
v -0.330506 0.662980 0.200261
v -0.362290 0.724294 0.228653
v -0.318689 0.763463 0.230523
v -0.299592 0.875667 0.065775
v -0.265526 0.751731 0.257922
v -0.198548 0.784258 0.215750
v -0.087915 0.787296 0.221140
v 0.006651 0.786136 0.212219
v 0.116796 0.817615 0.219421
v 0.171827 0.789868 -0.235827
v 0.053544 0.787545 -0.233703
v -0.046417 0.784157 -0.243216
v -0.199745 0.790268 -0.146149
v -0.268045 0.873419 -0.233175
v -0.237745 0.809264 -0.205795
v -0.300940 0.852436 -0.083517
v -0.306909 0.860576 -0.249708
v -0.318921 0.812183 -0.175724
v -0.331133 0.788958 -0.240170
v -0.332261 0.810891 -0.240614
v -0.324787 0.770032 -0.237337
v -0.303189 0.766986 -0.221949
v -0.295187 0.771252 -0.212978
v -0.305007 0.782350 -0.222822
v -0.300425 0.793985 -0.218216
v -0.293008 0.788348 -0.192362
v 0.280453 0.836763 0.262862
v 0.325507 0.815428 0.051913
v 0.317735 0.841944 -0.042976
v 0.352648 0.768998 0.209594
v 0.325365 0.820284 0.224740
v 0.376818 0.731613 0.144370
v 0.335849 0.770973 0.139012
v 0.306567 0.778360 0.103200
v 0.314300 0.675872 0.186844
v 0.308183 0.664876 0.169199
v 0.318197 0.696924 0.192764
v 0.345516 0.656511 0.148037
v 0.353808 0.675686 0.151879
v 0.333977 0.640381 0.147827
v 0.312131 0.647022 0.161202
v 0.309725 0.803461 -0.142063
v 0.354997 0.813711 -0.173196
v 0.332087 0.835985 -0.280298
v 0.297094 0.828838 -0.254857
v 0.275422 0.821531 -0.233943
v 0.328726 0.753402 -0.184657
v 0.343224 0.769123 -0.268745
v 0.306662 0.703047 -0.202611
v 0.306854 0.722125 -0.192886
v 0.312383 0.688042 -0.214303
v 0.324894 0.697300 -0.236416
v 0.330225 0.706389 -0.244130
v 0.319748 0.710919 -0.228873
v 0.321158 0.724340 -0.230308
v 0.337218 0.731490 -0.253454
v 0.328245 0.741817 -0.238461
v -0.339178 0.836511 0.164984
v -0.341138 0.780294 0.165013
v -0.320732 0.727866 0.143664
v -0.305501 0.715525 0.141992
v -0.325978 0.749068 0.149158
v -0.291669 0.688099 0.164327
v -0.295224 0.654488 0.168851
v -0.312687 0.647187 0.190687
v -0.299135 0.664348 0.179164
v -0.307999 0.659528 0.187706
v -0.355166 0.682906 0.212695
v -0.362318 0.700285 0.221566
v -0.365708 0.709593 0.233719
v -0.354008 0.716605 0.212025
v -0.355470 0.725537 0.248571
v -0.320735 0.733375 0.233670
v -0.298766 0.837650 0.064494
v -0.301618 0.857978 0.122962
v -0.313433 0.880006 -0.009308
v -0.278374 0.727510 0.237412
v -0.252231 0.718264 0.256679
v -0.196787 0.730814 0.216343
v -0.122910 0.740543 0.209152
v -0.065606 0.736760 0.221275
v 0.012347 0.737421 0.213758
v 0.086840 0.763848 0.209649
v 0.145639 0.768209 0.219164
v 0.169897 0.735355 -0.247120
v 0.050315 0.738886 -0.248911
v -0.009224 0.743055 -0.247370
v -0.069213 0.741273 -0.248230
v -0.165046 0.789820 -0.235970
v -0.268593 0.858258 -0.257492
v -0.206496 0.803774 -0.244337
v -0.298842 0.823833 -0.082015
v -0.313796 0.852517 -0.137930
v -0.299550 0.848711 -0.256310
v -0.319683 0.842739 -0.252302
v -0.291555 0.868517 -0.260953
v -0.324287 0.798234 -0.174612
v -0.336241 0.812261 -0.164325
v -0.304646 0.798013 -0.178897
v -0.336048 0.805589 -0.250439
v -0.318335 0.814760 -0.227861
v -0.292145 0.778331 -0.200767
v -0.295006 0.777980 -0.187582
v 0.289929 0.799173 0.267324
v 0.229933 0.844026 0.228965
v 0.328292 0.775771 0.048503
v 0.318196 0.797916 -0.007095
v 0.319729 0.796381 -0.065589
v 0.358294 0.754864 0.222518
v 0.328743 0.739737 0.197519
v 0.319539 0.789474 0.225712
v 0.377335 0.715114 0.132993
v 0.328592 0.744096 0.142573
v 0.305712 0.753940 0.119323
v 0.312679 0.759885 0.082209
v 0.309354 0.657464 0.179167
v 0.317806 0.666003 0.153336
v 0.309189 0.679708 0.162405
v 0.329636 0.709714 0.201912
v 0.324334 0.688317 0.199457
v 0.361810 0.667269 0.151376
v 0.368231 0.688645 0.153893
v 0.338029 0.686069 0.150434
v 0.309513 0.777367 -0.143796
v 0.339788 0.786893 -0.164416
v 0.369460 0.787105 -0.184945
v 0.328001 0.815455 -0.299767
v 0.297947 0.815740 -0.278946
v 0.288135 0.800294 -0.251192
v 0.229691 0.804075 -0.263900
v 0.251625 0.755851 -0.246677
v 0.337192 0.741123 -0.183189
v 0.318293 0.735167 -0.182858
v 0.347921 0.757450 -0.191509
v 0.345825 0.759980 -0.280370
v 0.342008 0.748719 -0.263869
v 0.343836 0.780858 -0.285938
v 0.311186 0.713451 -0.186453
v 0.306854 0.733337 -0.208102
v 0.334941 0.718446 -0.251185
v 0.340554 0.724371 -0.262279
v 0.331035 0.730534 -0.243182
v 0.316007 0.773998 -0.222046
v -0.352316 0.825000 0.143570
v -0.351600 0.771231 0.167543
v -0.357778 0.791556 0.165120
v -0.294521 0.712527 0.148828
v -0.291692 0.733485 0.158493
v -0.333728 0.739814 0.152906
v -0.308118 0.760491 0.144557
v -0.336847 0.759813 0.159820
v -0.326074 0.763491 0.151657
v -0.331514 0.774490 0.157891
v -0.297733 0.699562 0.180564
v -0.291416 0.698292 0.157633
v -0.293426 0.685433 0.150832
v -0.293839 0.678052 0.170886
v -0.361082 0.713346 0.221748
v -0.356235 0.733122 0.216244
v -0.335022 0.711880 0.199367
v -0.343570 0.730020 0.202341
v -0.363671 0.715705 0.245093
v -0.354793 0.714138 0.253560
v -0.335486 0.724230 0.248759
v -0.353691 0.747763 0.236439
v -0.356872 0.744718 0.223837
v -0.320671 0.717559 0.236403
v -0.308363 0.722688 0.218338
v -0.297097 0.818109 0.063725
v -0.307331 0.840358 0.027227
v -0.295818 0.831830 0.103150
v -0.315173 0.828963 0.133465
v -0.309584 0.841520 -0.026289
v -0.280829 0.709598 0.235168
v -0.272259 0.714658 0.254360
v -0.288719 0.722315 0.220630
v -0.277179 0.717074 0.243651
v -0.286458 0.709659 0.223526
v -0.255673 0.700517 0.257504
v -0.237271 0.704342 0.242162
v -0.261434 0.711325 0.258406
v -0.245053 0.706939 0.252883
v -0.195820 0.703725 0.217043
v -0.158423 0.720409 0.225908
v -0.121726 0.709808 0.209739
v -0.083631 0.711849 0.220909
v -0.043983 0.713767 0.223877
v 0.015322 0.712592 0.215637
v 0.052319 0.734972 0.218726
v 0.092106 0.732509 0.210545
v 0.130888 0.739831 0.216102
v 0.169906 0.746985 0.220031
v 0.168452 0.706176 -0.246649
v 0.110286 0.741389 -0.247350
v 0.048754 0.710786 -0.247926
v -0.011005 0.714709 -0.247828
v -0.050771 0.718490 -0.248313
v -0.090593 0.721559 -0.248335
v -0.168738 0.746509 -0.247680
v -0.268822 0.850776 -0.270840
v -0.267164 0.872499 -0.273117
v -0.269915 0.836609 -0.254948
v -0.217955 0.795076 -0.265593
v -0.240571 0.820841 -0.239976
v -0.226864 0.766661 -0.246626
v -0.298258 0.808615 -0.081168
v -0.299285 0.817313 -0.061651
v -0.300009 0.815084 -0.101486
v -0.318427 0.823394 -0.134264
v -0.313314 0.833547 -0.257332
v -0.333338 0.828408 -0.250050
v -0.325760 0.861066 -0.240438
v -0.292560 0.882642 -0.274636
v -0.291128 0.860736 -0.270446
v -0.299517 0.882140 -0.245337
v -0.339830 0.801012 -0.162376
v -0.335505 0.813475 -0.145006
v -0.327932 0.831292 -0.170002
v -0.300188 0.818817 -0.182895
v -0.307841 0.786871 -0.175921
v -0.313425 0.802935 -0.225959
v -0.301940 0.836771 -0.216500
v -0.327733 0.824495 -0.234070
v 0.294112 0.779387 0.266977
v 0.290832 0.803567 0.229050
v 0.257183 0.788520 0.279197
v 0.242566 0.793816 0.231677
v 0.329677 0.755366 0.046649
v 0.317969 0.769178 -0.009155
v 0.317464 0.772888 -0.047876
v 0.318435 0.775940 -0.086616
v 0.349287 0.778383 0.234014
v 0.347929 0.746497 0.205893
v 0.306923 0.729161 0.168255
v 0.316358 0.773300 0.225942
v 0.331627 0.773871 0.236830
v 0.298959 0.785096 0.218300
v 0.343472 0.767218 0.239420
v 0.355612 0.765156 0.232270
v 0.335896 0.791552 0.233548
v 0.306013 0.774595 0.218824
v 0.349227 0.798709 0.213760
v 0.326225 0.804032 0.228180
v 0.349293 0.792306 0.227172
v 0.352803 0.779385 0.220140
v 0.342912 0.810348 0.226637
v 0.306200 0.809620 0.218752
v 0.340031 0.829399 0.201807
v 0.317813 0.811050 0.222251
v 0.345355 0.816346 0.211725
v 0.341929 0.804331 0.201654
v 0.344341 0.784560 0.202263
v 0.329978 0.815865 0.195884
v 0.337940 0.835464 0.220647
v 0.350532 0.786761 0.211467
v 0.307289 0.807291 0.171477
v 0.311839 0.858153 0.184570
v 0.342183 0.822661 0.222091
v 0.314974 0.806607 0.188078
v 0.322745 0.839462 0.193390
v 0.330004 0.829530 0.196313
v 0.317740 0.823346 0.190820
v 0.357577 0.734550 0.130800
v 0.324120 0.729817 0.143299
v 0.308763 0.742658 0.136429
v 0.340859 0.731531 0.136803
v 0.350636 0.722661 0.132109
v 0.364833 0.721627 0.128782
v 0.371142 0.733406 0.132199
v 0.364900 0.764308 0.135169
v 0.364850 0.748462 0.131826
v 0.348317 0.757253 0.134331
v 0.347289 0.743348 0.134248
v 0.335407 0.756438 0.140178
v 0.314365 0.765154 0.137385
v 0.302312 0.739455 0.117154
v 0.304960 0.749874 0.099001
v 0.313093 0.744688 0.080520
v 0.323342 0.752731 0.065368
v 0.311969 0.658818 0.160238
v 0.326572 0.675413 0.151022
v 0.380252 0.702803 0.147856
v 0.354453 0.690161 0.153452
v 0.329517 0.711551 0.151501
v 0.309405 0.763321 -0.144843
v 0.322584 0.772531 -0.158408
v 0.308040 0.769800 -0.124898
v 0.341609 0.770124 -0.163973
v 0.359829 0.780521 -0.167329
v 0.353893 0.769796 -0.165512
v 0.374363 0.771692 -0.180147
v 0.364561 0.766474 -0.196136
v 0.367648 0.771142 -0.169772
v 0.323502 0.804130 -0.309028
v 0.306921 0.812928 -0.298421
v 0.338561 0.797388 -0.297223
v 0.297690 0.800939 -0.284017
v 0.304913 0.802011 -0.264002
v 0.294541 0.786171 -0.253771
v 0.274130 0.785632 -0.260540
v 0.241283 0.781628 -0.282941
v 0.239655 0.740191 -0.266568
v 0.324363 0.725939 -0.179343
v 0.308839 0.753951 -0.191381
v 0.353730 0.747066 -0.192693
v 0.334511 0.774316 -0.189332
v 0.336639 0.764307 -0.249497
v 0.336385 0.746865 -0.250017
v 0.344599 0.740927 -0.272691
v 0.343540 0.773442 -0.295428
v 0.342115 0.791632 -0.267433
v 0.311732 0.725236 -0.216995
v 0.319458 0.754679 -0.226869
v -0.352330 0.808230 0.137376
v -0.364715 0.804085 0.151856
v -0.334066 0.819168 0.134688
v -0.358311 0.813929 0.146530
v -0.350477 0.815675 0.164591
v -0.339849 0.807461 0.133865
v -0.365565 0.783749 0.161336
v -0.294707 0.725449 0.177994
v -0.295472 0.744334 0.148396
v -0.297491 0.728043 0.145963
v -0.314613 0.749168 0.144133
v -0.294853 0.790024 0.151989
v -0.311371 0.690803 0.191455
v -0.292501 0.674066 0.157083
v -0.346184 0.708422 0.205015
v -0.323442 0.730850 0.195764
v -0.335038 0.712876 0.251046
v -0.359026 0.734400 0.238269
v -0.344238 0.738846 0.246935
v -0.330754 0.736564 0.243201
v -0.323327 0.748969 0.235920
v -0.306712 0.746211 0.219768
v -0.338569 0.763901 0.239604
v -0.350888 0.764534 0.226106
v -0.315801 0.752068 0.226278
v -0.342998 0.751681 0.243221
v -0.311446 0.710354 0.219672
v -0.308912 0.820237 0.027336
v -0.293631 0.814373 0.102458
v -0.298694 0.821889 0.121877
v -0.296475 0.823745 0.083871
v -0.295570 0.811568 0.114837
v -0.294546 0.812628 0.089873
v -0.313885 0.811412 0.132814
v -0.326596 0.808512 0.133671
v -0.302847 0.810517 0.126313
v -0.311859 0.820144 -0.025723
v -0.266137 0.732232 0.258663
v -0.275656 0.700881 0.253150
v -0.298261 0.713535 0.216548
v -0.240650 0.691168 0.246755
v -0.231703 0.693596 0.228278
v -0.228650 0.724900 0.216996
v -0.233069 0.710746 0.226483
v -0.216940 0.702989 0.215618
v -0.235763 0.732975 0.242238
v -0.240007 0.720303 0.248687
v -0.235302 0.720649 0.235699
v -0.221043 0.690649 0.220422
v -0.224205 0.713080 0.217341
v -0.208173 0.717905 0.213526
v -0.195473 0.689188 0.218043
v -0.208318 0.692764 0.215825
v -0.177339 0.698122 0.225215
v -0.121057 0.693611 0.210603
v -0.101665 0.702500 0.213829
v -0.140588 0.701267 0.218849
v -0.132719 0.692716 0.214615
v -0.082282 0.695417 0.219218
v -0.063208 0.704394 0.222711
v -0.042639 0.697300 0.223062
v -0.021923 0.707224 0.222626
v -0.034181 0.706219 0.223566
v 0.017057 0.699101 0.216876
v 0.035658 0.710513 0.216587
v 0.094957 0.716073 0.211750
v 0.113245 0.727684 0.212999
v 0.072456 0.720483 0.214103
v 0.107273 0.716960 0.212344
v 0.082559 0.712967 0.212673
v 0.134107 0.723184 0.214807
v 0.152056 0.734899 0.217436
v 0.122482 0.719489 0.213522
v 0.146607 0.723833 0.215695
v 0.173286 0.730627 0.216769
v 0.192740 0.744258 0.216101
v 0.161405 0.726647 0.216306
v 0.180717 0.740920 0.218230
v 0.167898 0.690643 -0.247018
v 0.147740 0.699346 -0.247149
v 0.188634 0.698226 -0.246456
v 0.108713 0.710933 -0.247322
v 0.047964 0.695766 -0.247605
v 0.028400 0.704229 -0.247901
v 0.068338 0.702726 -0.247421
v -0.011946 0.699590 -0.247890
v -0.031458 0.708617 -0.248082
v 0.007739 0.705709 -0.247875
v -0.051816 0.703051 -0.248309
v -0.071211 0.712371 -0.248398
v -0.091693 0.706110 -0.248734
v -0.111497 0.715147 -0.248652
v -0.170640 0.722344 -0.249656
v -0.268198 0.866520 -0.283718
v -0.275036 0.888060 -0.282355
v -0.266433 0.880847 -0.252901
v -0.267037 0.818119 -0.248210
v -0.271649 0.831092 -0.265685
v -0.265491 0.850803 -0.238204
v -0.226328 0.786854 -0.273180
v -0.236965 0.797577 -0.257682
v -0.206522 0.779154 -0.273016
v -0.209014 0.737865 -0.253782
v -0.299504 0.805195 -0.061461
v -0.303309 0.815836 -0.042950
v -0.299363 0.839048 -0.065939
v -0.300304 0.803019 -0.100291
v -0.299831 0.837202 -0.099625
v -0.306338 0.811509 -0.119268
v -0.320916 0.807967 -0.132441
v -0.330794 0.841837 -0.243708
v -0.315544 0.870939 -0.244297
v -0.318352 0.855304 -0.248536
v -0.289330 0.885626 -0.257969
v -0.280574 0.925743 -0.233216
v -0.291562 0.907366 -0.245316
v -0.292523 0.893792 -0.248041
v -0.305162 0.898481 -0.236732
v -0.306761 0.902826 -0.215456
v -0.298187 0.917959 -0.230980
v -0.315701 0.898500 -0.227432
v -0.309675 0.914856 -0.223532
v -0.298080 0.869975 -0.250187
v -0.316142 0.826227 -0.176142
v -0.328557 0.818871 -0.171552
v -0.334994 0.826594 -0.155629
v -0.328988 0.825605 -0.143088
v -0.320562 0.838323 -0.139152
v -0.328842 0.852957 -0.157506
v -0.322963 0.848955 -0.146528
v -0.332163 0.839591 -0.159663
v -0.307230 0.810104 -0.178404
v -0.294866 0.804496 -0.189660
v -0.293808 0.804342 -0.206215
v -0.296651 0.821074 -0.210918
v -0.307076 0.822505 -0.221139
v -0.314339 0.835154 -0.223434
v -0.309809 0.865700 -0.219055
v -0.316768 0.851169 -0.222976
v -0.320377 0.864694 -0.227829
v -0.294637 0.818067 -0.196657
v -0.310140 0.884404 -0.219643
v -0.298949 0.877363 -0.205762
v -0.302089 0.890856 -0.209948
v 0.296357 0.768016 0.266033
v 0.295188 0.781001 0.247144
v 0.281588 0.775090 0.281869
v 0.245516 0.767923 0.271725
v 0.250109 0.768594 0.234010
v 0.223407 0.773020 0.209573
v 0.330462 0.743778 0.045556
v 0.329610 0.756200 0.027156
v 0.318016 0.753930 -0.010310
v 0.316345 0.763052 -0.029252
v 0.323652 0.760167 0.008166
v 0.317295 0.757313 -0.049050
v 0.319199 0.766549 -0.067816
v 0.317579 0.760386 -0.087812
v 0.312892 0.767519 -0.105775
v 0.354230 0.756145 0.211045
v 0.357993 0.742155 0.215149
v 0.314635 0.720487 0.187496
v 0.286817 0.781714 0.229072
v 0.324228 0.768049 0.193934
v 0.339335 0.767800 0.200044
v 0.331421 0.755019 0.197656
v 0.297632 0.855717 0.224476
v 0.306008 0.731107 0.135063
v 0.340099 0.719437 0.137103
v 0.317450 0.752007 0.140723
v 0.307079 0.764890 0.095621
v 0.306096 0.765488 0.109974
v 0.306775 0.781336 0.124500
v 0.304696 0.737804 0.097393
v 0.326455 0.764417 0.057348
v 0.378635 0.717225 0.146508
v 0.362086 0.724862 0.156702
v 0.368139 0.709370 0.154536
v 0.328979 0.696886 0.150955
v 0.340536 0.703775 0.152566
v 0.343944 0.723109 0.155419
v 0.323767 0.760936 -0.158367
v 0.317153 0.791362 -0.155522
v 0.307116 0.758217 -0.125764
v 0.308845 0.789327 -0.128128
v 0.360787 0.797028 -0.173191
v 0.346439 0.801372 -0.167197
v 0.328908 0.825603 -0.163859
v 0.329623 0.800910 -0.162981
v 0.340709 0.815952 -0.167167
v 0.310997 0.833837 -0.288270
v 0.303919 0.802278 -0.303574
v 0.338092 0.813529 -0.281852
v 0.337117 0.789047 -0.306064
v 0.297473 0.812715 -0.255195
v 0.302562 0.821342 -0.266088
v 0.299974 0.841966 -0.271698
v 0.307288 0.790854 -0.268957
v 0.278858 0.774198 -0.259252
v 0.260936 0.776196 -0.271790
v 0.260386 0.820122 -0.263574
v 0.249310 0.766967 -0.285573
v 0.227976 0.761579 -0.285588
v 0.237541 0.769626 -0.286640
v 0.224543 0.727867 -0.274646
v 0.228553 0.718892 -0.247521
v 0.318365 0.763196 -0.185726
v 0.317306 0.748003 -0.184478
v 0.307189 0.738051 -0.192669
v 0.306087 0.769535 -0.205180
v 0.337169 0.762062 -0.187823
v 0.331256 0.820359 -0.193839
v 0.350115 0.774056 -0.194260
v 0.342546 0.798147 -0.194581
v 0.362416 0.780471 -0.195044
v 0.359409 0.797939 -0.193559
v 0.342175 0.784547 -0.193553
v 0.326081 0.791707 -0.189353
v 0.352431 0.818922 -0.194232
v 0.363685 0.807211 -0.182980
v 0.306906 0.801189 -0.200685
v 0.331010 0.805495 -0.192377
v 0.316616 0.803422 -0.190439
v 0.310253 0.790238 -0.192809
v 0.311423 0.823487 -0.197068
v 0.351402 0.806516 -0.195726
v 0.341078 0.760749 -0.260119
v 0.339919 0.775997 -0.256934
v 0.327456 0.775027 -0.236463
v 0.343773 0.780657 -0.273830
v 0.341659 0.796848 -0.281950
v 0.328733 0.757950 -0.238264
v 0.310807 0.748403 -0.214786
v 0.305416 0.747225 -0.202719
v -0.357857 0.804810 0.162478
v -0.341194 0.799447 0.165580
v -0.327658 0.792731 0.157329
v -0.331957 0.817420 0.163056
v -0.311952 0.795543 0.147447
v -0.331207 0.804482 0.161114
v -0.291179 0.723056 0.166278
v -0.293055 0.711289 0.174592
v -0.292945 0.746840 0.174498
v -0.305619 0.778217 0.146060
v -0.296630 0.767474 0.148653
v -0.301958 0.689393 0.185055
v -0.309804 0.676268 0.190509
v -0.322214 0.702347 0.195971
v -0.323073 0.716531 0.196129
v -0.306253 0.701965 0.188709
v -0.306625 0.734497 0.189411
v -0.333382 0.724647 0.198447
v -0.335195 0.753654 0.197771
v -0.312887 0.734632 0.222762
v -0.298069 0.733839 0.216697
v -0.349075 0.759135 0.236037
v -0.299594 0.818711 0.044397
v -0.320356 0.831057 0.004497
v -0.302389 0.839625 0.125420
v -0.296962 0.847010 0.110857
v -0.297462 0.833072 0.115700
v -0.299037 0.875496 0.097031
v -0.298885 0.849996 0.086138
v -0.297629 0.863201 0.107937
v -0.297783 0.844008 0.097891
v -0.298755 0.861688 0.094009
v -0.300438 0.871775 0.081434
v -0.297570 0.827575 0.071945
v -0.296074 0.813428 0.075884
v -0.312978 0.808152 -0.025217
v -0.273448 0.742427 0.245457
v -0.283305 0.753835 0.223794
v -0.293230 0.746404 0.218703
v -0.282152 0.738185 0.226325
v -0.300510 0.768313 0.218635
v -0.274423 0.765476 0.240961
v -0.271781 0.754683 0.247458
v -0.248208 0.740334 0.256817
v -0.176861 0.686199 0.225572
v -0.182158 0.718027 0.222909
v -0.102589 0.727431 0.215257
v -0.101104 0.689703 0.213313
v -0.157866 0.697266 0.226700
v -0.059502 0.720851 0.222722
v -0.074860 0.724425 0.222729
v -0.088089 0.744424 0.222971
v -0.089309 0.725475 0.220943
v -0.078032 0.736658 0.222801
v -0.096840 0.714940 0.216728
v -0.109793 0.716156 0.212145
v -0.121914 0.725175 0.209141
v -0.141310 0.731742 0.217716
v -0.062173 0.691445 0.221500
v -0.022331 0.694165 0.221869
v -0.003402 0.703747 0.219350
v 0.037276 0.698887 0.216938
v 0.027342 0.726891 0.214823
v 0.041705 0.724272 0.217519
v 0.056859 0.719735 0.217207
v 0.064898 0.710066 0.215401
v 0.033571 0.752482 0.216176
v 0.036847 0.738135 0.217010
v 0.024787 0.742473 0.213639
v 0.012884 0.763030 0.211983
v 0.109190 0.752647 0.212925
v 0.153225 0.752324 0.219462
v 0.137184 0.754526 0.218071
v 0.121100 0.774182 0.218051
v 0.123171 0.752064 0.216213
v 0.116033 0.740893 0.213870
v 0.132420 0.767012 0.218383
v 0.193556 0.731012 0.213742
v 0.210403 0.743578 0.209969
v 0.203957 0.763975 0.216023
v 0.202515 0.751722 0.214177
v 0.147718 0.686995 -0.247739
v 0.128154 0.697853 -0.247370
v 0.151860 0.721506 -0.246827
v 0.208029 0.695966 -0.247872
v 0.187779 0.685995 -0.248162
v 0.186276 0.720547 -0.246264
v 0.108006 0.694851 -0.247430
v 0.088616 0.701080 -0.247342
v 0.027725 0.692213 -0.247753
v 0.032915 0.725521 -0.248754
v 0.067750 0.690681 -0.247416
v 0.066164 0.724376 -0.247568
v -0.032211 0.696549 -0.248109
v -0.031355 0.733027 -0.248238
v 0.006493 0.727639 -0.247894
v 0.007740 0.693601 -0.247806
v -0.076073 0.727248 -0.248270
v -0.061498 0.728657 -0.248314
v -0.048650 0.745159 -0.248504
v -0.072077 0.700068 -0.248566
v -0.111975 0.702850 -0.249354
v -0.131214 0.713860 -0.249046
v -0.116269 0.769569 -0.246670
v -0.171505 0.709411 -0.252733
v -0.190486 0.720565 -0.253999
v -0.268788 0.868029 -0.246427
v -0.266586 0.870479 -0.260923
v -0.268567 0.888894 -0.266785
v -0.283808 0.898226 -0.269797
v -0.270805 0.906589 -0.248494
v -0.267179 0.894560 -0.254964
v -0.266986 0.892417 -0.237531
v -0.267475 0.912146 -0.231519
v -0.257315 0.892909 -0.215125
v -0.265829 0.886806 -0.225001
v -0.265874 0.902503 -0.221201
v -0.254921 0.913396 -0.210218
v -0.269082 0.848396 -0.249714
v -0.264839 0.832917 -0.239292
v -0.244700 0.845641 -0.224227
v -0.255588 0.820368 -0.238260
v -0.253006 0.833942 -0.230336
v -0.248175 0.806351 -0.247023
v -0.258329 0.847781 -0.226917
v -0.254015 0.869315 -0.218382
v -0.248477 0.796510 -0.254396
v -0.243491 0.789169 -0.262746
v -0.221970 0.808938 -0.253201
v -0.234935 0.810880 -0.248124
v -0.212619 0.774832 -0.282187
v -0.204810 0.787107 -0.255150
v -0.201000 0.760258 -0.269724
v -0.207531 0.723556 -0.264291
v -0.208903 0.741980 -0.272070
v -0.200939 0.727878 -0.254781
v -0.189942 0.744687 -0.248480
v -0.214462 0.734622 -0.264382
v -0.224591 0.755452 -0.263866
v -0.305524 0.829795 -0.036025
v -0.300752 0.850207 -0.045623
v -0.299863 0.838256 -0.080398
v -0.298954 0.826983 -0.069781
v -0.299218 0.825629 -0.094518
v -0.300400 0.867585 -0.112908
v -0.301751 0.827215 -0.113618
v -0.306335 0.839113 -0.127212
v -0.308233 0.823733 -0.125151
v -0.302938 0.855820 -0.125206
v -0.300608 0.845137 -0.113489
v -0.289327 0.918788 -0.239506
v -0.322917 0.847423 -0.172414
v -0.318212 0.878106 -0.171281
v -0.308014 0.860677 -0.180413
v -0.323413 0.863179 -0.168313
v -0.318096 0.875699 -0.148176
v -0.323993 0.874073 -0.160100
v -0.308199 0.868652 -0.135740
v -0.301798 0.912301 -0.130287
v -0.305690 0.891152 -0.137513
v -0.309856 0.879983 -0.140291
v -0.292397 0.792689 -0.203275
v -0.318394 0.878290 -0.226865
v -0.298303 0.856020 -0.207959
v 0.295161 0.790463 0.257657
v 0.293651 0.796303 0.242903
v 0.294737 0.823512 0.247260
v 0.292802 0.810687 0.241439
v 0.293624 0.826651 0.224754
v 0.294130 0.810562 0.256941
v 0.289159 0.824327 0.261825
v 0.267468 0.812236 0.272474
v 0.277307 0.823236 0.269452
v 0.281366 0.809107 0.274211
v 0.270318 0.798412 0.281094
v 0.270018 0.783547 0.283175
v 0.258108 0.772415 0.280977
v 0.282751 0.789905 0.277500
v 0.254393 0.760347 0.277582
v 0.244686 0.761401 0.252960
v 0.255017 0.755274 0.235196
v 0.245625 0.758576 0.216425
v 0.228954 0.751019 0.208266
v 0.329744 0.766616 0.037308
v 0.326131 0.795047 0.023405
v 0.328513 0.782512 0.033664
v 0.325297 0.777680 0.015547
v 0.327443 0.799670 0.041651
v 0.322150 0.793660 0.066350
v 0.323978 0.778609 0.063048
v 0.314022 0.781133 0.081577
v 0.325658 0.801708 0.055339
v 0.326793 0.788213 0.053743
v 0.316478 0.787176 -0.028530
v 0.316206 0.750921 -0.030011
v 0.327133 0.752046 0.016237
v 0.319650 0.781879 -0.072018
v 0.318732 0.784043 -0.057476
v 0.317546 0.801467 -0.044744
v 0.317231 0.786807 -0.043162
v 0.318745 0.754214 -0.068784
v 0.319770 0.710123 0.193826
v 0.325368 0.724197 0.197622
v 0.308850 0.704826 0.179384
v 0.308490 0.699898 0.161303
v 0.307935 0.718601 0.176759
v 0.290091 0.777117 0.218662
v 0.289010 0.792784 0.221955
v 0.331699 0.781050 0.196790
v 0.315502 0.785521 0.188786
v 0.315747 0.841776 0.217248
v 0.310687 0.825792 0.217639
v 0.306089 0.766998 0.126042
v 0.307855 0.802840 0.110225
v 0.319855 0.785174 0.138745
v 0.366985 0.744468 0.155100
v 0.372498 0.753336 0.143823
v 0.368736 0.769604 0.150270
v 0.354143 0.797632 0.136257
v 0.363012 0.781789 0.138841
v 0.349834 0.799611 0.162056
v 0.350830 0.773557 0.134441
v 0.357161 0.781410 0.158863
v 0.339880 0.788240 0.136859
v 0.363972 0.795257 0.149705
v 0.321256 0.772592 0.155885
v 0.333003 0.814557 0.137689
v 0.339912 0.771504 0.159393
v 0.341020 0.802358 0.137024
v 0.325433 0.800466 0.138912
v 0.344832 0.785553 0.160966
v 0.325601 0.803223 0.159576
v 0.337177 0.797442 0.160865
v 0.341214 0.819526 0.163358
v 0.326790 0.787340 0.157654
v 0.311870 0.793051 0.161485
v 0.319777 0.813387 0.136587
v 0.309369 0.799727 0.129219
v 0.356406 0.826096 0.145404
v 0.350887 0.813936 0.137973
v 0.360768 0.810741 0.147706
v 0.353874 0.818388 0.157939
v 0.349752 0.845385 0.158930
v 0.348643 0.830759 0.161035
v 0.307075 0.789235 0.175767
v 0.308792 0.774709 0.165438
v 0.310932 0.751233 0.159742
v 0.312422 0.764579 0.158755
v 0.353560 0.716808 0.156089
v 0.309751 0.790526 -0.144679
v 0.315457 0.780103 -0.153323
v 0.327128 0.784697 -0.161161
v 0.307893 0.778606 -0.132421
v 0.317869 0.829966 -0.101868
v 0.314740 0.791733 -0.104771
v 0.319628 0.796846 -0.085844
v 0.316269 0.823397 -0.296774
v 0.324332 0.831411 -0.289652
v 0.333615 0.821856 -0.290353
v 0.336421 0.809392 -0.293112
v 0.336432 0.824578 -0.249976
v 0.300533 0.829855 -0.279446
v 0.291673 0.854490 -0.252526
v 0.316099 0.852814 -0.277527
v 0.271009 0.804994 -0.258374
v 0.280861 0.819738 -0.249762
v 0.235466 0.753755 -0.293184
v 0.218979 0.744458 -0.284228
v 0.226069 0.758314 -0.267412
v 0.220709 0.755703 -0.278016
v 0.219106 0.721894 -0.283483
v 0.233622 0.710445 -0.270711
v 0.307884 0.766777 -0.193777
v 0.345067 0.867532 -0.188414
v 0.348831 0.841947 -0.176040
v 0.341895 0.830756 -0.169139
v 0.332484 0.847863 -0.166930
v 0.308914 0.786545 -0.211423
v 0.311645 0.804570 -0.216640
v 0.305871 0.781949 -0.201018
v 0.308344 0.814134 -0.206989
v 0.324097 0.814945 -0.233313
v 0.316616 0.814531 -0.223588
v 0.319547 0.817011 -0.190926
v 0.334395 0.775395 -0.245210
v 0.321905 0.766681 -0.229765
v 0.311284 0.762715 -0.215578
v -0.341526 0.823829 0.165289
v -0.353263 0.833026 0.158078
v -0.334419 0.871080 0.144954
v -0.357651 0.821086 0.156417
v -0.340933 0.847334 0.141565
v -0.348722 0.837372 0.146736
v -0.338056 0.833169 0.137925
v -0.294480 0.854533 0.162527
v -0.291850 0.745774 0.162855
v -0.295950 0.780408 0.179358
v -0.292200 0.775106 0.163626
v -0.292490 0.761933 0.170921
v -0.302335 0.723348 0.185997
v -0.313625 0.725590 0.192524
v -0.297349 0.737988 0.182348
v -0.306732 0.761167 0.190625
v -0.297168 0.757931 0.182244
v -0.346352 0.770607 0.207094
v -0.298309 0.828287 0.054306
v -0.299520 0.847938 0.045609
v -0.303168 0.829884 0.036114
v -0.320079 0.816271 0.011157
v -0.314389 0.830742 0.018194
v -0.317639 0.832190 -0.013297
v -0.319105 0.816916 -0.012692
v -0.317546 0.855707 -0.002233
v -0.316625 0.846030 0.011436
v -0.321740 0.819709 -0.000755
v -0.315752 0.846780 -0.013955
v -0.318898 0.842479 -0.001946
v -0.312889 0.863878 -0.016879
v -0.301464 0.884922 -0.041226
v -0.306804 0.877987 -0.025849
v -0.302048 0.867121 -0.039507
v -0.300805 0.873063 -0.065746
v -0.305882 0.854753 -0.032167
v -0.299699 0.862890 -0.054201
v -0.300050 0.876671 -0.052422
v -0.300320 0.857752 -0.068901
v -0.301845 0.901449 -0.061312
v -0.300984 0.887064 -0.062257
v -0.303156 0.895211 -0.076780
v -0.299499 0.849845 -0.058575
v -0.303269 0.888780 -0.100334
v -0.304060 0.896339 -0.089705
v -0.254395 0.730324 0.257855
v -0.252606 0.786817 0.230579
v -0.194498 0.717383 0.217230
v -0.185226 0.706484 0.221831
v -0.169618 0.710724 0.226781
v -0.173350 0.745836 0.225000
v -0.147331 0.692338 0.223268
v -0.150944 0.708819 0.224134
v -0.139395 0.716506 0.217754
v -0.001086 0.723206 0.217277
v 0.049174 0.708057 0.216922
v 0.184366 0.762184 0.222228
v 0.165487 0.768079 0.221698
v 0.200271 0.818695 0.229030
v 0.166628 0.720834 -0.246826
v 0.155897 0.709225 -0.246794
v 0.136510 0.713134 -0.247040
v 0.122729 0.710957 -0.247243
v 0.115447 0.725767 -0.247272
v 0.135440 0.740751 -0.246908
v 0.138862 0.727008 -0.246935
v 0.122851 0.736768 -0.247197
v 0.127434 0.722380 -0.247133
v 0.181210 0.708534 -0.246189
v 0.207250 0.760396 -0.247712
v 0.200854 0.711359 -0.245179
v 0.206736 0.735737 -0.246620
v 0.215754 0.709581 -0.246338
v 0.210767 0.722480 -0.244684
v 0.228733 0.703140 -0.255500
v 0.087726 0.689380 -0.247400
v 0.047167 0.724900 -0.248516
v 0.036619 0.713656 -0.248159
v 0.061150 0.712804 -0.247610
v 0.079869 0.755277 -0.247202
v 0.089620 0.724588 -0.247233
v 0.102315 0.730064 -0.247308
v 0.089883 0.741726 -0.247144
v 0.077984 0.733055 -0.247266
v -0.023995 0.720725 -0.248006
v -0.012380 0.729042 -0.247610
v 0.001265 0.716418 -0.247848
v 0.021625 0.759120 -0.248908
v 0.019054 0.717373 -0.248078
v -0.045307 0.731404 -0.248414
v -0.063530 0.766306 -0.248030
v -0.028446 0.755946 -0.248101
v -0.108381 0.742876 -0.247854
v -0.088780 0.742245 -0.248044
v -0.189817 0.711099 -0.260892
v -0.273108 0.917168 -0.240412
v -0.247885 0.900633 -0.208692
v -0.268349 0.929763 -0.215950
v -0.293635 0.939163 -0.211863
v -0.301131 0.928663 -0.221378
v -0.261131 0.806012 -0.249394
v -0.262458 0.862134 -0.226825
v -0.211969 0.801155 -0.255745
v -0.215922 0.827912 -0.234488
v -0.224231 0.820328 -0.244138
v -0.211496 0.816538 -0.241451
v -0.219884 0.809849 -0.220678
v -0.235145 0.793113 -0.248553
v -0.209741 0.771101 -0.259127
v -0.221619 0.784084 -0.255393
v -0.214302 0.762115 -0.268618
v -0.220775 0.797426 -0.245212
v -0.234582 0.776035 -0.258979
v -0.215299 0.803300 -0.233002
v -0.233364 0.801880 -0.230679
v -0.230366 0.763795 -0.256831
v -0.222967 0.772321 -0.263790
v -0.231952 0.805528 -0.217531
v -0.198971 0.738655 -0.276964
v -0.178255 0.735203 -0.248532
v -0.206900 0.758573 -0.248634
v -0.182146 0.771642 -0.246666
v -0.300147 0.830638 -0.051678
v -0.300742 0.856182 -0.100222
v -0.302595 0.872500 -0.087832
v -0.301595 0.869104 -0.100195
v -0.305507 0.877969 -0.182811
v -0.298304 0.878700 -0.193207
v -0.301419 0.866643 -0.211879
v -0.305160 0.850173 -0.217854
v -0.298838 0.838441 -0.198196
v 0.270345 0.767115 0.284393
v 0.249295 0.750600 0.254059
v 0.245027 0.756797 0.265279
v 0.236521 0.785221 0.254949
v 0.248893 0.747216 0.217577
v 0.244015 0.778536 0.218487
v 0.235009 0.765020 0.209339
v 0.216353 0.758774 0.209374
v 0.327086 0.765604 0.019040
v 0.321558 0.772793 0.003440
v 0.318391 0.783377 -0.006040
v 0.322232 0.791942 0.007737
v 0.320059 0.766302 0.070809
v 0.316506 0.774881 -0.021820
v 0.319475 0.822501 -0.060847
v 0.316406 0.807517 -0.025197
v 0.342611 0.724456 0.205410
v 0.320017 0.796324 0.191452
v 0.325581 0.833675 0.222265
v 0.306711 0.788832 0.112467
v 0.313407 0.805702 0.086188
v 0.309306 0.793525 0.096809
v 0.320254 0.812440 0.069826
v 0.317872 0.801259 0.075364
v 0.319976 0.857834 0.066389
v 0.321505 0.834852 0.063537
v 0.322474 0.822274 0.061980
v 0.314481 0.828835 0.084620
v 0.315683 0.816948 0.080592
v 0.323607 0.772781 0.140249
v 0.312195 0.777142 0.134654
v 0.369640 0.732882 0.152924
v 0.348917 0.742589 0.158260
v 0.327375 0.820020 0.162239
v 0.310237 0.831131 0.165901
v 0.315055 0.812934 0.161576
v 0.308745 0.809863 0.120764
v 0.309860 0.823137 0.104184
v 0.308988 0.766559 0.182595
v 0.316111 0.750445 0.189674
v 0.317127 0.735164 0.190685
v 0.308090 0.741413 0.179142
v 0.307554 0.742309 0.167618
v 0.325381 0.735001 0.153308
v 0.312111 0.812541 -0.118960
v 0.315602 0.779201 -0.099471
v 0.311402 0.780210 -0.114239
v 0.317269 0.810437 -0.099823
v 0.338822 0.805122 -0.254440
v 0.340692 0.807647 -0.268617
v 0.333362 0.811798 -0.243111
v 0.297879 0.843166 -0.258026
v 0.307799 0.844447 -0.281342
v 0.300822 0.860951 -0.268103
v 0.332402 0.854764 -0.258075
v 0.278302 0.796125 -0.256258
v 0.260878 0.793608 -0.267766
v 0.252676 0.786084 -0.276406
v 0.240448 0.798719 -0.275984
v 0.242975 0.816678 -0.267950
v 0.253826 0.806878 -0.269543
v 0.242754 0.833172 -0.239524
v 0.233120 0.822286 -0.253386
v 0.270157 0.817851 -0.256190
v 0.268219 0.846331 -0.252550
v 0.273146 0.832303 -0.251206
v 0.281153 0.844973 -0.247008
v 0.248482 0.838564 -0.259931
v 0.250811 0.826880 -0.265004
v 0.225297 0.743073 -0.271070
v 0.237878 0.725108 -0.269312
v 0.248006 0.731618 -0.251250
v 0.239167 0.715473 -0.257449
v 0.311660 0.866929 -0.203858
v 0.344361 0.841276 -0.194593
v 0.322076 0.838741 -0.160819
v 0.310073 0.833290 -0.137622
v 0.313694 0.823736 -0.153235
v 0.312035 0.839816 -0.150451
v 0.309420 0.818372 -0.139864
v 0.321797 0.813117 -0.159714
v 0.343030 0.858047 -0.175078
v 0.350398 0.851779 -0.186038
v 0.320588 0.792303 -0.228746
v -0.314241 0.840284 0.152680
v -0.317631 0.747943 0.193791
v -0.326265 0.781168 0.194889
v -0.321248 0.764707 0.194083
v -0.345641 0.756602 0.204260
v -0.350365 0.762154 0.214604
v -0.328321 0.808798 0.227946
v -0.299014 0.856768 0.062503
v -0.299414 0.836075 0.045419
v -0.243119 0.770966 0.254364
v -0.182824 0.733746 0.222715
v -0.171304 0.726239 0.226133
v -0.156553 0.738535 0.225164
v -0.142567 0.795767 0.220760
v -0.153835 0.768306 0.224323
v -0.159996 0.753922 0.225657
v -0.140373 0.753177 0.217100
v -0.178758 0.770858 0.222689
v -0.166687 0.765392 0.224355
v -0.146223 0.742801 0.220121
v 0.003773 0.712642 0.217056
v 0.011317 0.724672 0.214801
v -0.010980 0.714832 0.220916
v 0.172836 0.758592 0.221988
v 0.156121 0.807648 0.217734
v 0.183584 0.792679 0.225713
v 0.152829 0.738935 -0.247017
v 0.146639 0.771705 -0.246629
v 0.165877 0.758232 -0.247499
v 0.145381 0.754563 -0.246715
v 0.163262 0.745932 -0.247307
v 0.122844 0.760734 -0.247157
v 0.135676 0.764378 -0.246675
v 0.188581 0.739364 -0.247155
v 0.195506 0.729421 -0.246427
v 0.200560 0.747669 -0.247424
v 0.184789 0.757638 -0.247532
v 0.177581 0.746354 -0.247344
v 0.175610 0.774406 -0.246606
v 0.161198 0.772300 -0.246622
v 0.201341 0.788827 -0.239738
v 0.193800 0.773536 -0.246607
v 0.186018 0.786136 -0.241309
v 0.224010 0.692580 -0.261721
v 0.095460 0.712586 -0.247297
v 0.079547 0.713097 -0.247307
v 0.066209 0.745022 -0.247743
v 0.049409 0.766623 -0.249054
v 0.064724 0.761417 -0.247767
v 0.053050 0.752945 -0.249090
v 0.035879 0.748697 -0.250143
v 0.062613 0.779326 -0.246604
v 0.035342 0.763073 -0.249996
v 0.019363 0.789060 -0.234553
v 0.038547 0.780474 -0.243180
v 0.038172 0.736647 -0.249474
v 0.020094 0.739593 -0.249001
v 0.107972 0.790290 -0.210978
v 0.124282 0.789711 -0.236395
v 0.133137 0.779976 -0.244790
v 0.148147 0.790346 -0.228982
v 0.153279 0.784205 -0.241708
v 0.137408 0.789610 -0.236774
v 0.036411 0.790281 -0.227403
v 0.005569 0.742536 -0.247798
v 0.082304 0.791755 -0.227031
v 0.011099 0.790283 -0.188124
v 0.069025 0.789872 -0.235805
v 0.087669 0.778990 -0.246600
v 0.075279 0.782300 -0.244373
v 0.019777 0.790281 -0.210496
v 0.076603 0.768759 -0.247077
v 0.024531 0.790280 -0.222471
v -0.060766 0.752417 -0.248351
v -0.035729 0.745279 -0.248466
v -0.104053 0.728396 -0.248199
v -0.122649 0.730567 -0.248140
v -0.147618 0.732787 -0.248118
v -0.128039 0.751325 -0.247830
v -0.135603 0.726604 -0.248354
v -0.120313 0.742308 -0.247868
v -0.097828 0.760704 -0.247656
v -0.078285 0.756621 -0.247942
v -0.265481 0.915791 -0.216227
v -0.271227 0.924147 -0.226396
v -0.281952 0.935792 -0.221144
v -0.202133 0.746884 -0.249481
v -0.218520 0.749966 -0.251928
v -0.180503 0.756369 -0.247302
v -0.193498 0.763235 -0.247794
v -0.302374 0.881215 -0.076954
v -0.297999 0.843825 -0.207884
v -0.298317 0.833084 -0.185583
v -0.298922 0.849084 -0.186418
v -0.298212 0.863721 -0.190256
v 0.242207 0.774831 0.245542
v 0.238926 0.787005 0.242295
v 0.230791 0.818384 0.250043
v 0.233278 0.803381 0.242066
v 0.237130 0.822740 0.229650
v 0.240026 0.808199 0.229831
v 0.223616 0.808153 0.213947
v 0.238498 0.814104 0.215347
v 0.232221 0.815275 0.238439
v 0.226128 0.831913 0.215523
v 0.234945 0.793273 0.210954
v 0.229033 0.820041 0.213364
v 0.216754 0.819442 0.224876
v 0.239990 0.772450 0.259618
v 0.248007 0.768564 0.222601
v 0.246469 0.781073 0.231264
v 0.319047 0.808345 -0.057422
v 0.320350 0.811772 -0.075478
v 0.319636 0.809279 -0.087638
v 0.320601 0.833776 -0.080207
v 0.320365 0.823782 -0.072969
v 0.316822 0.796104 -0.019539
v 0.316535 0.798398 -0.033118
v 0.317256 0.821514 -0.040207
v 0.320355 0.845685 0.005840
v 0.322163 0.818930 0.010907
v 0.323346 0.804912 0.013465
v 0.325882 0.815287 0.029733
v 0.326717 0.811518 0.040917
v 0.339841 0.737007 0.202664
v 0.352775 0.731442 0.209574
v 0.358606 0.736557 0.157294
v 0.343653 0.756704 0.158466
v 0.335730 0.744647 0.155505
v 0.324449 0.755779 0.154635
v 0.316630 0.857828 0.166703
v 0.309767 0.822775 0.178627
v 0.310180 0.841200 0.178357
v 0.310587 0.845406 0.167718
v 0.314845 0.845522 0.187674
v 0.309743 0.810479 0.098585
v 0.312257 0.861993 0.103454
v 0.332430 0.724384 0.152518
v 0.309644 0.803021 -0.128426
v 0.314020 0.803470 -0.110016
v 0.315365 0.819498 -0.108772
v 0.312187 0.828793 -0.122014
v 0.295752 0.866629 -0.258052
v 0.274317 0.876915 -0.244461
v 0.287170 0.875493 -0.250176
v 0.275908 0.860301 -0.245888
v 0.329776 0.849979 -0.271628
v 0.336344 0.836421 -0.262303
v 0.338143 0.823130 -0.270346
v 0.338927 0.817085 -0.259815
v 0.254605 0.797806 -0.250151
v 0.285682 0.832625 -0.249943
v 0.238562 0.838004 -0.251119
v 0.251309 0.870869 -0.234679
v 0.247934 0.858450 -0.250808
v 0.262472 0.865579 -0.250443
v 0.259661 0.883185 -0.243986
v 0.252433 0.871021 -0.245648
v 0.279415 0.912879 -0.193672
v 0.293876 0.924935 -0.233561
v 0.291803 0.901604 -0.246252
v 0.292501 0.888713 -0.250488
v 0.266476 0.897260 -0.218280
v 0.274766 0.896491 -0.242124
v 0.259163 0.887137 -0.230012
v 0.282006 0.888045 -0.245242
v 0.283434 0.911864 -0.237085
v 0.268132 0.903345 -0.231276
v 0.277539 0.921035 -0.214815
v 0.271388 0.909576 -0.220597
v 0.274056 0.906611 -0.207143
v 0.283559 0.857352 -0.195497
v 0.280780 0.884931 -0.193962
v 0.278805 0.898531 -0.197547
v 0.282119 0.920865 -0.226736
v 0.229572 0.742197 -0.244461
v 0.222654 0.729968 -0.244694
v 0.256711 0.752442 -0.258471
v 0.311217 0.843876 -0.205088
v 0.342551 0.827312 -0.195667
v 0.314589 0.803962 -0.153999
v 0.328905 0.788930 -0.237960
v -0.325374 0.832622 0.159985
v -0.317153 0.815885 0.151190
v -0.335595 0.769879 0.198066
v -0.343466 0.788568 0.223423
v -0.299132 0.848137 0.072856
v -0.250598 0.757077 0.258589
v -0.237090 0.754083 0.242872
v -0.264558 0.775677 0.257367
v -0.261566 0.763374 0.259434
v -0.134829 0.742077 0.213666
v -0.135064 0.775227 0.213253
v 0.155883 0.786632 0.219144
v 0.136426 0.786038 0.218981
v 0.178730 0.777099 0.224186
v 0.197491 0.780273 0.223185
v 0.170030 0.788509 0.222177
v -0.149578 0.714584 -0.249398
v -0.157877 0.724753 -0.248439
v -0.114520 0.755550 -0.247470
v -0.144016 0.774623 -0.246681
v -0.098320 0.748964 -0.247869
v -0.087499 0.790269 -0.223668
v -0.297728 0.866556 -0.200957
v 0.227649 0.832155 0.239877
v 0.270682 0.836037 0.225830
v 0.247388 0.831655 0.239591
v 0.237582 0.830728 0.249855
v 0.235053 0.850875 0.237597
v 0.225732 0.844602 0.240490
v 0.237351 0.834191 0.220869
v 0.243066 0.791386 0.219301
v 0.217046 0.789841 0.213963
v 0.207797 0.802166 0.224287
v 0.211117 0.776538 0.214673
v 0.193343 0.804645 0.227599
v 0.176172 0.822065 0.222893
v 0.198459 0.793047 0.225670
v 0.173023 0.805315 0.222561
v 0.187600 0.816325 0.225999
v 0.234976 0.779758 0.209779
v 0.319963 0.823333 -0.089518
v 0.319734 0.908308 -0.105935
v 0.315046 0.869846 -0.119818
v 0.310359 0.854921 -0.134866
v 0.311746 0.842769 -0.126749
v 0.319719 0.842250 -0.062543
v 0.316795 0.810145 -0.036723
v 0.318347 0.830563 -0.050168
v 0.317142 0.832322 -0.016411
v 0.323863 0.835275 0.023616
v 0.312062 0.842528 0.098575
v 0.245032 0.813642 -0.245233
v 0.234476 0.807736 -0.251773
v 0.260920 0.814861 -0.242034
v 0.260175 0.834119 -0.232133
v 0.251929 0.824260 -0.238057
v 0.245171 0.852386 -0.236578
v 0.250227 0.841791 -0.232093
v 0.269554 0.858224 -0.217906
v 0.261631 0.847831 -0.225473
v 0.280560 0.838249 -0.218723
v 0.256701 0.863164 -0.223975
v 0.267481 0.877990 -0.214813
v 0.274912 0.886861 -0.205869
v 0.278850 0.869400 -0.206309
v 0.256673 0.850116 -0.255211
v 0.250860 0.740381 -0.260626
v 0.253533 0.744353 -0.247849
v 0.274402 0.776407 -0.249660
v 0.277116 0.801122 -0.244587
v 0.272404 0.812615 -0.243035
v 0.241993 0.757249 -0.263232
v 0.254485 0.775088 -0.256898
v 0.235361 0.784558 -0.255304
v 0.251729 0.763315 -0.259917
v 0.233674 0.769391 -0.259646
v 0.225655 0.782253 -0.271897
v 0.229668 0.794687 -0.272753
v 0.309435 0.830469 -0.206107
v 0.321497 0.852250 -0.231896
v 0.325800 0.852382 -0.196420
v -0.320623 0.802817 0.152928
v -0.294514 0.824487 0.156034
v -0.343098 0.776806 0.232936
v -0.240058 0.743450 0.248317
v -0.233561 0.744238 0.223778
v -0.246712 0.769099 0.235572
v -0.249369 0.798247 0.256692
v -0.274293 0.791621 0.238259
v -0.142613 0.765959 0.218271
v 0.155691 0.774664 0.219903
v 0.145822 0.797256 0.217599
v 0.137099 0.816113 0.215416
v 0.116723 0.795647 0.219088
v 0.194610 0.768578 0.221406
v -0.131261 0.766246 -0.247606
v -0.097719 0.784108 -0.243811
v -0.080263 0.776098 -0.246657
v 0.319867 0.856802 -0.095896
v 0.318612 0.896499 -0.052335
v 0.316455 0.821819 -0.026018
v 0.316674 0.835516 -0.030277
v 0.317886 0.815804 -0.009197
v 0.317468 0.871188 -0.020706
v 0.317152 0.851646 -0.019429
v 0.319381 0.829374 -0.000912
v 0.320109 0.807949 0.001125
v 0.321684 0.833755 0.010998
v 0.324188 0.823632 0.021467
v 0.322685 0.865335 0.028614
v 0.311652 0.831182 0.095613
v 0.315919 0.847164 0.081105
v 0.317787 0.836439 0.075194
v 0.315747 0.867874 0.083785
v 0.313717 0.854851 0.092042
v 0.311208 0.845339 0.123244
v 0.323302 0.834595 0.136695
v 0.341001 0.830767 0.137463
v 0.334396 0.865724 0.139014
v 0.349468 0.844245 0.143189
v 0.333524 0.847865 0.137597
v 0.353441 0.835984 0.151960
v 0.347361 0.861190 0.148859
v 0.319142 0.849714 0.134595
v 0.323364 0.930205 0.157548
v 0.337296 0.865241 0.165580
v 0.345979 0.858974 0.160242
v 0.272511 0.833533 -0.228444
v 0.259104 0.876803 -0.223551
v 0.266666 0.760245 -0.248294
v 0.264549 0.786552 -0.254358
v 0.247730 0.786020 -0.252655
v 0.315285 0.841973 -0.220271
v 0.322479 0.833391 -0.232427
v 0.329942 0.825188 -0.239593
v 0.333055 0.843418 -0.244813
v 0.313747 0.861925 -0.219613
v 0.311295 0.855604 -0.210348
v 0.322341 0.893530 -0.238190
v 0.312758 0.894591 -0.252734
v 0.320774 0.873911 -0.231707
v 0.330202 0.863882 -0.243150
v 0.324880 0.875517 -0.256694
v 0.321050 0.866079 -0.268731
v 0.326337 0.878795 -0.240864
v 0.313037 0.878326 -0.262259
v 0.322597 0.886499 -0.249309
v 0.314381 0.855046 -0.198169
v 0.316926 0.838768 -0.193978
v 0.330582 0.838271 -0.194996
v -0.306597 0.826911 0.149921
v -0.301449 0.809452 0.149185
v -0.298073 0.840970 0.153268
v -0.233965 0.743834 0.236358
v -0.230616 0.731658 0.228687
v -0.215292 0.746035 0.210788
v -0.210624 0.732286 0.212103
v -0.242638 0.782900 0.243323
v -0.239927 0.757533 0.227788
v -0.228960 0.759393 0.211675
v -0.252100 0.783205 0.258532
v -0.265951 0.794500 0.253433
v -0.260491 0.807081 0.254585
v -0.241839 0.856275 0.220686
v -0.245804 0.838540 0.250006
v -0.256823 0.825063 0.253602
v -0.271311 0.802572 0.243914
v -0.292954 0.821271 0.220011
v -0.279298 0.807769 0.226660
v -0.244821 0.814590 0.238634
v -0.275931 0.851903 0.229924
v -0.244533 0.824363 0.248640
v -0.248389 0.812344 0.254622
v -0.244978 0.798302 0.238935
v -0.269551 0.835170 0.241197
v -0.259350 0.838803 0.248915
v -0.253068 0.866886 0.238782
v -0.253092 0.852559 0.246239
v -0.239285 0.848273 0.236515
v -0.266530 0.859788 0.239165
v -0.249015 0.832517 0.231552
v -0.239773 0.863179 0.233870
v -0.237485 0.880465 0.203118
v -0.247521 0.882117 0.223122
v -0.271716 0.778739 0.245309
v 0.155361 0.831790 0.216767
v 0.124218 0.785931 0.219427
v 0.130956 0.802025 0.218481
v 0.075300 0.807473 0.210077
v 0.100731 0.781574 0.211845
v -0.103451 0.772566 -0.246684
v -0.086551 0.765490 -0.247626
v -0.083760 0.789060 -0.238744
v -0.062520 0.791010 -0.225267
v -0.066421 0.786057 -0.241786
v -0.075249 0.790270 -0.228545
v -0.055506 0.789823 -0.235969
v -0.024987 0.790277 -0.208322
v -0.042516 0.790274 -0.219597
v 0.319958 0.841848 -0.093031
v 0.316598 0.845939 -0.109991
v 0.320611 0.852192 -0.078078
v 0.314134 0.855471 -0.120513
v 0.317680 0.861735 -0.108748
v 0.319764 0.884424 -0.101988
v 0.319034 0.869210 -0.056768
v 0.320461 0.873882 -0.082549
v 0.319772 0.856794 -0.064385
v 0.320002 0.869009 -0.070054
v 0.319666 0.888651 -0.070075
v 0.318407 0.855848 -0.049323
v 0.317691 0.870646 -0.038788
v 0.317208 0.854402 -0.034313
v 0.320550 0.862102 -0.085252
v 0.318428 0.881840 -0.048784
v 0.317971 0.894510 -0.028251
v 0.317838 0.883610 -0.035752
v 0.318810 0.862374 -0.003732
v 0.318230 0.843522 -0.007885
v 0.322593 0.851255 0.020721
v 0.320881 0.865540 0.012263
v 0.324627 0.847117 0.043662
v 0.325791 0.829471 0.040588
v 0.321097 0.884460 0.020456
v 0.323657 0.853472 0.032879
v 0.324395 0.836467 0.051150
v 0.318827 0.825063 0.072628
v 0.319860 0.884418 0.063126
v 0.311222 0.835704 0.112113
v 0.311167 0.849581 0.110095
v 0.312476 0.833228 0.129817
v 0.315779 0.918491 0.107290
v 0.307762 0.912082 -0.242035
v 0.314607 0.899984 -0.212553
v 0.312646 0.880502 -0.214590
v 0.318753 0.890781 -0.224766
v 0.317543 0.916924 -0.225760
v 0.319034 0.904370 -0.221639
v -0.227114 0.738412 0.213167
v -0.209580 0.766296 0.211899
v -0.238764 0.776675 0.218075
v -0.300453 0.795408 0.220443
v -0.280041 0.833682 0.225198
v -0.245200 0.816606 0.223304
v -0.257559 0.806293 0.228275
v -0.260994 0.822949 0.226204
v -0.245454 0.852664 0.202810
v -0.263251 0.845554 0.218917
v -0.252457 0.848979 0.228577
v -0.261345 0.836391 0.227973
v -0.233444 0.871697 0.218369
v -0.248839 0.859543 0.190041
v -0.235330 0.863243 0.201200
v -0.248686 0.864481 0.207970
v -0.249855 0.842468 0.142400
v -0.255123 0.857692 0.217732
v -0.262181 0.852070 0.204752
v -0.238758 0.866820 0.168065
v -0.233406 0.872223 0.185695
v -0.232325 0.850919 0.175424
v -0.249328 0.882294 0.179055
v -0.230650 0.863109 0.175994
v -0.235839 0.856596 0.188360
v -0.240717 0.874789 0.177563
v -0.241653 0.882093 0.190168
v -0.253006 0.897451 0.205767
v -0.289539 0.898504 0.216001
v -0.278508 0.876162 0.223527
v -0.274354 0.864558 0.229870
v 0.149983 0.819393 0.216004
v 0.097364 0.807146 0.214046
v 0.101882 0.766172 0.211552
v 0.078805 0.784966 0.210185
v -0.057322 0.777885 -0.246641
v -0.042619 0.767148 -0.248360
v -0.065495 0.790278 -0.175257
v -0.019973 0.789799 -0.236060
v -0.025324 0.774703 -0.246653
v -0.032505 0.785604 -0.241305
v 0.000151 0.777131 -0.246632
v -0.001516 0.759189 -0.247215
v -0.013051 0.780547 -0.244266
v -0.014790 0.755665 -0.247133
v 0.009806 0.766604 -0.247514
v 0.013918 0.779796 -0.243977
v 0.026679 0.773965 -0.246644
v 0.320270 0.890333 -0.086643
v 0.320131 0.897129 -0.098215
v 0.318730 0.924201 -0.075318
v 0.319728 0.908607 -0.084429
v 0.319055 0.907966 -0.066435
v 0.317926 0.934864 -0.035942
v 0.319639 0.899913 -0.075490
v 0.318485 0.917215 -0.047598
v 0.318793 0.921218 -0.061307
v 0.322124 0.879273 0.034763
v 0.321578 0.883326 0.048711
v 0.321458 0.870362 0.057333
v 0.323318 0.864044 0.043755
v 0.318712 0.872413 0.070797
v 0.322969 0.855240 0.053861
v 0.319089 0.885952 -0.002723
v 0.319502 0.873855 0.002302
v 0.314306 0.890729 0.100117
v 0.316591 0.886689 0.082309
v 0.316775 0.909623 0.086152
v 0.316035 0.897138 0.089184
v 0.315227 0.905425 0.100843
v 0.317741 0.895611 0.131773
v 0.313106 0.896769 0.115650
v 0.338571 0.890881 0.148589
v 0.343263 0.875906 0.156423
v 0.339715 0.876829 0.144345
v 0.325560 0.881138 0.137503
v 0.314873 0.912198 0.123858
v 0.312127 0.877375 0.114307
v 0.312159 0.862665 0.124367
v 0.328155 0.894363 0.140527
v 0.330580 0.913095 0.148140
v 0.316826 0.947517 0.127444
v 0.314668 0.881636 0.127876
v 0.320613 0.867718 0.134654
v 0.316192 0.930436 0.120673
v 0.320495 0.931588 0.139653
v 0.317519 0.922376 0.131372
v 0.321483 0.908416 0.137080
v 0.303545 0.902176 -0.247475
v 0.316597 0.901355 -0.244779
v 0.308212 0.923136 -0.233040
v 0.301817 0.940567 -0.213445
v 0.311555 0.931702 -0.221677
v 0.287090 0.934395 -0.217400
v 0.279268 0.932411 -0.198798
v -0.217654 0.757454 0.210234
v -0.195943 0.751914 0.216690
v -0.185604 0.746260 0.221512
v -0.247053 0.777004 0.226634
v -0.237462 0.764692 0.218214
v -0.223239 0.776125 0.210244
v -0.210430 0.779530 0.211652
v -0.213207 0.813515 0.213989
v -0.219876 0.795094 0.211780
v -0.203126 0.800764 0.213674
v -0.230961 0.808092 0.216941
v -0.171083 0.832794 0.215804
v -0.235747 0.792395 0.214724
v -0.190068 0.823063 0.216952
v -0.246010 0.802355 0.218981
v -0.200447 0.813995 0.214615
v -0.283191 0.790752 0.223031
v -0.277693 0.777724 0.231161
v -0.288403 0.776720 0.220769
v -0.279420 0.764927 0.229106
v -0.291703 0.806458 0.220179
v -0.309690 0.813137 0.223595
v -0.281100 0.820782 0.224340
v -0.264514 0.871328 0.150940
v -0.245446 0.887484 0.211270
v -0.264178 0.883645 0.231408
v -0.312963 0.857559 0.217244
v 0.109473 0.806655 0.218976
v 0.088824 0.776888 0.209372
v 0.091537 0.793585 0.209686
v 0.043447 0.789660 0.220286
v 0.059588 0.764259 0.218476
v -0.046758 0.790277 -0.193629
v -0.027903 0.790275 -0.223138
v 0.318443 0.915733 -0.026517
v 0.318193 0.904272 -0.039696
v 0.313992 0.875855 0.096364
v 0.318404 0.900928 0.070548
v 0.320173 0.899083 0.054194
v 0.305633 0.954070 0.027137
v 0.319577 0.927877 0.036286
v 0.320171 0.911215 0.041600
v 0.318387 0.929678 0.065081
v 0.319763 0.911462 0.014262
v 0.318074 0.916124 0.072415
v 0.319143 0.916142 0.056613
v 0.318590 0.929467 0.050640
v 0.316303 0.947031 0.041827
v 0.315428 0.949851 0.093242
v 0.317294 0.930213 0.087068
v 0.319881 0.915964 0.027953
v 0.318212 0.944199 0.109773
v 0.317372 0.937810 0.097972
v 0.317031 0.931085 0.108342
v 0.325668 0.896405 0.171372
v 0.335301 0.884264 0.166409
v 0.332964 0.902581 0.160914
v 0.321116 0.877217 0.167994
v 0.326795 0.915548 0.167737
v 0.315193 0.891258 0.184097
v 0.310463 0.870174 0.174571
v 0.326353 0.865161 0.166710
v 0.313802 0.889680 0.172049
v 0.315512 0.913282 0.177358
v 0.314098 0.874624 0.185626
v 0.322543 0.883888 0.211806
v 0.325118 0.885149 0.196923
v 0.326224 0.925579 0.148715
v 0.277338 0.920363 -0.203026
v 0.278717 0.931785 -0.114869
v -0.194347 0.768553 0.217730
v -0.185472 0.759561 0.221548
v -0.316463 0.797237 0.226029
v -0.330120 0.789178 0.233307
v -0.310533 0.782095 0.221879
v -0.311281 0.770140 0.223589
v -0.274215 0.823868 0.235519
v -0.263289 0.889419 0.165354
v -0.253869 0.872499 0.164404
v -0.248200 0.856805 0.155094
v -0.229852 0.853224 0.156191
v -0.260593 0.855325 0.143953
v -0.240043 0.847760 0.149648
v -0.199783 0.791183 0.154453
v -0.235772 0.807169 0.145846
v -0.234701 0.828095 0.140831
v -0.270376 0.805601 0.007856
v -0.266967 0.879770 0.065558
v -0.269445 0.870633 0.107500
v -0.269091 0.866378 0.128820
v -0.266583 0.864326 0.140079
v -0.253672 0.877465 0.231951
v -0.258964 0.894973 0.220415
v -0.273863 0.922325 0.205664
v -0.274444 0.896958 0.222642
v -0.263748 0.908685 0.210200
v -0.281606 0.888712 0.220646
v -0.299605 0.878345 0.215626
v -0.280937 0.910676 0.213819
v -0.301119 0.912092 0.180372
v -0.303062 0.915300 0.201408
v -0.294374 0.913253 0.211295
v -0.310004 0.893411 0.206989
v -0.258275 0.908821 0.197124
v -0.323014 0.832832 0.220713
v -0.298387 0.842713 0.219852
v 0.062900 0.793037 0.217745
v 0.072965 0.770214 0.212528
v 0.062689 0.778493 0.217663
v -0.039014 0.790276 -0.205711
v -0.056474 0.790274 -0.208547
v -0.064127 0.790276 -0.192766
v -0.075774 0.790272 -0.208310
v 0.318202 0.922581 -0.036691
v 0.318728 0.903618 -0.011220
v 0.320558 0.899461 0.024053
v 0.319914 0.895268 0.009381
v 0.319449 0.906579 0.001816
v 0.319592 0.939138 -0.003343
v 0.319500 0.923397 0.002471
v 0.319123 0.931573 0.018631
v 0.319043 0.926019 -0.013714
v 0.319524 0.939897 0.029917
v 0.319104 0.915412 -0.007105
v 0.318254 0.941718 -0.020226
v 0.290895 0.952833 -0.004594
v 0.308610 0.952305 -0.008539
v 0.293044 0.952806 -0.041654
v 0.312294 0.948237 -0.062705
v 0.318483 0.935274 -0.065845
v 0.318710 0.940172 -0.050727
v 0.307999 0.951746 -0.047530
v 0.306484 0.952647 -0.028865
v 0.302736 0.954671 0.008974
v 0.315193 0.947511 -0.037449
v 0.288598 0.951626 -0.023229
v 0.315872 0.947318 0.015741
v 0.299833 0.952607 -0.017594
v 0.277391 0.875121 -0.050952
v 0.312709 0.948348 0.003089
v 0.278277 0.903654 -0.005021
v 0.278960 0.930710 -0.009163
v 0.281443 0.944810 -0.011905
v 0.278785 0.930868 -0.037773
v 0.278764 0.935794 -0.023528
v 0.281785 0.945025 -0.035323
v 0.278463 0.914338 -0.023615
v 0.280830 0.945154 0.067425
v 0.317913 0.944224 0.076059
v 0.317152 0.945553 0.058973
v 0.298648 0.955667 0.078474
v 0.297234 0.956113 0.053776
v 0.309702 0.953457 0.068849
v 0.310477 0.953444 0.082017
v 0.309771 0.953092 0.051727
v 0.316527 0.919470 0.094461
v 0.336553 0.858091 0.206801
v 0.334103 0.844759 0.198875
v 0.325220 0.862602 0.194904
v 0.339463 0.843524 0.210057
v 0.328059 0.853867 0.219566
v 0.327958 0.868762 0.214894
v 0.332385 0.873799 0.203412
v 0.307832 0.873149 0.218066
v 0.312792 0.857585 0.217227
v 0.307433 0.922944 0.206570
v 0.279554 0.928252 -0.156282
v -0.327896 0.774278 0.234973
v -0.274514 0.811774 0.236191
v -0.257467 0.890724 0.176243
v -0.225631 0.825021 0.171546
v -0.268240 0.895273 0.139254
v -0.268644 0.879787 0.140034
v -0.268890 0.883644 0.122834
v -0.267629 0.890293 0.151838
v -0.266029 0.902312 0.096167
v -0.267679 0.888714 0.106329
v -0.268190 0.875279 0.086610
v -0.266144 0.913310 0.122812
v -0.268419 0.877902 0.098830
v -0.267577 0.899052 0.125573
v -0.266519 0.903186 0.110579
v -0.317957 0.873421 0.209002
v -0.299647 0.891844 0.213260
v -0.308901 0.894725 0.189199
v -0.320513 0.820687 0.225966
v -0.307929 0.830504 0.222474
v -0.290295 0.833054 0.219947
v -0.285431 0.847841 0.220683
v -0.312428 0.843593 0.220100
v 0.072883 0.795359 0.211334
v -0.135529 0.790271 -0.172992
v 0.318291 0.890687 -0.015328
v 0.278624 0.916759 -0.009748
v 0.278235 0.904958 -0.052064
v 0.277738 0.887492 -0.026954
v 0.321175 0.874175 0.192312
v 0.280343 0.878121 0.242177
v 0.319302 0.903751 0.206388
v 0.279808 0.925849 -0.177360
v -0.226366 0.821265 0.154016
v -0.227409 0.837197 0.152261
v -0.264213 0.810385 0.073353
v -0.266443 0.891106 0.080733
v -0.267116 0.889020 0.093330
v -0.263641 0.929927 0.042530
v -0.263936 0.920919 0.072877
v -0.265090 0.907768 0.081393
v -0.265172 0.900802 0.058304
v -0.264764 0.908556 0.069098
v -0.265897 0.893078 0.068023
v -0.309449 0.869589 0.215169
v -0.296938 0.860440 0.217923
v -0.284077 0.861928 0.221306
v -0.310092 0.902311 0.199272
v -0.307106 0.910917 0.189430
v -0.295401 0.881943 0.173807
v -0.316951 0.879296 0.194523
v -0.302662 0.873142 0.186571
v -0.318498 0.831463 0.193583
v -0.321527 0.855705 0.195233
v -0.321483 0.868991 0.198823
v -0.108044 0.790271 -0.194912
v -0.086575 0.790274 -0.185573
v -0.073970 0.790276 -0.184706
v 0.317709 0.882678 -0.023997
v 0.278466 0.915066 -0.039764
v 0.278102 0.899485 -0.037144
v 0.277856 0.890120 -0.048995
v 0.278137 0.900241 -0.019422
v 0.296489 0.872873 0.234269
v 0.325785 0.891828 0.205614
v 0.321180 0.902044 0.193378
v 0.279536 0.924083 -0.189238
v 0.280132 0.899051 -0.170253
v 0.280462 0.902574 -0.183998
v 0.292100 0.949253 -0.173060
v -0.271016 0.843145 0.064302
v -0.257005 0.814846 0.112046
v -0.264513 0.838533 0.122556
v -0.260363 0.843793 0.134935
v -0.252456 0.825524 0.129643
v -0.267574 0.852147 0.127823
v -0.269891 0.848784 0.106284
v -0.299608 0.894903 0.181598
v -0.295391 0.863394 0.175974
v -0.297483 0.834953 0.177871
v -0.298373 0.836552 0.165620
v -0.295155 0.848646 0.174986
v -0.304948 0.849610 0.190053
v -0.300184 0.859479 0.184753
v -0.330523 0.839982 0.205028
v -0.323914 0.847362 0.215184
v -0.093747 0.790271 -0.206332
v -0.118193 0.790266 -0.223056
v -0.095698 0.790272 -0.193926
v -0.108676 0.790269 -0.210669
v -0.102833 0.790278 -0.225221
v 0.299088 0.867645 0.224367
v 0.298941 0.897871 0.221522
v 0.286964 0.857315 0.250711
v 0.279693 0.914393 -0.164331
v 0.280014 0.913254 -0.176947
v 0.278832 0.888841 -0.125817
v 0.278142 0.887376 -0.087345
v 0.277835 0.884972 -0.067903
v 0.279204 0.908760 -0.140398
v 0.279382 0.915986 -0.151532
v 0.282641 0.941826 -0.184983
v 0.279688 0.937471 -0.169445
v 0.298797 0.947276 -0.190721
v 0.307055 0.945271 -0.201928
v -0.269067 0.862050 0.070829
v -0.259738 0.826374 0.119406
v -0.266566 0.827399 0.099354
v -0.245433 0.831616 0.137942
v -0.239897 0.813435 0.130328
v -0.216438 0.790300 0.110233
v -0.250323 0.813404 0.122923
v -0.238566 0.793655 0.119081
v -0.238307 0.798631 0.133494
v -0.220325 0.791113 0.144915
v -0.224381 0.800208 0.167233
v -0.230296 0.808646 0.158135
v -0.269723 0.860642 0.115472
v -0.270052 0.858293 0.091858
v -0.270485 0.840098 0.089312
v -0.268336 0.824245 0.083103
v -0.270591 0.849185 0.078746
v -0.271034 0.834621 0.074823
v -0.304189 0.831106 0.189997
v -0.296028 0.807498 0.179547
v -0.297954 0.821714 0.182481
v -0.293840 0.818036 0.169014
v -0.292546 0.800198 0.165255
v -0.310337 0.809012 0.193300
v -0.293254 0.810804 0.157870
v -0.292487 0.787436 0.169755
v -0.314682 0.844401 0.192660
v -0.311902 0.863975 0.191256
v -0.325188 0.842654 0.195991
v -0.339022 0.815919 0.208469
v -0.325277 0.858818 0.207460
v 0.301390 0.883899 0.224909
v 0.309396 0.891019 0.214707
v 0.289605 0.888775 0.232350
v 0.279490 0.907077 0.220984
v 0.274307 0.891164 0.232219
v 0.287749 0.900132 0.225360
v 0.295845 0.912614 0.214829
v 0.275126 0.894255 0.220234
v 0.273973 0.861035 0.230322
v 0.307388 0.906514 0.212848
v 0.269607 0.875203 0.234483
v 0.276823 0.874354 0.221450
v 0.266800 0.857738 0.249204
v 0.288265 0.869259 0.243986
v 0.295782 0.858225 0.238820
v 0.294277 0.841641 0.247564
v 0.287126 0.845539 0.255985
v 0.294857 0.833368 0.236699
v 0.296133 0.841102 0.224050
v 0.295811 0.846162 0.235433
v 0.278301 0.907004 -0.075293
v 0.289358 0.944155 -0.202536
v -0.267952 0.873697 0.074787
v -0.267517 0.836989 0.109843
v -0.259348 0.809027 0.092400
v -0.201096 0.790304 0.129763
v -0.214165 0.792628 0.158985
v -0.301860 0.794389 0.188035
v -0.305364 0.778123 0.190611
v -0.315471 0.792733 0.193644
v -0.331909 0.801583 0.196462
v -0.340992 0.787633 0.202448
v -0.346279 0.783354 0.212214
v -0.340449 0.801869 0.204966
v -0.333126 0.829197 0.212292
v -0.331132 0.822922 0.196976
v -0.320252 0.817324 0.194691
v 0.274877 0.845287 0.240234
v 0.267527 0.818227 0.247055
v 0.263804 0.824446 0.261422
v 0.247733 0.811717 0.248166
v 0.272221 0.830275 0.239203
v 0.259655 0.828057 0.232414
v 0.263307 0.839028 0.250928
v 0.273620 0.847240 0.255997
v 0.278117 0.894320 -0.076651
v -0.261268 0.817474 0.101861
v -0.249203 0.798285 0.103708
v -0.206789 0.790305 0.142295
v -0.321303 0.804185 0.194594
v 0.236044 0.803165 0.261737
v 0.262064 0.802232 0.256952
v 0.263403 0.796853 0.269572
v 0.249151 0.793249 0.262361
v 0.239706 0.783567 0.270748
v 0.256553 0.817738 0.240133
v -0.248495 0.801566 0.116489
v -0.232573 0.790697 0.101737
v -0.172737 0.790292 0.013222
v -0.199130 0.790295 0.059733
v -0.212325 0.790297 0.083535
v -0.219299 0.790298 0.096256
v 0.239350 0.813287 0.256501
v 0.234873 0.796817 0.252289
v 0.259338 0.809799 0.248400
v -0.242810 0.791281 0.074398
v -0.231069 0.790295 0.085278
v -0.245341 0.793621 0.089421
v -0.254928 0.800255 0.079326
v 0.308656 0.795505 0.218683
v 0.072628 0.743102 0.213323
v 0.075287 0.756641 0.212097
v 0.088205 0.747939 0.209876
v 0.065182 0.731786 0.215900
v 0.079108 0.731798 0.212109
v 0.059392 0.748804 0.218236
v 0.047185 0.756459 0.219820
v 0.045861 0.773129 0.220408
v 0.027152 0.778125 0.214059
v 0.026563 0.764118 0.213847
v 0.037997 0.763952 0.217795
v 0.024662 0.802103 0.213540
v 0.014637 0.775992 0.211380
v 0.019864 0.789183 0.211919
v 0.049848 0.822628 0.220169
v 0.051652 0.805340 0.220664
v 0.064263 0.816066 0.217693
v 0.037323 0.812166 0.217313
v 0.077687 0.851930 0.199323
v 0.023674 0.845352 0.216786
v 0.036124 0.799398 0.217567
v 0.066797 0.840595 0.216656
v 0.019245 0.823262 0.214133
v 0.061466 0.828505 0.218916
v 0.078802 0.827916 0.208962
v 0.035413 0.833223 0.216164
v 0.030863 0.821875 0.215250
v 0.046232 0.852741 0.205860
v 0.036767 0.847520 0.215544
v 0.050849 0.840360 0.217470
v 0.030173 0.851604 0.199137
v 0.041962 0.848251 0.194715
v 0.062014 0.844862 0.191684
v -0.058001 0.814865 0.165131
v -0.020583 0.847389 0.193054
v 0.004447 0.851985 0.200271
v 0.016959 0.852458 0.206831
v 0.018347 0.834296 0.191921
v 0.026842 0.842916 0.190835
v 0.004037 0.807611 0.215831
v 0.087065 0.816335 0.209987
v 0.100846 0.836327 0.218897
v 0.090647 0.828581 0.214354
v 0.086874 0.847994 0.215246
v 0.061740 0.852438 0.206842
v 0.167263 0.790275 0.091196
v 0.000026 0.836590 0.217772
v 0.011034 0.844822 0.217051
v -0.001512 0.838449 0.183746
v 0.036506 0.790284 0.120626
v 0.015986 0.810943 0.213842
v -0.039990 0.792878 0.225053
v 0.102265 0.820661 0.218829
v 0.075355 0.850514 0.212480
v 0.118324 0.790271 0.161467
v 0.005023 0.822614 0.218111
v -0.021688 0.818695 0.221692
v -0.008940 0.816088 0.212197
v -0.017442 0.795026 0.220348
v -0.016207 0.807709 0.218580
v -0.030185 0.805381 0.225526
v -0.072942 0.845030 0.216899
v -0.058067 0.818215 0.220085
v -0.046013 0.807921 0.223929
v -0.039908 0.828392 0.223918
v -0.065165 0.794813 0.215784
v -0.057906 0.805063 0.219499
v -0.006866 0.848138 0.194324
v -0.018382 0.846915 0.215919
v -0.007915 0.852648 0.208043
v -0.015016 0.831066 0.212531
v -0.026030 0.834205 0.221562
v 0.008095 0.842854 0.190794
v -0.026976 0.820008 0.174875
v 0.014931 0.797680 0.162428
v 0.093703 0.814899 0.185207
v -0.004788 0.795596 0.212333
v -0.056606 0.837643 0.219808
v -0.039164 0.847691 0.212179
v -0.017908 0.833528 0.181805
v 0.010818 0.816783 0.178018
v -0.007265 0.820250 0.170219
v -0.007172 0.830482 0.176896
v 0.081299 0.833782 0.187954
v 0.121029 0.838370 0.191461
v -0.069008 0.828969 0.213643
v -0.111380 0.828818 0.211559
v -0.092437 0.833113 0.216029
v -0.080072 0.835370 0.217145
v -0.044588 0.838286 0.218523
v -0.027084 0.852663 0.206204
v -0.057492 0.852657 0.206258
v -0.041693 0.846480 0.192548
v -0.030535 0.837907 0.188321
v -0.049342 0.829960 0.179253
v 0.008802 0.828861 0.184989
v 0.030132 0.824226 0.177093
v 0.002684 0.807068 0.168349
v -0.028234 0.790290 0.121879
v -0.009189 0.790486 0.145841
v 0.000289 0.795886 0.157196
v 0.017055 0.790284 0.137961
v -0.019601 0.806140 0.158533
v 0.011780 0.791516 0.150705
v -0.008300 0.809857 0.162666
v 0.074063 0.843917 0.191294
v 0.059755 0.816910 0.185243
v 0.103370 0.833427 0.190904
v 0.106731 0.852703 0.205912
v -0.061833 0.847300 0.215725
v -0.045744 0.852776 0.202946
v -0.036206 0.827568 0.181429
v -0.042623 0.815449 0.171652
v -0.030970 0.809563 0.166284
v -0.038432 0.794456 0.145940
v -0.031301 0.799863 0.156341
v -0.023899 0.791864 0.145742
v -0.048519 0.801981 0.158146
v -0.016327 0.790288 0.131940
v -0.031563 0.790373 0.134983
v 0.000963 0.790286 0.131546
v -0.119485 0.793118 0.117319
v 0.002544 0.790284 0.143479
v 0.015927 0.790286 0.116923
v -0.086340 0.794358 0.142156
v -0.061000 0.790293 0.124770
v -0.047391 0.790838 0.133220
v -0.069277 0.801028 0.152987
v -0.061649 0.792647 0.141181
v -0.074676 0.790293 0.132456
v -0.087160 0.790299 0.094009
v -0.095678 0.790297 0.120242
v -0.087302 0.790295 0.129936
v -0.050889 0.795157 0.147555
v -0.093307 0.826424 0.189030
v -0.061980 0.843799 0.188054
v 0.025074 0.808086 0.171948
v 0.045701 0.810045 0.173312
v 0.044148 0.822323 0.184735
v 0.053472 0.832707 0.190546
v 0.067644 0.829067 0.186325
v 0.076764 0.813974 0.183596
v 0.089497 0.792983 0.167480
v 0.086925 0.802927 0.179165
v 0.108058 0.799211 0.178384
v 0.065893 0.797079 0.170854
v 0.074229 0.802714 0.178131
v 0.093104 0.827604 0.188773
v 0.090724 0.844977 0.191755
v 0.103233 0.847522 0.193061
v 0.092496 0.852755 0.202718
v 0.098704 0.847879 0.215305
v 0.127605 0.844488 0.217221
v 0.024769 0.790284 0.126993
v 0.034061 0.790290 0.072457
v -0.007452 0.790290 0.107834
v -0.015342 0.790289 0.118580
v -0.082914 0.812592 0.170662
v -0.050421 0.840293 0.186088
v -0.074607 0.851257 0.198100
v 0.104215 0.791329 0.166739
v 0.112460 0.814936 0.187818
v 0.057571 0.805842 0.177940
v 0.113484 0.845751 0.216509
v 0.113808 0.831697 0.220195
v 0.124254 0.852375 0.201423
v 0.127973 0.828814 0.215806
v 0.140962 0.837852 0.218475
v 0.183965 0.828502 0.183502
v 0.152478 0.837421 0.190445
v 0.136191 0.843018 0.190961
v 0.158338 0.852691 0.205892
v 0.139570 0.814905 0.183286
v 0.145695 0.851392 0.198247
v 0.152396 0.845374 0.216702
v 0.173324 0.843138 0.217887
v 0.191310 0.836235 0.224698
v 0.133415 0.829691 0.184867
v 0.146573 0.824954 0.189593
v 0.124848 0.818992 0.182252
v 0.166389 0.822221 0.187934
v 0.129745 0.796166 0.181712
v 0.135087 0.852174 0.207632
v 0.209807 0.841972 0.222045
v 0.209502 0.829125 0.229302
v 0.030028 0.790288 0.096765
v 0.002190 0.790288 0.117755
v -0.069268 0.827805 0.176583
v -0.072255 0.813353 0.160598
v -0.086981 0.805218 0.155488
v -0.115789 0.800110 0.148458
v -0.104238 0.790944 0.137695
v -0.104089 0.803449 0.167918
v -0.100688 0.795594 0.153116
v -0.118920 0.796253 0.133060
v -0.092212 0.805021 0.165705
v -0.159595 0.790302 0.126504
v -0.138325 0.790300 0.126066
v -0.063652 0.851069 0.196728
v -0.076466 0.833907 0.192293
v -0.089496 0.852352 0.207304
v 0.104040 0.808760 0.184448
v 0.167573 0.831814 0.221028
v 0.182258 0.850649 0.196863
v 0.179837 0.833641 0.221770
v 0.115213 0.830020 0.184423
v 0.169186 0.839237 0.188312
v 0.158004 0.848009 0.193308
v 0.169555 0.850488 0.196431
v 0.174673 0.852029 0.208065
v 0.181469 0.841068 0.188970
v 0.202540 0.790264 0.149381
v 0.119997 0.793973 0.174109
v 0.118216 0.802795 0.184677
v 0.165163 0.790656 0.175868
v 0.027712 0.790286 0.110208
v -0.060045 0.835492 0.179615
v -0.058187 0.825228 0.172017
v -0.081464 0.821361 0.183145
v -0.096512 0.812598 0.180079
v -0.131488 0.820615 0.177300
v -0.111911 0.825767 0.182374
v -0.108348 0.790402 0.124659
v -0.149176 0.790302 0.074547
v -0.146618 0.794578 0.157257
v -0.078308 0.852105 0.208109
v -0.089718 0.843921 0.191171
v -0.118211 0.851802 0.199807
v -0.102401 0.851661 0.199323
v -0.110897 0.841793 0.188512
v -0.110763 0.846994 0.215926
v -0.130722 0.837485 0.190634
v -0.099623 0.837685 0.190525
v -0.104041 0.836991 0.219497
v 0.148040 0.796995 0.183146
v 0.162769 0.804828 0.187198
v 0.145846 0.790269 0.157862
v 0.132419 0.790269 0.165342
v 0.144141 0.790267 0.171970
v 0.156119 0.815993 0.188695
v 0.194552 0.796677 0.184661
v 0.177806 0.796215 0.184136
v 0.184228 0.811349 0.183475
v 0.189095 0.790263 0.166397
v 0.172532 0.811170 0.186678
v 0.177676 0.790702 0.172904
v 0.171570 0.790268 0.146493
v 0.169426 0.790266 0.161320
v 0.159058 0.790268 0.152976
v 0.151085 0.790273 0.120733
v 0.147172 0.790271 0.139133
v 0.130740 0.790272 0.147421
v 0.162826 0.790270 0.132500
v 0.190293 0.790269 0.124162
v 0.171065 0.790272 0.112384
v 0.177710 0.790269 0.132577
v 0.187525 0.790266 0.144747
v -0.125809 0.802260 0.167293
v -0.149935 0.790304 0.101539
v -0.147902 0.790299 0.140266
v -0.173146 0.790536 0.149449
v -0.132120 0.793474 0.148602
v -0.162328 0.790300 0.140431
v -0.180277 0.790304 0.128903
v -0.134650 0.796348 0.159962
v -0.143955 0.809374 0.168342
v -0.132384 0.810180 0.171660
v -0.164148 0.800820 0.166029
v -0.153570 0.824639 0.182317
v -0.152544 0.801644 0.163966
v -0.144491 0.820089 0.175527
v -0.158069 0.812177 0.174549
v -0.191664 0.810419 0.182293
v -0.172365 0.817031 0.185289
v -0.201136 0.798176 0.171212
v -0.214247 0.811595 0.184021
v -0.182051 0.800046 0.171253
v -0.203612 0.806109 0.180454
v -0.180225 0.808124 0.180146
v -0.175651 0.795208 0.161341
v -0.191780 0.794944 0.164018
v -0.133706 0.851324 0.198244
v -0.149527 0.845796 0.216517
v -0.144418 0.852581 0.206609
v -0.128609 0.840991 0.218512
v -0.122472 0.850594 0.212012
v -0.123937 0.829698 0.183777
v 0.210105 0.791340 0.168940
v 0.156107 0.790275 0.104287
v 0.104918 0.790286 0.049692
v 0.107422 0.790280 0.098854
v 0.096127 0.790277 0.132587
v 0.096733 0.790274 0.150699
v 0.131243 0.790277 0.105906
v 0.113535 0.790273 0.144760
v 0.069320 0.790278 0.143541
v 0.042616 0.790280 0.146816
v 0.036383 0.790282 0.134570
v 0.027251 0.790278 0.149497
v 0.054661 0.790281 0.132609
v 0.037296 0.795737 0.164087
v 0.143922 0.790275 0.109647
v 0.131024 0.790274 0.126669
v 0.080795 0.790275 0.154540
v 0.075488 0.790280 0.119572
v 0.053987 0.791311 0.159899
v 0.142412 0.790273 0.128655
v 0.123824 0.790273 0.137200
v 0.083501 0.790277 0.140079
v 0.077177 0.792989 0.166423
v 0.067668 0.790280 0.130360
v 0.067367 0.790331 0.157176
v 0.056079 0.790279 0.146438
v 0.193943 0.790272 0.096943
v 0.181726 0.790265 0.156579
v -0.114611 0.810722 0.177078
v -0.115357 0.803506 0.160879
v -0.149479 0.790302 0.116221
v -0.134174 0.790302 0.108540
v -0.113633 0.790302 0.091772
v -0.134560 0.790305 0.088256
v -0.121064 0.790301 0.103631
v -0.104496 0.790299 0.106036
v -0.090934 0.790298 0.107246
v -0.075438 0.790295 0.114955
v -0.100417 0.790301 0.093341
v -0.089660 0.790299 0.010623
v -0.102516 0.790303 0.051000
v -0.104838 0.790304 0.072302
v -0.047397 0.790296 0.088607
v -0.058375 0.790295 0.105101
v -0.130454 0.792313 0.136232
v -0.172633 0.790304 0.106856
v -0.189766 0.790303 0.141875
v -0.185607 0.791719 0.153858
v -0.160501 0.792786 0.155698
v -0.144340 0.836046 0.185722
v -0.190782 0.846165 0.188908
v -0.164371 0.833610 0.192090
v -0.163407 0.852876 0.194725
v -0.182313 0.831441 0.185820
v -0.159261 0.845290 0.191935
v -0.176452 0.845232 0.186678
v -0.183735 0.819599 0.185098
v -0.201519 0.826418 0.184822
v -0.193196 0.835344 0.184599
v -0.143180 0.821243 0.219842
v 0.200956 0.790263 0.161665
v 0.258758 0.825470 0.120125
v 0.115107 0.790277 0.116353
v 0.055746 0.790283 0.111031
v 0.041850 0.790285 0.105821
v 0.057427 0.790287 0.084787
v 0.043789 0.790287 0.090924
v 0.055109 0.790285 0.097802
v 0.179290 0.790273 0.099810
v 0.188706 0.790271 0.110163
v -0.148053 0.790304 0.088066
v -0.170720 0.790301 0.083584
v -0.073908 0.790302 0.065047
v -0.127642 0.790302 0.059028
v -0.121776 0.790305 0.076344
v -0.135169 0.790303 0.071318
v -0.044515 0.790292 0.115784
v -0.029377 0.790293 0.100293
v -0.045128 0.790294 0.102095
v -0.033570 0.790292 0.111382
v -0.067901 0.790298 0.086748
v -0.171006 0.790304 0.119881
v -0.191584 0.790303 0.112443
v -0.201514 0.790300 0.097577
v -0.192255 0.790298 0.078940
v -0.162536 0.851510 0.209586
v -0.155161 0.827716 0.208179
v -0.178959 0.852399 0.201854
v -0.171435 0.813233 0.212267
v -0.209361 0.847614 0.213941
v -0.204880 0.830567 0.217036
v -0.166588 0.823510 0.208938
v -0.183725 0.799140 0.219889
v -0.154708 0.811053 0.212475
v -0.195842 0.850535 0.204323
v -0.228091 0.833237 0.218974
v -0.144865 0.808470 0.220080
v -0.121288 0.804424 0.209268
v -0.218771 0.845035 0.191882
v -0.189662 0.841716 0.218211
v -0.232694 0.820511 0.220628
v -0.217625 0.825214 0.217531
v -0.209834 0.851990 0.200538
v -0.227134 0.852273 0.205319
v -0.236616 0.846619 0.216103
v -0.249158 0.833376 0.216092
v -0.250741 0.846990 0.213416
v -0.141193 0.835465 0.220169
v -0.127696 0.824507 0.214301
v -0.117549 0.817071 0.210046
v -0.102636 0.804869 0.221659
v -0.101299 0.821037 0.221564
v -0.081612 0.810381 0.217143
v -0.089095 0.820812 0.218127
v -0.069720 0.815535 0.214108
v 0.244006 0.793573 0.141899
v 0.118779 0.790278 0.104223
v 0.129518 0.790281 0.072525
v 0.119988 0.790280 0.086950
v 0.146840 0.790278 0.085089
v 0.109439 0.790284 0.069559
v 0.133376 0.790279 0.085460
v 0.096847 0.790279 0.114089
v 0.082235 0.790283 0.092625
v 0.070306 0.790283 0.103741
v 0.087697 0.790279 0.123096
v 0.093639 0.790281 0.100551
v 0.098567 0.790283 0.083510
v 0.069247 0.790285 0.090607
v 0.076273 0.790288 0.060671
v 0.069537 0.790287 0.074832
v 0.085586 0.790285 0.073945
v 0.052580 0.790290 0.057819
v 0.056293 0.790288 0.071093
v 0.082806 0.790281 0.108376
v 0.092245 0.790286 0.059406
v 0.110614 0.790276 0.130421
v 0.048920 0.790283 0.121501
v -0.090684 0.790304 0.063132
v -0.090629 0.790302 0.078760
v -0.113305 0.790303 0.060568
v -0.017125 0.790297 0.061297
v -0.073854 0.790297 0.100261
v -0.058139 0.790297 0.093298
v -0.056293 0.790299 0.071878
v -0.035375 0.790297 0.071417
v -0.049806 0.790304 0.028562
v -0.045702 0.790297 0.076953
v -0.057856 0.790302 0.049478
v -0.062257 0.790301 0.061013
v -0.080520 0.790304 0.041303
v -0.089696 0.790304 0.050287
v -0.191000 0.790304 0.124125
v -0.204485 0.790302 0.116557
v -0.203984 0.790296 0.072563
v -0.223555 0.790292 0.058328
v -0.229225 0.790294 0.071322
v -0.184503 0.790301 0.094312
v -0.177020 0.790297 0.062178
v -0.182689 0.812332 0.218226
v -0.184959 0.784304 0.220946
v -0.163601 0.789053 0.216939
v -0.164463 0.801903 0.213423
v -0.218171 0.827597 0.190182
v -0.231092 0.816686 0.185709
v -0.225434 0.806850 0.178706
v -0.246942 0.835144 0.180380
v -0.237567 0.825133 0.177639
v -0.237423 0.836783 0.166553
v -0.234733 0.833411 0.192436
v -0.255890 0.844284 0.191417
v -0.225250 0.833858 0.163298
v -0.235600 0.848077 0.193566
v -0.222680 0.845716 0.216495
v -0.132730 0.811607 0.214021
v -0.110785 0.780730 0.213719
v -0.089923 0.800573 0.220309
v 0.224225 0.790262 0.151311
v 0.121496 0.790284 0.056498
v 0.147962 0.790293 -0.033116
v 0.130314 0.790289 0.010402
v 0.121420 0.790287 0.032557
v 0.116650 0.790286 0.044490
v 0.045680 0.790289 0.078202
v -0.077520 0.790300 0.077726
v -0.032953 0.790295 0.085986
v -0.046149 0.790300 0.059969
v -0.065314 0.790305 0.034558
v -0.065625 0.790302 0.010479
v -0.079015 0.790302 0.024126
v -0.061060 0.790304 0.022455
v -0.099772 0.790301 0.029660
v -0.088051 0.790302 0.031996
v -0.188846 0.790297 0.066693
v -0.163689 0.790300 0.069673
v -0.154906 0.790297 0.038940
v -0.163138 0.790298 0.053276
v -0.145492 0.790300 0.056644
v -0.177354 0.790294 0.035756
v -0.175562 0.790296 0.048906
v -0.150851 0.783165 0.222695
v -0.223532 0.812980 0.167905
v -0.102287 0.790049 0.221343
v -0.112736 0.794502 0.213608
v -0.127555 0.789189 0.209389
v 0.222449 0.790266 0.118833
v 0.206923 0.790269 0.109506
v 0.207078 0.790267 0.126556
v 0.196965 0.790267 0.135195
v 0.220792 0.790264 0.135301
v 0.208896 0.790265 0.138643
v 0.231896 0.790263 0.140877
v 0.170861 0.790281 0.041188
v 0.147656 0.790282 0.053528
v 0.133441 0.790285 0.044438
v 0.135149 0.790282 0.059733
v 0.147761 0.790280 0.069324
v 0.166791 0.790279 0.061422
v 0.151139 0.790284 0.032221
v 0.136217 0.790286 0.029581
v -0.131308 0.790294 0.000914
v -0.120503 0.790300 0.037869
v -0.134675 0.790299 0.044969
v -0.136697 0.790296 0.022735
v -0.133470 0.799326 0.213451
v 0.160435 0.790281 0.049559
v 0.161864 0.790278 0.076406
v 0.184615 0.790276 0.076307
v 0.178257 0.790286 -0.001683
v -0.111817 0.790297 0.011106
v -0.107902 0.790301 0.039462
v -0.151804 0.790293 0.007850
v -0.142490 0.790297 0.034593
v -0.153070 0.790295 0.023419
v -0.164932 0.790295 0.030168
v 0.187172 0.790278 0.055086
v 0.233547 0.790272 0.068882
v 0.216434 0.790271 0.086681
v 0.207179 0.790271 0.096260
v 0.222741 0.790269 0.102094
v 0.200737 0.790273 0.080829
v 0.253014 0.796232 0.109725
v 0.235338 0.790269 0.087765
v 0.214605 0.790274 0.067813
v 0.196003 0.790276 0.066902
v 0.237292 0.790266 0.110483
v 0.240155 0.790264 0.126480
v 0.226399 0.790271 0.079141
v 0.226678 0.790279 0.017312
v 0.245766 0.791691 0.097876
v 0.225333 0.790276 0.043697
v 0.224624 0.790274 0.057840
v 0.169040 0.790284 0.018779
v -0.100661 0.790299 0.016993
v -0.125688 0.790296 0.013732
v -0.116677 0.790298 0.024327
v -0.139630 0.790294 0.010553
v -0.165072 0.790281 -0.072812
v 0.175210 0.790279 0.052627
v 0.179053 0.790277 0.064864
v 0.163808 0.790283 0.030445
v 0.197897 0.790281 0.019529
v 0.152924 0.790288 -0.000913
v -0.171133 0.790286 -0.029889
v 0.183601 0.790284 0.013079
v 0.184419 0.790281 0.030433
v 0.183376 0.790280 0.043024
v 0.204358 0.790278 0.043099
v 0.211448 0.790276 0.054648
v 0.197163 0.790280 0.032392
v 0.213990 0.790279 0.028881
v 0.152721 0.790286 0.015698
v 0.142852 0.790288 0.007206
v 0.133717 0.790292 -0.014504
v 0.165812 0.790286 0.004982
v -0.166454 0.790289 -0.008319
v -0.163730 0.790291 0.004004
v -0.146567 0.790291 -0.011793
v -0.158132 0.790289 -0.021820
v -0.119554 0.790288 -0.054404
v -0.149673 0.790286 -0.049376
v -0.157768 0.790287 -0.036665
v -0.169410 0.790283 -0.052801
v -0.121674 0.790291 -0.026011
v -0.138961 0.790289 -0.033797
v -0.157497 0.790284 -0.060999
v -0.136662 0.790285 -0.067017
v -0.245816 0.790273 -0.076744
v -0.131570 0.790292 -0.014264
v -0.112868 0.790295 -0.008573
v -0.125383 0.790289 -0.040436
v -0.089045 0.790283 -0.113361
v -0.205874 0.790278 -0.069882
v -0.119312 0.790295 0.001759
v -0.100855 0.790297 0.000478
v -0.134749 0.790287 -0.052034
v -0.109093 0.790285 -0.086349
v -0.185296 0.790280 -0.066140
v -0.119702 0.790286 -0.072049
v -0.173576 0.790282 -0.063980
v -0.186341 0.790275 -0.107512
v -0.202182 0.790282 -0.037664
v -0.180369 0.790278 -0.087158
v -0.186951 0.790282 -0.047988
v -0.197820 0.790280 -0.057677
v -0.187296 0.790284 -0.031520
v -0.176119 0.790284 -0.041559
v -0.210679 0.790287 0.002084
v -0.202399 0.790285 -0.017093
v -0.201406 0.790275 -0.091325
v -0.193283 0.790278 -0.078774
v -0.245259 0.790280 -0.025485
v -0.189130 0.790288 -0.000401
v -0.189498 0.790276 -0.095296
v -0.214216 0.790271 -0.118540
v -0.223585 0.790274 -0.084019
v -0.225363 0.790283 -0.015079
v -0.200334 0.790287 -0.004999
v -0.198184 0.790290 0.023068
v -0.187008 0.790286 -0.015931
v -0.202588 0.790273 -0.107617
v -0.193578 0.790272 -0.126630
v -0.219282 0.790272 -0.101372
v -0.213450 0.790274 -0.091015
v -0.239112 0.790271 -0.096388
v -0.213652 0.790285 -0.010383
v -0.214292 0.790282 -0.026952
v -0.223846 0.790279 -0.050536
v -0.229739 0.790281 -0.030409
v -0.215240 0.790281 -0.040492
v -0.211498 0.790279 -0.057059
v -0.224165 0.790276 -0.067272
v -0.233350 0.790274 -0.075554
v -0.187013 0.790290 0.013735
v -0.199725 0.790289 0.009576
v -0.174549 0.790287 -0.017632
v -0.151507 0.790275 -0.133029
v -0.207333 0.790269 -0.132516
v -0.254529 0.790261 -0.166970
v -0.228539 0.790265 -0.152718
v -0.215174 0.790267 -0.145573
v -0.232207 0.790267 -0.130621
v -0.232464 0.790257 -0.211979
v -0.208015 0.790036 -0.236000
v -0.197364 0.780369 -0.246660
v -0.230762 0.790270 -0.113552
v -0.249398 0.790253 -0.230026
v -0.249920 0.805904 -0.219241
v -0.214559 0.778498 -0.246675
v -0.186663 0.790259 -0.230729
v -0.243471 0.798189 -0.238387
v -0.241744 0.780235 -0.243264
v -0.261760 0.804961 -0.191092
v -0.250242 0.790255 -0.212135
v -0.204625 0.770711 -0.247908
v -0.184863 0.784816 -0.243376
v -0.196091 0.789195 -0.238237
v -0.229804 0.790560 -0.231370
v -0.228165 0.780143 -0.245535
v -0.252928 0.809463 -0.203597
v -0.257806 0.796992 -0.202134
v -0.252634 0.790287 -0.185622
v -0.220017 0.788721 -0.239960
v -0.233158 0.790262 -0.174609
v -0.207278 0.790265 -0.171279
v -0.215998 0.790265 -0.159700
v -0.242048 0.790258 -0.198353
v -0.245431 0.790260 -0.175658
v -0.240653 0.790263 -0.161358
v -0.258006 0.791242 -0.139126
v -0.242981 0.790264 -0.145300
v -0.220927 0.790260 -0.193719
v -0.255371 0.790990 -0.114355
v -0.254339 0.790262 -0.152892
v -0.259404 0.823501 -0.149282
v -0.272520 0.804382 -0.150627
v -0.243488 0.790269 -0.108922
v -0.174232 0.790271 -0.144417
v -0.158520 0.790278 -0.105511
v -0.134757 0.790281 -0.093883
v -0.131068 0.790284 -0.080235
v -0.149127 0.790282 -0.082213
v -0.148406 0.790280 -0.096226
v -0.137516 0.790278 -0.116022
v -0.163789 0.790279 -0.089504
v -0.173001 0.790277 -0.101109
v -0.168365 0.790265 -0.195339
v -0.239333 0.790255 -0.222453
v -0.216831 0.790257 -0.220500
v -0.220292 0.790259 -0.207252
v -0.194577 0.790262 -0.200600
v -0.208437 0.790261 -0.200542
v -0.209189 0.790263 -0.185783
v -0.219605 0.790263 -0.176357
v -0.200517 0.790259 -0.221573
v -0.233632 0.790260 -0.188179
v -0.261139 0.790866 -0.092229
v -0.187584 0.790271 -0.139672
v -0.173563 0.790274 -0.123918
v -0.148562 0.790283 -0.069844
v -0.151650 0.790277 -0.118514
v -0.116409 0.790281 -0.107889
v -0.121026 0.790276 -0.144277
v -0.172343 0.790262 -0.215974
v -0.249388 0.790271 -0.088660
v -0.276416 0.821497 -0.111214
v -0.275686 0.814312 -0.048002
v -0.184583 0.790273 -0.119335
v -0.164910 0.790273 -0.134748
v -0.129355 0.790280 -0.105973
v -0.134347 0.790276 -0.133097
v -0.122809 0.790279 -0.122372
v -0.104778 0.790281 -0.122012
v -0.139285 0.790273 -0.152793
v -0.157383 0.790272 -0.151584
v -0.081321 0.790280 -0.145868
v -0.113371 0.790279 -0.132788
v -0.096643 0.790280 -0.137528
v -0.148842 0.790271 -0.164771
v -0.151511 0.790268 -0.184775
v -0.172462 0.790268 -0.170706
v -0.132174 0.790268 -0.201340
v -0.161724 0.790270 -0.163804
v -0.118988 0.790269 -0.202175
v -0.124955 0.790271 -0.186272
v -0.082299 0.790282 -0.128954
v -0.100322 0.790276 -0.163285
v -0.103299 0.790273 -0.179335
v -0.138351 0.790269 -0.188895
v -0.035671 0.790290 -0.099705
v -0.049580 0.790284 -0.135846
v -0.093936 0.790278 -0.151136
v -0.080835 0.790277 -0.164606
v -0.108272 0.790277 -0.151122
v -0.118413 0.790274 -0.166435
v -0.066781 0.790282 -0.136708
v -0.130129 0.790273 -0.161653
v -0.059627 0.790286 -0.111014
v -0.057074 0.790281 -0.155721
v -0.058817 0.790285 -0.125130
v -0.041996 0.790287 -0.117238
v -0.073975 0.790284 -0.116155
v -0.068105 0.790279 -0.162471
v -0.047751 0.790288 -0.105131
v -0.071614 0.790290 -0.072180
v -0.050884 0.790291 -0.082288
v -0.073896 0.790287 -0.094087
v -0.083510 0.790294 -0.034753
v -0.104077 0.790291 -0.040069
v -0.095668 0.790295 -0.018822
v -0.006319 0.790290 -0.120604
v -0.068912 0.790281 -0.149500
v -0.095775 0.790289 -0.065373
v -0.023744 0.790290 -0.114136
v -0.106392 0.790287 -0.073276
v -0.020945 0.790287 -0.133687
v -0.031195 0.790287 -0.125096
v -0.174745 0.790662 -0.228003
v -0.187406 0.790261 -0.214358
v -0.180518 0.790263 -0.202130
v -0.186379 0.790265 -0.183420
v -0.272679 0.801004 -0.106950
v -0.268487 0.796987 -0.066971
v -0.164817 0.790267 -0.182242
v -0.148657 0.790264 -0.218392
v -0.149122 0.790266 -0.201530
v -0.159886 0.790264 -0.210092
v -0.091059 0.790276 -0.172949
v -0.115548 0.790272 -0.178506
v -0.039260 0.790283 -0.151264
v -0.036036 0.790285 -0.137918
v -0.032469 0.790281 -0.174416
v -0.029342 0.790279 -0.191480
v -0.045141 0.790281 -0.165550
v -0.045409 0.790279 -0.179624
v -0.031086 0.790283 -0.161460
v -0.010033 0.790282 -0.179264
v -0.018157 0.790283 -0.167459
v 0.013099 0.790288 -0.153731
v -0.001041 0.790285 -0.164138
v -0.012839 0.790280 -0.196329
v -0.022178 0.790281 -0.181406
v -0.003872 0.790287 -0.145177
v 0.014736 0.790286 -0.171060
v -0.001830 0.790282 -0.189449
v 0.001731 0.790280 -0.207708
v 0.008119 0.790279 -0.223018
v -0.010256 0.790277 -0.220932
v 0.003450 0.789346 -0.237710
v 0.076498 0.790294 -0.155793
v 0.012190 0.790282 -0.200662
v -0.008038 0.790567 -0.233106
v 0.058750 0.790287 -0.193173
v 0.065390 0.790285 -0.214047
v 0.044625 0.790290 -0.158927
v 0.035684 0.790286 -0.184056
v 0.026987 0.790284 -0.196808
v 0.043281 0.790285 -0.198599
v 0.035997 0.790283 -0.212109
v 0.050776 0.790284 -0.211514
v 0.028070 0.790289 -0.160768
v 0.022743 0.790285 -0.181516
v 0.047707 0.790282 -0.223240
v 0.037346 0.790288 -0.170506
v 0.055880 0.790289 -0.174217
v 0.048586 0.790287 -0.185042
v 0.060691 0.790292 -0.158718
v 0.079399 0.790291 -0.180224
v 0.051986 0.790299 -0.095656
v 0.066380 0.790289 -0.182303
v 0.062992 0.790296 -0.126225
v 0.070627 0.790292 -0.168740
v 0.065989 0.790294 -0.142760
v 0.033627 0.790293 -0.131270
v 0.049687 0.790294 -0.137294
v 0.035108 0.790291 -0.146783
v 0.021207 0.790290 -0.140509
v 0.015449 0.790293 -0.119394
v -0.064491 0.790289 -0.084125
v -0.059166 0.790288 -0.097076
v -0.071840 0.790298 -0.013255
v -0.085705 0.790298 -0.005012
v -0.077646 0.790300 0.005293
v -0.095477 0.790293 -0.031267
v -0.108897 0.790293 -0.021682
v -0.087020 0.790288 -0.081413
v -0.089551 0.790285 -0.097260
v -0.101799 0.790283 -0.105502
v -0.105236 0.790289 -0.054375
v -0.089307 0.790291 -0.050205
v -0.066782 0.790294 -0.050150
v -0.082031 0.790291 -0.062465
v -0.078127 0.790293 -0.045717
v -0.197233 0.790263 -0.188420
v -0.190210 0.790267 -0.165018
v -0.184375 0.790269 -0.153000
v -0.202295 0.790267 -0.159136
v -0.264203 0.792100 -0.104604
v -0.269162 0.795337 -0.124680
v -0.269921 0.798240 -0.138442
v -0.277190 0.811381 -0.127313
v -0.276353 0.809325 -0.114959
v -0.272249 0.835548 -0.132138
v -0.276283 0.825000 -0.124495
v -0.267952 0.819613 -0.136661
v -0.260034 0.790506 -0.077727
v -0.275625 0.806392 -0.084923
v -0.009392 0.790286 -0.155692
v -0.008288 0.790289 -0.133207
v 0.086226 0.790289 -0.204029
v 0.073628 0.790288 -0.195784
v 0.002201 0.790297 -0.076837
v -0.007893 0.790293 -0.097550
v -0.012152 0.790291 -0.109401
v 0.034906 0.790296 -0.109383
v 0.047234 0.790295 -0.120645
v 0.047609 0.790297 -0.107779
v -0.082464 0.790296 -0.021359
v -0.055243 0.790293 -0.064476
v -0.021927 0.790301 -0.025777
v -0.025776 0.790295 -0.067043
v -0.042127 0.790297 -0.042082
v -0.040850 0.790293 -0.070542
v -0.043543 0.790295 -0.056371
v -0.029667 0.790293 -0.083711
v -0.040566 0.790291 -0.088613
v -0.014086 0.790295 -0.078731
v -0.022029 0.790292 -0.095862
v -0.064827 0.790296 -0.031124
v -0.270695 0.798508 -0.094591
v -0.276841 0.813799 -0.098138
v -0.269520 0.857692 -0.080962
v -0.271715 0.836766 -0.092852
v -0.274536 0.826076 -0.099389
v -0.276845 0.813649 -0.066851
v -0.273987 0.805336 -0.057874
v -0.266493 0.794313 -0.036928
v -0.275104 0.824190 -0.080747
v -0.271884 0.841045 -0.075529
v -0.273927 0.832400 -0.057027
v -0.276426 0.820983 -0.057207
v -0.274265 0.830434 -0.069528
v 0.007417 0.790290 -0.133057
v 0.078305 0.791213 -0.214572
v 0.003949 0.790293 -0.108308
v 0.007553 0.790295 -0.092316
v 0.031270 0.790300 -0.075221
v 0.016946 0.790298 -0.080308
v 0.029286 0.790297 -0.092734
v 0.018832 0.790295 -0.104225
v 0.041828 0.790300 -0.085229
v 0.077654 0.790300 -0.036608
v 0.069542 0.790304 -0.068206
v 0.057629 0.790302 -0.079891
v 0.047962 0.790304 -0.057984
v 0.044685 0.790302 -0.071556
v 0.088376 0.790302 -0.099738
v 0.056858 0.790303 -0.067115
v 0.070639 0.790301 -0.093537
v 0.094189 0.790299 -0.130226
v 0.085131 0.790304 -0.080231
v 0.074332 0.790299 -0.111667
v 0.081806 0.790296 -0.140520
v 0.089392 0.790300 -0.115359
v 0.135748 0.790303 -0.104192
v 0.078836 0.790298 -0.125887
v 0.113848 0.790303 -0.115375
v 0.101593 0.790301 -0.119507
v 0.060561 0.790298 -0.112542
v 0.027994 0.790294 -0.120030
v -0.045413 0.790300 -0.013399
v -0.055913 0.790296 -0.041821
v -0.050036 0.790298 -0.027858
v -0.058606 0.790299 -0.017007
v -0.036186 0.790300 -0.024454
v -0.055823 0.790301 -0.001683
v -0.031841 0.790305 0.009179
v -0.042137 0.790302 0.000017
v -0.048921 0.790304 0.013515
v -0.025798 0.790303 -0.007982
v -0.005629 0.790302 0.008836
v -0.018812 0.790304 0.004146
v -0.004796 0.790304 -0.012733
v -0.016393 0.790303 -0.015259
v -0.270306 0.845687 -0.011569
v 0.072355 0.790303 -0.080774
v 0.090550 0.790302 -0.056828
v 0.113650 0.790303 -0.085408
v -0.067885 0.790300 -0.001874
v 0.005468 0.790301 -0.044042
v 0.017943 0.790300 -0.060001
v -0.273169 0.833866 -0.033041
v 0.082601 0.790304 -0.067291
v 0.098462 0.790305 -0.087994
v 0.099199 0.790303 -0.071196
v 0.108332 0.790304 -0.100449
v 0.122772 0.790304 -0.097119
v 0.145948 0.790298 -0.069267
v 0.137348 0.790301 -0.085697
v 0.120603 0.790298 -0.048319
v 0.125753 0.790300 -0.069094
v 0.168436 0.790299 -0.091554
v 0.106747 0.790300 -0.056771
v 0.151440 0.790301 -0.096132
v 0.101762 0.790297 -0.032746
v 0.112384 0.790301 -0.068977
v 0.156606 0.790298 -0.081024
v 0.175770 0.790293 -0.052743
v 0.174625 0.790296 -0.072615
v 0.164223 0.790301 -0.110419
v 0.108452 0.790298 -0.043873
v 0.120666 0.790295 -0.028838
v -0.005094 0.790302 -0.030162
v -0.015118 0.790299 -0.048812
v -0.029857 0.790297 -0.050731
v -0.029522 0.790299 -0.037062
v -0.007667 0.790298 -0.063582
v -0.015662 0.790300 -0.036461
v 0.005444 0.790299 -0.064067
v 0.031590 0.790305 -0.036312
v 0.014472 0.790305 -0.026100
v 0.033023 0.790302 -0.060163
v 0.025675 0.790303 -0.048687
v -0.274986 0.827402 -0.044961
v 0.125560 0.790302 -0.081654
v 0.136005 0.790297 -0.055461
v 0.133831 0.790295 -0.039897
v 0.136490 0.790293 -0.027174
v 0.155670 0.790295 -0.051643
v 0.262368 0.791820 -0.067888
v 0.206095 0.790295 -0.093477
v 0.142842 0.790300 -0.159724
v 0.105932 0.790293 -0.004471
v 0.017711 0.790301 -0.000851
v 0.017350 0.790303 -0.038762
v 0.166619 0.790292 -0.036144
v 0.159970 0.790290 -0.018438
v 0.200335 0.790287 -0.028358
v 0.147316 0.790291 -0.013407
v 0.179307 0.790289 -0.021220
v 0.165172 0.790295 -0.062107
v 0.187532 0.790296 -0.087327
v 0.158050 0.790304 -0.136948
v 0.118348 0.790293 -0.013552
v 0.105033 0.790295 -0.018777
v 0.119367 0.790291 0.000897
v 0.080056 0.790297 -0.010152
v 0.105079 0.790291 0.017601
v 0.104723 0.790289 0.033643
v 0.093765 0.790295 -0.010945
v 0.086082 0.790298 -0.024021
v 0.088084 0.790294 0.007774
v 0.082250 0.790290 0.038477
v 0.083394 0.790289 0.050747
v 0.094751 0.790289 0.041678
v 0.091031 0.790291 0.025168
v 0.003719 0.790303 -0.001533
v 0.011168 0.790304 -0.012881
v 0.032506 0.790302 -0.015402
v 0.170808 0.790288 -0.011909
v 0.194649 0.790286 -0.010578
v 0.196050 0.790284 0.004502
v 0.211636 0.790281 0.010232
v 0.233791 0.790283 -0.017138
v 0.214172 0.790284 -0.014145
v 0.207472 0.790283 -0.002507
v 0.225892 0.790281 -0.000599
v 0.185421 0.790290 -0.037872
v 0.210224 0.790291 -0.060300
v 0.193580 0.790291 -0.053800
v 0.207015 0.790289 -0.043792
v 0.196296 0.790293 -0.071613
v 0.184109 0.790293 -0.063206
v 0.236548 0.790286 -0.046647
v 0.212553 0.790293 -0.077445
v 0.221364 0.790288 -0.049596
v 0.220365 0.790286 -0.031334
v 0.232953 0.790289 -0.068565
v 0.220427 0.790291 -0.067645
v 0.191723 0.790298 -0.105874
v 0.255307 0.790300 -0.165671
v 0.177833 0.790300 -0.107221
v 0.226939 0.790298 -0.132326
v 0.212277 0.790297 -0.115234
v 0.204175 0.790297 -0.105808
v 0.196853 0.790300 -0.121820
v 0.210162 0.790300 -0.131932
v 0.216990 0.790304 -0.169734
v 0.217823 0.790301 -0.149993
v 0.166158 0.790303 -0.124780
v 0.146780 0.790304 -0.120704
v 0.147580 0.790303 -0.108135
v 0.119063 0.790289 0.018688
v 0.100208 0.790293 0.006319
v 0.026348 0.790304 -0.025654
v 0.050597 0.790296 0.017803
v 0.070859 0.790294 0.021253
v 0.054729 0.790301 -0.026685
v 0.235188 0.790285 -0.031874
v 0.272711 0.819021 -0.020419
v 0.264380 0.795175 -0.036780
v 0.249581 0.790284 -0.037982
v 0.255718 0.790527 -0.016968
v 0.258783 0.790818 -0.051724
v 0.244600 0.790280 -0.001826
v 0.247566 0.790287 -0.062748
v 0.268193 0.805638 0.007436
v 0.260485 0.794327 -0.001693
v 0.252718 0.791427 0.023893
v 0.269513 0.806442 -0.009454
v 0.260093 0.795240 0.012412
v 0.269353 0.804314 -0.025058
v 0.234367 0.790293 -0.097056
v 0.246817 0.790290 -0.082150
v 0.220905 0.790293 -0.090098
v 0.221978 0.790295 -0.104487
v 0.237250 0.790295 -0.116024
v 0.239941 0.790299 -0.150033
v 0.184289 0.790304 -0.159074
v 0.177163 0.790304 -0.140862
v 0.194310 0.790302 -0.138948
v 0.137286 0.790302 -0.139594
v 0.129953 0.790303 -0.120184
v 0.036766 0.790299 0.003765
v 0.057929 0.790293 0.037609
v 0.071534 0.790296 0.004378
v 0.062482 0.790298 -0.010815
v 0.071120 0.790299 -0.023070
v 0.047539 0.790300 -0.013390
v 0.052747 0.790298 0.001892
v 0.040990 0.790302 -0.026174
v 0.232791 0.790291 -0.082597
v 0.224606 0.790297 -0.119475
v 0.276051 0.811919 -0.113183
v 0.228996 0.790300 -0.144485
v 0.245242 0.790296 -0.132418
v 0.262816 0.790888 -0.113601
v 0.259628 0.790297 -0.146049
v 0.250487 0.790294 -0.119668
v 0.249942 0.790292 -0.102977
v 0.263204 0.790895 -0.130033
v 0.268362 0.797135 -0.090848
v 0.272685 0.799652 -0.121717
v 0.276784 0.831446 -0.157052
v 0.277503 0.818183 -0.136686
v 0.276650 0.811146 -0.125960
v 0.262621 0.791236 -0.100660
v 0.272538 0.801097 -0.104189
v 0.275263 0.799986 -0.141676
v 0.274719 0.813291 -0.154199
v 0.285237 0.814627 -0.190317
v 0.273428 0.794741 -0.160206
v 0.277655 0.819141 -0.172658
v 0.236259 0.790302 -0.169037
v 0.202308 0.790304 -0.159514
v 0.193639 0.790304 -0.151134
v 0.163585 0.790302 -0.157042
v 0.147065 0.790304 -0.132644
v 0.148590 0.790302 -0.147128
v 0.110394 0.790297 -0.158498
v 0.093795 0.790296 -0.153252
v 0.106595 0.790298 -0.141814
v 0.096834 0.790294 -0.172226
v 0.084201 0.790293 -0.167148
v 0.117971 0.790301 -0.130680
v 0.122272 0.790299 -0.146766
v 0.126392 0.790298 -0.162986
v 0.140351 0.790295 -0.194983
v 0.137350 0.790297 -0.177180
v 0.154668 0.790299 -0.172718
v 0.118258 0.790293 -0.190242
v 0.130475 0.790295 -0.187785
v 0.114388 0.790295 -0.174380
v 0.023569 0.790298 0.017653
v 0.009099 0.790300 0.012761
v 0.059763 0.790294 0.025740
v 0.065323 0.790290 0.050555
v 0.070171 0.790292 0.034043
v 0.276796 0.842258 -0.081003
v 0.276366 0.820504 -0.090987
v 0.250973 0.790299 -0.154553
v 0.260596 0.790340 -0.081487
v 0.271012 0.792548 -0.187066
v 0.281399 0.842499 -0.177729
v 0.274339 0.806902 -0.166766
v 0.274673 0.794739 -0.173843
v 0.280720 0.806248 -0.179542
v 0.226479 0.790302 -0.160054
v 0.226700 0.790302 -0.207931
v 0.174584 0.790304 -0.152487
v 0.093563 0.790291 -0.188786
v 0.106261 0.790293 -0.185045
v 0.099281 0.790290 -0.200917
v 0.032532 0.790295 0.041697
v 0.037077 0.790297 0.017301
v 0.277132 0.862116 -0.069713
v 0.248815 0.790303 -0.187142
v 0.278706 0.832204 -0.170061
v 0.283127 0.828456 -0.184036
v 0.283798 0.841114 -0.193620
v 0.283350 0.846592 -0.206491
v 0.279262 0.857218 -0.210791
v 0.226835 0.790304 -0.187474
v 0.023160 0.790297 0.031417
v 0.046218 0.790293 0.045167
v 0.043578 0.790295 0.030635
v 0.036206 0.790292 0.056995
v 0.009695 0.790294 0.060711
v 0.023594 0.790293 0.062887
v 0.017061 0.790295 0.046369
v 0.013843 0.790291 0.082131
v 0.277422 0.873107 -0.063418
v 0.277737 0.874328 -0.079103
v 0.278245 0.865428 -0.107355
v 0.278082 0.873674 -0.094416
v 0.278498 0.888608 -0.106518
v 0.277659 0.855965 -0.092310
v 0.277962 0.838960 -0.113368
v 0.277896 0.826762 -0.123422
v 0.278412 0.848831 -0.137594
v 0.278179 0.833485 -0.137193
v 0.278278 0.841335 -0.126492
v 0.278289 0.853869 -0.117557
v 0.277905 0.849454 -0.104458
v 0.278629 0.870626 -0.124824
v 0.277335 0.834851 -0.097969
v 0.277326 0.825388 -0.108635
v 0.277204 0.854765 -0.079870
v 0.278506 0.877282 -0.113403
v 0.279305 0.878648 -0.151349
v 0.278513 0.858693 -0.129472
v 0.278903 0.869604 -0.139567
v 0.279017 0.883382 -0.138430
v 0.246965 0.790302 -0.174989
v 0.254873 0.800873 -0.216856
v 0.226715 0.790304 -0.175858
v 0.237660 0.790304 -0.197320
v 0.253388 0.790992 -0.203454
v 0.259780 0.790303 -0.192488
v 0.241236 0.790302 -0.216721
v 0.244010 0.786637 -0.242673
v 0.222348 0.790298 -0.230493
v 0.244808 0.797267 -0.230140
v 0.257460 0.775298 -0.246582
v 0.229140 0.790300 -0.219846
v 0.233443 0.792091 -0.237579
v 0.225128 0.773939 -0.249344
v 0.242458 0.770568 -0.246675
v 0.265528 0.790302 -0.232610
v 0.209530 0.776295 -0.246587
v 0.236318 0.756613 -0.246678
v 0.220652 0.752731 -0.247062
v 0.256576 0.788774 -0.239958
v 0.214563 0.787504 -0.241346
v 0.225637 0.784965 -0.244638
v 0.188526 0.790299 -0.199178
v 0.191311 0.790296 -0.220598
v 0.192466 0.790302 -0.178346
v 0.204186 0.790304 -0.172400
v 0.027090 0.790290 0.083706
v -0.003237 0.790294 0.074115
v -0.014514 0.790293 0.088933
v -0.003728 0.790295 0.060677
v -0.011751 0.790299 0.039075
v -0.017664 0.790302 0.022074
v -0.017082 0.790295 0.075223
v -0.017303 0.790292 0.100756
v 0.002454 0.790297 0.043542
v -0.004371 0.790300 0.027066
v -0.031473 0.790301 0.036315
v -0.043511 0.790301 0.045205
v -0.031438 0.790299 0.055076
v -0.020256 0.790299 0.048716
v 0.012827 0.790289 0.099629
v 0.000777 0.790291 0.090045
v 0.278456 0.906228 -0.096051
v 0.282214 0.800515 -0.214190
v 0.268294 0.803480 -0.202240
v 0.209053 0.790301 -0.198422
v 0.170603 0.790295 -0.213240
v 0.207491 0.790298 -0.223784
v 0.202080 0.790299 -0.211037
v 0.171829 0.790299 -0.185637
v 0.169638 0.790301 -0.170737
v 0.182107 0.790302 -0.171499
v -0.031208 0.790303 0.022747
v 0.278371 0.894585 -0.096573
v 0.278294 0.931611 -0.087232
v 0.268524 0.793992 -0.218218
v 0.279754 0.797402 -0.228380
v 0.280944 0.810845 -0.225408
v 0.285056 0.817732 -0.208521
v 0.284877 0.832117 -0.205537
v 0.282634 0.824202 -0.220561
v 0.280956 0.800610 -0.193898
v 0.286543 0.805968 -0.203521
v 0.220911 0.790302 -0.197943
v 0.198754 0.790301 -0.190115
v 0.212703 0.790303 -0.184115
v 0.183208 0.790297 -0.211071
v 0.178383 0.790295 -0.223970
v 0.162048 0.791152 -0.225106
v 0.150865 0.790294 -0.210193
v 0.131696 0.790291 -0.217295
v 0.126674 0.790293 -0.202861
v 0.157163 0.790297 -0.194347
v 0.139167 0.790293 -0.207280
v 0.148729 0.790297 -0.184600
v 0.169820 0.790297 -0.199426
v 0.184019 0.790300 -0.187684
v 0.278392 0.916986 -0.086288
v 0.278609 0.923818 -0.100902
v 0.278894 0.910529 -0.118247
v 0.278639 0.913038 -0.106326
v 0.117399 0.790289 -0.222797
v 0.103884 0.789138 -0.238530
v 0.279430 0.924256 -0.131358
v 0.292047 0.950591 -0.139097
v 0.282994 0.945095 -0.153463
v 0.280690 0.940654 -0.130442
v 0.280314 0.933839 -0.143251
v 0.278976 0.902056 -0.128330
v 0.115456 0.777490 -0.246603
v 0.101137 0.761365 -0.247215
v 0.101552 0.777690 -0.246605
v 0.112030 0.766078 -0.247319
v 0.091789 0.753743 -0.247106
v 0.090337 0.789334 -0.237790
v 0.097697 0.790287 -0.223427
v -0.069067 0.765374 0.218710
v -0.074793 0.751449 0.221022
v -0.089486 0.766440 0.222827
v -0.100078 0.775935 0.221376
v -0.110712 0.758690 0.212486
v -0.079011 0.775876 0.219917
v -0.121093 0.769753 0.209364
v -0.107637 0.742823 0.213939
v -0.099188 0.753271 0.219388
v -0.282453 0.908326 -0.257730
v -0.235196 0.857953 -0.194497
v -0.238662 0.881697 -0.197699
v -0.301269 0.880058 -0.124796
v -0.301244 0.881060 -0.111377
v -0.302353 0.899796 -0.115844
v -0.301392 0.892489 -0.125955
v -0.305493 0.925090 -0.107380
v -0.304053 0.913963 -0.116439
v -0.304658 0.907688 -0.102117
v -0.314416 0.913835 -0.163850
v -0.319080 0.894328 -0.158154
v -0.312346 0.897901 -0.175894
v -0.308781 0.906243 -0.147964
v -0.304382 0.903073 -0.137377
v -0.317652 0.889994 -0.169119
v 0.293806 0.813914 0.220987
v 0.313911 0.717468 0.156634
v 0.313425 0.732100 0.157408
v 0.307488 0.712383 0.165934
v 0.357268 0.828195 -0.181083
v 0.353915 0.838727 -0.187438
v -0.344086 0.857122 0.158552
v -0.347744 0.844452 0.160904
v -0.326126 0.856265 0.161488
v -0.340983 0.859307 0.146564
v -0.336057 0.849784 0.164605
v -0.308309 0.864071 0.154077
v -0.300532 0.854406 0.153366
v -0.334917 0.876258 0.162006
v -0.316530 0.853851 0.154912
v -0.295543 0.873404 0.159609
v -0.299766 0.903817 0.160133
v -0.296697 0.898175 0.170421
v -0.296290 0.888803 0.160611
v -0.316399 0.888652 0.158271
v -0.306194 0.879756 0.155793
v -0.340591 0.869083 0.154877
v -0.321375 0.872402 0.159605
v -0.320252 0.856431 0.135991
v -0.309563 0.849941 0.130663
v -0.305654 0.938865 -0.014399
v -0.306422 0.908644 -0.021524
v -0.304854 0.893795 -0.028023
v -0.310798 0.895672 -0.012989
v -0.301691 0.908671 -0.041696
v -0.304301 0.897324 0.028478
v -0.309546 0.918628 0.005413
v -0.312892 0.893167 0.008663
v -0.310431 0.909826 -0.007077
v -0.308241 0.925116 -0.008206
v -0.311140 0.869723 0.017246
v -0.315478 0.859219 0.010372
v -0.308174 0.855708 0.023781
v -0.315948 0.872516 0.003309
v -0.301274 0.873830 0.040342
v -0.305026 0.867704 0.029051
v -0.304590 0.882503 0.028787
v -0.310498 0.883045 0.016949
v -0.300477 0.896401 -0.048569
v -0.304042 0.926528 -0.030800
v -0.308831 0.906914 0.016345
v -0.302613 0.929364 0.041483
v -0.311586 0.904893 0.004259
v -0.303099 0.915014 0.031073
v -0.300476 0.901558 0.055334
v -0.305306 0.934195 0.020530
v -0.305757 0.939047 0.003482
v -0.301187 0.914466 0.046399
v -0.301348 0.901391 0.041428
v -0.303613 0.923233 0.072693
v -0.300228 0.887165 0.048755
v -0.301941 0.926189 0.057111
v -0.301857 0.913236 0.063025
v -0.305365 0.935329 0.067026
v -0.302512 0.900121 0.086344
v -0.303184 0.945399 0.050677
v -0.303194 0.909784 0.076368
v -0.306970 0.920473 0.018747
v -0.303569 0.927009 0.029949
v -0.280007 0.954584 0.023194
v -0.301463 0.887251 0.076730
v -0.303326 0.944789 0.033642
v -0.278329 0.954431 0.051423
v -0.285368 0.954124 -0.004255
v -0.300894 0.887120 0.090165
v -0.306923 0.901999 0.129056
v -0.301208 0.899273 0.108344
v -0.304609 0.922807 0.098079
v -0.304936 0.942688 0.088001
v -0.300360 0.889524 0.062890
v -0.291982 0.954247 0.041548
v -0.298449 0.947709 -0.004960
v -0.295657 0.952411 0.013158
v -0.300153 0.880912 0.115593
v -0.292253 0.954454 0.056253
v -0.278619 0.954252 0.037281
v -0.267196 0.945363 0.043700
v -0.266047 0.943319 0.067428
v -0.264539 0.937629 0.054482
v -0.280365 0.955589 0.073355
v -0.282431 0.954965 0.009469
v -0.263931 0.932614 0.010963
v -0.268455 0.947015 -0.000328
v -0.263684 0.938648 0.027576
v -0.302434 0.946303 0.021487
v -0.265377 0.910905 -0.036231
v -0.271580 0.948659 -0.040262
v -0.264693 0.925972 -0.014665
v -0.273387 0.951256 -0.020100
v -0.293766 0.952292 -0.024314
v -0.264495 0.933964 -0.003234
v -0.265253 0.940062 -0.016425
v -0.299429 0.862117 0.048952
v -0.303627 0.914490 -0.031284
v -0.306024 0.921149 -0.019879
v -0.327319 0.897766 0.145447
v -0.302917 0.908606 0.097529
v -0.302651 0.916755 0.116346
v -0.304576 0.928811 0.085420
v -0.299904 0.886951 0.103617
v -0.302653 0.893168 0.120407
v -0.313030 0.877794 0.133166
v -0.273250 0.952862 0.063117
v -0.294024 0.954415 0.083305
v -0.267547 0.947328 0.109338
v -0.264294 0.925570 0.099096
v -0.265388 0.917461 0.109826
v -0.265225 0.935127 0.126044
v -0.276677 0.954677 0.093242
v -0.264971 0.913759 0.093170
v -0.292814 0.953696 0.027881
v -0.284429 0.953435 -0.016256
v -0.281816 0.953897 -0.032111
v -0.301301 0.946750 -0.069694
v -0.298892 0.947662 -0.046715
v -0.304126 0.941835 -0.029060
v -0.334232 0.884517 0.149981
v -0.329708 0.894555 0.160196
v -0.323754 0.884826 0.140139
v -0.316761 0.896513 0.137146
v -0.319058 0.929597 0.153919
v -0.315039 0.917207 0.139655
v -0.326620 0.912693 0.153242
v -0.312824 0.912094 0.157856
v -0.309340 0.899155 0.157429
v -0.303870 0.916160 0.087252
v -0.303647 0.871465 0.125345
v -0.322811 0.869629 0.138383
v -0.264958 0.933966 0.111687
v -0.266255 0.926341 0.154278
v -0.266532 0.909634 0.163646
v -0.297978 0.953875 0.121640
v -0.297242 0.953726 0.102189
v -0.264835 0.941146 0.091597
v -0.263353 0.928081 0.085752
v -0.269081 0.949985 0.080955
v -0.304007 0.925518 -0.058554
v -0.308747 0.889503 0.130882
v -0.307056 0.915646 0.129075
v -0.307689 0.936810 0.131879
v -0.265861 0.925171 0.137426
v -0.267048 0.910239 0.138239
v -0.267465 0.905841 0.150007
v -0.265891 0.932477 0.181640
v -0.264699 0.916288 0.184109
v -0.265884 0.921370 0.172374
v -0.267710 0.926299 0.193737
v -0.290155 0.940324 0.192971
v -0.290534 0.927909 0.203829
v -0.303816 0.929161 0.187668
v -0.295110 0.953083 0.164924
v -0.304561 0.931842 0.161713
v -0.296667 0.944902 0.179363
v -0.303581 0.917515 0.158933
v -0.302269 0.922420 0.171497
v -0.277153 0.946156 0.179592
v -0.303243 0.941240 0.169869
v -0.305091 0.932616 0.178375
v -0.265552 0.938896 0.167726
v -0.267652 0.947710 0.147940
v -0.266192 0.938769 0.155099
v -0.265354 0.937652 0.138820
v -0.274012 0.952819 0.164530
v -0.263761 0.901563 0.172312
v -0.305693 0.936969 0.112549
v -0.282530 0.957142 0.112820
v -0.281557 0.957075 0.134739
v -0.285800 0.956908 0.101044
v -0.286919 0.957581 0.124027
v -0.272060 0.953632 0.123025
v -0.301958 0.912882 -0.054246
v -0.302732 0.923582 -0.044667
v -0.312928 0.929905 0.142574
v -0.303320 0.946633 0.149199
v -0.303985 0.928219 0.123201
v -0.304736 0.943750 0.122254
v -0.302225 0.948466 0.111337
v -0.305365 0.936039 0.099427
v -0.283479 0.957281 0.151788
v -0.293530 0.955283 0.142142
v -0.302540 0.936491 -0.041261
v -0.312154 0.939359 0.157394
v -0.149050 0.753929 -0.247939
v -0.164166 0.765718 -0.248114
v -0.169590 0.779903 -0.246656
v -0.155753 0.782254 -0.243878
v -0.139923 0.789904 -0.235669
v -0.126750 0.782153 -0.243351
v -0.152090 0.765671 -0.247672
v -0.126880 0.790414 -0.232906
v -0.112444 0.788823 -0.239621
v -0.139635 0.743939 -0.247954
v -0.156062 0.742902 -0.247872
v -0.152520 0.790770 -0.231188
v 0.255292 0.849029 0.230961
v 0.264656 0.864388 0.192999
v 0.280212 0.853098 0.208545
v 0.282002 0.861779 0.219304
v 0.283008 0.846256 0.222630
v 0.268806 0.859009 0.221148
v 0.266945 0.847668 0.225998
v 0.269861 0.863770 0.207010
v 0.237027 0.857250 0.197186
v 0.252904 0.851333 0.210276
v 0.254399 0.859748 0.221926
v 0.245366 0.843599 0.236867
v 0.224402 0.817199 0.180743
v 0.199048 0.833008 0.187537
v 0.187874 0.828819 0.197029
v 0.202347 0.810826 0.192248
v 0.196521 0.808460 0.182352
v 0.255580 0.843287 0.189031
v 0.242563 0.804652 0.171981
v 0.212112 0.796834 0.185412
v 0.217305 0.809021 0.189757
v 0.210459 0.822105 0.185799
v 0.233514 0.804565 0.186272
v 0.221008 0.845611 0.180300
v 0.218268 0.829915 0.177682
v 0.236589 0.836006 0.189948
v 0.226723 0.796066 0.172824
v 0.246825 0.820727 0.184338
v 0.237016 0.795887 0.159386
v 0.221413 0.791595 0.163243
v 0.234796 0.816587 0.189136
v 0.248621 0.851033 0.197946
v 0.262564 0.851430 0.198992
v 0.242887 0.849293 0.186037
v 0.247791 0.835491 0.173116
v 0.265212 0.826155 0.153741
v 0.241361 0.830071 0.181208
v 0.257101 0.816754 0.168378
v 0.252655 0.805149 0.154220
v 0.259597 0.815293 0.156362
v 0.254966 0.820400 0.138300
v 0.253940 0.804993 0.138917
v 0.259095 0.827263 0.178155
v 0.268078 0.860502 0.163006
v 0.263994 0.845232 0.173747
v 0.253204 0.798609 0.125028
v 0.260054 0.809847 0.114894
v 0.255189 0.812186 0.127397
v 0.272514 0.835403 0.073097
v 0.268060 0.825738 0.096353
v 0.262139 0.804995 0.091612
v 0.264271 0.821061 0.108460
v 0.260287 0.804552 0.103810
v 0.252905 0.794005 0.076142
v 0.241589 0.790622 0.077571
v 0.250935 0.848505 0.176737
v 0.274983 0.842621 0.158109
v 0.268284 0.817780 0.078995
v 0.254187 0.795550 0.088733
v 0.251741 0.792268 0.049984
v 0.237536 0.790274 0.051482
v 0.243322 0.790275 0.036707
v 0.238968 0.790277 0.023646
v 0.246054 0.790278 0.011876
v 0.234484 0.790280 0.008059
v 0.267949 0.832408 0.166723
v 0.267922 0.892432 0.127410
v 0.259676 0.846569 0.136882
v 0.270621 0.829502 0.084361
v 0.272388 0.862922 0.102661
v 0.271549 0.844570 0.096373
v 0.265427 0.838378 0.111068
v 0.275777 0.860819 0.077416
v 0.259227 0.839656 0.123985
v 0.256868 0.833404 0.135429
v 0.262774 0.860995 0.121550
v 0.274286 0.856596 0.090299
v 0.274115 0.847395 0.079830
v 0.263047 0.804304 0.077186
v 0.268680 0.813188 0.051682
v 0.260162 0.798579 0.062260
v 0.267079 0.811983 0.065865
v 0.268083 0.807144 0.029930
v 0.271177 0.826096 0.060415
v 0.246891 0.790868 0.063516
v 0.266245 0.839031 0.147117
v 0.274595 0.867347 0.146701
v 0.269792 0.853289 0.145376
v 0.279285 0.856967 0.155401
v 0.262775 0.864067 0.136891
v 0.266506 0.881264 0.139980
v 0.264801 0.876712 0.124789
v 0.273844 0.884754 0.107529
v 0.283633 0.900816 0.174435
v 0.280161 0.887355 0.156232
v 0.280717 0.872299 0.164614
v 0.275244 0.879568 0.147749
v 0.273395 0.871877 0.175553
v 0.281459 0.886102 0.170969
v 0.267767 0.873116 0.163960
v 0.257032 0.864988 0.176293
v 0.268637 0.862797 0.180839
v 0.278907 0.870109 0.194899
v 0.274307 0.857355 0.195861
v 0.280259 0.873072 0.208602
v 0.267242 0.852612 0.110564
v 0.269581 0.872836 0.112384
v 0.278877 0.930344 0.109619
v 0.292372 0.955754 0.115480
v 0.308039 0.955008 0.117176
v 0.302732 0.956586 0.101956
v 0.276695 0.876328 0.089836
v 0.274631 0.919014 0.149656
v 0.270873 0.899837 0.145399
v 0.255319 0.857083 0.187580
v 0.271909 0.888485 0.187721
v 0.276033 0.907860 0.113706
v 0.274300 0.874448 0.100982
v 0.276887 0.874743 0.076011
v 0.279864 0.904149 0.158969
v 0.269979 0.883839 0.176527
v 0.278625 0.878159 0.185270
v 0.278670 0.883553 0.198542
v 0.276091 0.913111 0.196444
v 0.276005 0.902138 0.207645
v 0.273907 0.899115 0.195513
v 0.283874 0.922502 0.207819
v 0.287056 0.941585 0.175460
v 0.279972 0.922611 0.172579
v 0.282062 0.931166 0.190787
v 0.295578 0.933776 0.199810
v 0.279477 0.932872 0.179085
v 0.278361 0.920241 0.185236
v 0.315875 0.933907 0.189523
v 0.273012 0.895377 0.116171
v 0.272165 0.910762 0.131651
v 0.276667 0.922764 0.123018
v 0.279718 0.944150 0.127892
v 0.297546 0.957483 0.142649
v 0.306395 0.955832 0.131473
v 0.315736 0.949372 0.148380
v 0.277969 0.899708 0.091727
v 0.278606 0.935722 0.159879
v 0.287454 0.953847 0.158834
v 0.276571 0.934253 0.141666
v 0.279691 0.943954 0.151283
v 0.274464 0.921893 0.138324
v 0.279496 0.917092 0.160877
v 0.317648 0.919373 0.196389
v 0.319228 0.935144 0.172776
v 0.300896 0.945054 0.186361
v 0.280760 0.945892 0.112366
v 0.280886 0.939350 0.089650
v 0.289638 0.954634 0.130325
v 0.285430 0.951138 0.142716
v 0.318584 0.943882 0.138489
v 0.277109 0.887944 0.096037
v 0.304137 0.956049 0.158020
v 0.299041 0.951436 0.171137
v 0.316797 0.945939 0.162042
v 0.311038 0.945725 0.177502
v 0.315599 0.927034 0.180504
v 0.322594 0.921533 0.174601
v 0.330031 0.875080 -0.199226
v 0.317749 0.883793 -0.201037
v 0.329620 0.907818 -0.183130
v 0.332566 0.895126 -0.197525
v 0.330513 0.883456 -0.169097
v 0.319833 0.899449 -0.200325
v 0.319545 0.922182 -0.203940
v 0.340146 0.883356 -0.189792
v 0.338908 0.872606 -0.175653
v 0.325920 0.866057 -0.164599
v 0.311500 0.885068 -0.146491
v 0.313092 0.869034 -0.153315
v 0.317692 0.882320 -0.160396
v 0.321072 0.901858 -0.166631
v 0.310858 0.871333 -0.137234
v 0.311357 0.858155 -0.147006
v 0.335954 0.862596 -0.197277
v 0.324222 0.925190 -0.188031
v 0.317369 0.934605 -0.155828
v 0.327739 0.912412 -0.196680
v 0.319543 0.935431 -0.174180
v 0.308651 0.948057 -0.176492
v 0.316791 0.919429 -0.165058
v 0.304643 0.950616 -0.155715
v 0.314748 0.911782 -0.138088
v 0.325080 0.912812 -0.172154
v 0.293313 0.950594 -0.151483
v 0.313457 0.907738 -0.153672
v 0.314158 0.894460 -0.155910
v 0.323909 0.924343 -0.176064
v 0.315341 0.921351 -0.149278
v 0.317813 0.940483 -0.125390
v 0.317705 0.927563 -0.134702
v 0.318714 0.923671 -0.116773
v 0.317468 0.941756 -0.097595
v 0.315520 0.945953 -0.080247
v 0.316961 0.907944 -0.122154
v 0.319386 0.924632 -0.092716
v 0.319667 0.936996 -0.110950
v 0.295327 0.952177 -0.110169
v 0.310597 0.949585 -0.109905
v 0.303176 0.951726 -0.125648
v 0.303264 0.952373 -0.093133
v 0.318128 0.894920 -0.113572
v 0.317187 0.881701 -0.114437
v 0.313663 0.889752 -0.129721
v 0.318091 0.933975 -0.084337
v 0.319861 0.921024 -0.104395
v 0.283174 0.946161 -0.116852
v 0.280254 0.940368 -0.101297
v 0.286232 0.948611 -0.085141
v 0.280924 0.942734 -0.060480
v 0.279595 0.940161 -0.047307
v 0.294990 0.953221 -0.059814
v 0.278672 0.923637 -0.057551
v 0.278511 0.924947 -0.073136
v 0.311812 0.948582 -0.139833
v 0.312512 0.898097 -0.141076
v 0.291163 0.950360 -0.126408
v 0.300849 0.953524 -0.076086
v 0.315035 0.945389 -0.150966
v 0.287743 0.950314 -0.071060
v 0.279484 0.939296 -0.075077
v 0.331629 0.896576 -0.174677
v 0.288454 0.949988 -0.098479
v 0.278375 0.912075 -0.063293
v -0.250316 0.893379 0.192577
v 0.291197 0.954382 0.066679
v 0.280218 0.936672 0.031101
v 0.279516 0.941272 0.009674
v 0.278837 0.918117 0.013713
v 0.288331 0.952471 0.021349
v 0.287160 0.951779 0.008216
v 0.280545 0.943696 0.021370
v 0.292187 0.954126 0.037796
v 0.304653 0.954677 0.040197
v 0.282833 0.948767 0.051049
v 0.282007 0.946896 0.038315
v 0.278991 0.928467 0.004542
v -0.264112 0.917812 0.054857
v -0.264264 0.928611 0.063113
v -0.222684 0.790301 0.127065
v -0.339649 0.803205 0.219115
v -0.024506 0.755373 0.224606
v -0.018107 0.734969 0.222845
v -0.029486 0.722518 0.224659
v -0.045465 0.735238 0.224143
v -0.003503 0.739415 0.216999
v 0.005680 0.750325 0.213649
v -0.008065 0.767070 0.216777
v -0.006819 0.781374 0.214620
v -0.013431 0.747835 0.221472
v -0.031674 0.741771 0.225330
v -0.047455 0.758967 0.224242
v -0.060331 0.753470 0.220132
v -0.055086 0.742584 0.222133
v -0.024635 0.776106 0.225306
v -0.005120 0.755183 0.216412
v -0.018218 0.765801 0.223386
v -0.027660 0.788853 0.225611
v -0.034716 0.765707 0.225005
v -0.048760 0.777073 0.223655
v -0.053258 0.790266 0.221603
v -0.063268 0.779541 0.217282
v -0.056505 0.767436 0.220336
v 0.222369 0.851949 0.208275
v 0.219321 0.840982 0.215809
v 0.231779 0.845495 0.216589
v 0.220483 0.860136 0.223036
v 0.210284 0.834294 0.192030
v 0.224564 0.851872 0.220121
v 0.236804 0.859347 0.221658
v 0.244758 0.855519 0.230217
v 0.226255 0.860972 0.207503
v 0.224840 0.855860 0.191860
v 0.216805 0.850692 0.197020
v 0.210283 0.852049 0.200526
v 0.240464 0.854894 0.210267
v -0.163172 0.790303 0.095861
v -0.254506 0.793493 0.038959
v -0.256170 0.796748 0.059228
v -0.240479 0.790291 0.057229
v -0.245646 0.849080 0.177951
v -0.248293 0.790283 0.003515
v -0.209718 0.790292 0.041503
v -0.210952 0.790293 0.054619
v -0.192830 0.790294 0.043515
v -0.186870 0.790295 0.054309
v -0.188986 0.790292 0.031345
v -0.219940 0.790288 0.022463
v -0.230098 0.790290 0.039895
v -0.209486 0.790290 0.028884
v -0.229556 0.790285 0.006163
v -0.220597 0.790291 0.046630
v -0.242973 0.790289 0.044080
v -0.236852 0.790283 -0.005828
v -0.242328 0.790286 0.022472
v -0.260681 0.794611 0.019259
v -0.231388 0.790288 0.027562
v -0.262037 0.794086 0.004813
v -0.255733 0.790348 -0.011356
v -0.259473 0.791216 -0.025117
v -0.272679 0.810906 -0.016722
v -0.269016 0.799668 -0.007397
v -0.269735 0.799675 -0.024406
v -0.273899 0.811893 -0.032499
v -0.272541 0.819745 0.038719
v -0.271741 0.824708 0.057467
v -0.269106 0.821632 0.069706
v -0.266575 0.807671 0.049811
v -0.263687 0.806294 0.061365
v -0.267089 0.804242 0.032878
v -0.272780 0.814328 0.022610
v -0.271905 0.829133 0.004782
v -0.272476 0.818284 0.010717
v -0.253183 0.791749 0.027161
v -0.247525 0.790266 -0.128194
v -0.261888 0.812848 -0.169345
v -0.242112 0.817808 -0.183115
v -0.251078 0.812517 -0.190964
v -0.120644 0.790283 -0.094264
v -0.132961 0.790266 -0.217179
v -0.271043 0.840896 -0.112508
v -0.267528 0.887764 -0.135961
v -0.269858 0.854148 -0.099319
v -0.269626 0.864835 -0.123194
v -0.267816 0.879832 -0.094794
v -0.270269 0.854869 -0.113253
v -0.271047 0.850462 -0.127672
v -0.268739 0.870224 -0.107911
v -0.268775 0.866097 -0.092080
v -0.268019 0.881076 -0.120639
v -0.266081 0.911467 -0.117657
v -0.266962 0.896887 -0.123297
v -0.266811 0.897262 -0.104435
v -0.266977 0.892610 -0.092009
v -0.267119 0.885859 -0.058779
v -0.266836 0.892428 -0.074774
v -0.268022 0.874856 -0.076736
v -0.265405 0.917032 -0.063346
v -0.266189 0.901282 -0.061969
v -0.265929 0.908540 -0.074088
v -0.265586 0.909750 -0.050577
v -0.265098 0.930570 -0.047631
v -0.264934 0.931451 -0.030743
v -0.265058 0.919140 -0.026039
v -0.266201 0.886690 0.000748
v -0.265746 0.898582 -0.017658
v -0.264996 0.903020 0.027104
v -0.264301 0.914363 0.039030
v -0.265194 0.899079 0.042244
v -0.264128 0.919573 0.022481
v -0.266185 0.884886 0.050126
v -0.265044 0.905667 0.007473
v -0.264596 0.918613 -0.000732
v -0.265208 0.906119 -0.006149
v -0.267647 0.884223 -0.107630
v -0.271397 0.946599 -0.077161
v -0.265123 0.928025 -0.081216
v -0.267899 0.870682 -0.023417
v -0.266573 0.889278 -0.037385
v -0.268619 0.857937 0.043765
v -0.267463 0.870705 0.052756
v -0.265684 0.892905 0.014999
v -0.267655 0.864929 0.017221
v -0.266676 0.878307 0.012221
v -0.266161 0.883692 0.030371
v -0.268020 0.864063 -0.002780
v -0.267180 0.871120 0.037693
v -0.268666 0.946183 -0.058490
v -0.265166 0.932213 -0.062965
v -0.283618 0.953766 -0.067027
v -0.293761 0.951576 -0.058326
v -0.283811 0.953583 -0.046906
v -0.270586 0.946514 -0.114150
v -0.266634 0.883593 -0.014499
v -0.265836 0.899729 -0.030267
v -0.268441 0.868736 -0.045306
v -0.270021 0.855370 -0.060856
v -0.268958 0.864179 -0.069904
v -0.269463 0.854842 0.057397
v -0.271159 0.838555 0.045175
v -0.269401 0.849133 0.006676
v -0.269434 0.848551 0.025911
v -0.271552 0.831448 0.023109
v -0.270826 0.839164 -0.001524
v -0.272726 0.828514 -0.016432
v -0.270600 0.839145 0.013666
v -0.270742 0.839608 0.033165
v -0.272963 0.820452 -0.006334
v -0.273559 0.823354 -0.027762
v -0.268952 0.858777 -0.016258
v -0.267125 0.942373 -0.095134
v -0.265794 0.922683 -0.101064
v -0.293350 0.950889 -0.097827
v -0.265647 0.930698 -0.092939
v -0.266199 0.909450 -0.099858
v -0.267060 0.935373 -0.106428
v -0.291075 0.952036 -0.081706
v -0.278407 0.951318 -0.102058
v -0.267317 0.881155 -0.047115
v -0.267496 0.876618 -0.034754
v -0.270757 0.849836 -0.042552
v -0.269405 0.858056 -0.030572
v -0.271864 0.843005 -0.063028
v -0.268199 0.872109 -0.058565
v -0.268085 0.861121 0.028911
v -0.265743 0.917820 -0.088579
v -0.278785 0.951732 -0.088111
v -0.246539 0.790277 -0.048431
v -0.237906 0.790276 -0.061122
v -0.254647 0.790274 -0.062285
v -0.239928 0.790279 -0.037681
v -0.259927 0.791212 -0.049126
v 0.064832 0.790303 -0.050125
v 0.078499 0.790302 -0.050327
v 0.050967 0.790304 -0.042250
v 0.038986 0.790304 -0.048163
v 0.064085 0.790302 -0.036521
v 0.090913 0.790300 -0.042320
v 0.276194 0.853059 -0.024530
v 0.273280 0.808361 -0.074311
v 0.273607 0.818223 -0.048632
v 0.271078 0.807776 -0.038959
v 0.270405 0.803057 -0.056998
v 0.273685 0.808325 -0.087249
v 0.275509 0.825905 -0.074245
v 0.273966 0.817025 -0.062939
v 0.278905 0.852993 -0.158736
v 0.279182 0.865042 -0.152280
v 0.280886 0.872896 -0.174470
v 0.277919 0.842879 -0.149761
v 0.280836 0.857494 -0.173030
v 0.277499 0.788333 -0.241625
v -0.127138 0.755407 0.209549
v -0.224145 0.832587 -0.203901
v -0.231818 0.864257 -0.214787
v -0.243216 0.882861 -0.213797
v -0.234651 0.875667 -0.208671
v -0.324564 0.841171 0.136139
v -0.268464 0.947371 0.015489
v -0.305254 0.931761 -0.085963
v -0.302326 0.944482 -0.082745
v -0.305095 0.920597 -0.094322
v -0.304762 0.919993 -0.074052
v -0.303551 0.907278 -0.072539
v -0.305795 0.933177 -0.069793
v -0.304504 0.939421 -0.100045
v -0.297460 0.946056 -0.134945
v -0.305765 0.930758 -0.125708
v -0.297495 0.946534 -0.115949
v -0.284024 0.951963 -0.115927
v -0.304741 0.929658 -0.148885
v -0.308353 0.918063 -0.153228
v -0.305736 0.936448 -0.113974
v -0.302904 0.924118 -0.136771
v 0.259406 0.796374 0.036990
v 0.263077 0.801042 0.049189
v 0.279452 0.906746 0.185551
v 0.278186 0.915284 0.099958
v 0.279211 0.927878 0.095973
v 0.286715 0.953515 0.098023
v 0.296894 0.956755 0.091107
v 0.285556 0.951296 0.083134
v 0.314922 0.935507 -0.209661
v 0.277293 0.879470 0.027800
v 0.276243 0.864545 0.050458
v 0.276321 0.866257 0.064495
v 0.274453 0.845369 0.056022
v 0.275261 0.845342 0.021713
v 0.273182 0.830863 0.038667
v 0.275285 0.850576 0.038928
v 0.276450 0.865664 0.034956
v 0.273060 0.833914 0.050846
v 0.273163 0.824277 0.018398
v 0.273368 0.824133 -0.001348
v 0.271017 0.817245 0.038791
v 0.274111 0.833808 0.026556
v 0.270630 0.811755 0.018349
v 0.274694 0.836553 0.008488
v 0.276561 0.862637 0.000935
v 0.275242 0.840987 -0.009913
v 0.275793 0.850770 0.008667
v 0.276600 0.865273 0.017916
v 0.276192 0.854909 -0.010735
v 0.277164 0.873459 -0.014401
v 0.277755 0.888409 -0.009310
v 0.277858 0.891208 0.011145
v 0.274947 0.835472 -0.026727
v 0.274045 0.828873 -0.012849
v 0.277069 0.869734 -0.032539
v 0.277213 0.876300 0.007731
v 0.276038 0.847276 -0.049145
v 0.275309 0.833543 -0.059119
v 0.273798 0.823018 -0.034655
v 0.275185 0.835732 -0.040873
v 0.277553 0.881446 -0.038859
v 0.276500 0.856630 -0.038363
v 0.276339 0.847853 -0.064324
v 0.278379 0.903194 0.032193
v 0.278369 0.904913 0.008851
v 0.277905 0.892216 0.024345
v 0.205873 0.844480 0.180206
v 0.200395 0.850653 0.196900
v 0.201368 0.846462 0.216055
v 0.188569 0.851412 0.210091
v 0.201079 0.835205 0.217533
v 0.184811 0.845009 0.218380
v -0.267643 0.799006 -0.165266
v -0.265611 0.803271 -0.178033
v -0.265499 0.814107 -0.156504
v -0.247647 0.827537 -0.165854
v -0.250720 0.817768 -0.173569
v -0.257334 0.811295 -0.180927
v -0.239523 0.839356 -0.183138
v -0.263788 0.853842 -0.158411
v -0.269046 0.862804 -0.142289
v -0.241034 0.828636 -0.176581
v -0.232941 0.827569 -0.191783
v -0.236316 0.815433 -0.194375
v -0.231521 0.843225 -0.195147
v -0.223020 0.849613 -0.209198
v -0.228170 0.860487 -0.204126
v -0.216974 0.835853 -0.218884
v -0.229516 0.850192 -0.223587
v -0.218959 0.822843 -0.213746
v -0.233341 0.836274 -0.234501
v -0.257485 0.838222 -0.157562
v -0.249769 0.842761 -0.171092
v -0.268559 0.843275 -0.146414
v -0.265111 0.881362 -0.162762
v -0.268598 0.873902 -0.133891
v -0.267623 0.876400 -0.148732
v -0.265050 0.867750 -0.159378
v -0.252166 0.869868 -0.180268
v -0.245899 0.854566 -0.181856
v -0.256207 0.858334 -0.171040
v -0.270998 0.845636 -0.025369
v 0.280095 0.884766 -0.165009
v 0.279433 0.896123 -0.151816
v 0.280999 0.887292 -0.179470
v 0.279129 0.895972 -0.139159
v 0.282279 0.871294 -0.188969
v -0.244302 0.858916 -0.217801
v -0.286157 0.949674 -0.173501
v -0.267088 0.930980 -0.183971
v -0.258561 0.919435 -0.194062
v -0.260529 0.926501 -0.205805
v -0.265955 0.906435 -0.172113
v -0.265834 0.915083 -0.145818
v -0.266310 0.909241 -0.131904
v -0.266259 0.933019 -0.131852
v -0.259860 0.908277 -0.185032
v -0.255478 0.889049 -0.183105
v -0.247405 0.879344 -0.188067
v -0.259450 0.879726 -0.174700
v -0.264164 0.892523 -0.171208
v -0.266449 0.900064 -0.155112
v -0.267117 0.889056 -0.148554
v 0.278931 0.915301 0.068835
v 0.278785 0.915826 0.084505
v 0.279594 0.928974 0.077305
v 0.279582 0.928976 0.054387
v 0.279710 0.933097 0.066050
v 0.278713 0.910142 0.050213
v 0.279187 0.922018 0.038935
v 0.277722 0.888714 0.047443
v 0.277022 0.875823 0.043686
v 0.278298 0.900466 0.062136
v 0.278227 0.899068 0.076873
v 0.279211 0.924493 0.025694
v 0.278250 0.899890 0.043505
v 0.277109 0.877786 0.057280
v 0.276812 0.860874 -0.055011
v -0.305471 0.935363 -0.172453
v -0.304411 0.917121 -0.186512
v -0.305258 0.924446 -0.203917
v -0.301480 0.907011 -0.200708
v -0.304901 0.903959 -0.183969
v -0.304980 0.934904 -0.189818
v -0.297453 0.944055 -0.181331
v -0.280717 0.947681 -0.194746
v -0.269681 0.939578 -0.203445
v -0.301744 0.937937 -0.202011
v -0.271694 0.945361 -0.179075
v -0.269184 0.941954 -0.190814
v -0.269266 0.945299 -0.154640
v -0.274172 0.948570 -0.166971
v -0.293733 0.946427 -0.193849
v -0.298046 0.947997 -0.156001
v -0.283187 0.951772 -0.156037
v -0.302911 0.941839 -0.145419
v -0.304976 0.937063 -0.159622
v -0.265169 0.924496 -0.164234
v -0.265881 0.912692 -0.158349
v -0.266841 0.919398 -0.176209
v -0.265267 0.930353 -0.150411
v -0.265670 0.926378 -0.117615
v -0.310883 0.922005 -0.174742
v -0.279173 0.950872 -0.135615
v -0.289362 0.951381 -0.144181
v -0.289180 0.951740 -0.127603
v -0.268911 0.945181 -0.127691
v -0.280555 0.752757 0.196017
v -0.280555 0.753638 0.200094
v -0.282565 0.754323 0.199037
v 0.294459 0.752757 -0.233296
v 0.294459 0.753638 -0.237373
v 0.296469 0.754323 -0.236316
v -0.283268 0.778751 -0.237373
v -0.282565 0.780708 -0.236316
v -0.280555 0.781393 -0.237373
v 0.297172 0.756280 -0.237373
v 0.296469 0.754323 -0.236316
v 0.294459 0.753638 -0.237373
v -0.283268 0.756280 0.200094
v -0.282565 0.754323 0.199037
v -0.280555 0.753638 0.200094
v 0.286114 0.086002 -0.233661
v 0.289930 0.086002 -0.224065
v 0.289930 0.873084 -0.224065
v 0.286114 0.872996 -0.233659
v 0.289930 0.086002 -0.243256
v 0.289930 0.872908 -0.243254
v 0.289930 0.086002 -0.224065
v 0.299142 0.086002 -0.220090
v 0.299142 0.873120 -0.220091
v 0.289930 0.873084 -0.224065
v 0.299142 0.086002 -0.220090
v 0.308354 0.086002 -0.224065
v 0.308354 0.873084 -0.224065
v 0.299142 0.873120 -0.220091
v 0.312169 0.872996 -0.233659
v 0.308354 0.873084 -0.224065
v 0.308354 0.086002 -0.224065
v 0.312169 0.086002 -0.233661
v 0.308354 0.872908 -0.243254
v 0.308354 0.086002 -0.243256
v 0.299142 0.872872 -0.247228
v 0.308354 0.872908 -0.243254
v 0.308354 0.086002 -0.243256
v 0.299142 0.086002 -0.247231
v 0.289930 0.872908 -0.243254
v 0.289930 0.086002 -0.243256
v -0.298192 0.086002 0.200068
v -0.294376 0.086002 0.209664
v -0.294376 0.873260 0.209661
v -0.298192 0.873172 0.200067
v -0.294376 0.086002 0.190472
v -0.294376 0.873084 0.190472
v -0.294376 0.086002 0.209664
v -0.285164 0.086002 0.213638
v -0.285164 0.873296 0.213635
v -0.294376 0.873260 0.209661
v -0.285164 0.086002 0.213638
v -0.275952 0.086002 0.209664
v -0.275952 0.873260 0.209661
v -0.285164 0.873296 0.213635
v -0.272137 0.873172 0.200067
v -0.275952 0.873260 0.209661
v -0.275952 0.086002 0.209664
v -0.272137 0.086002 0.200068
v -0.275952 0.873084 0.190472
v -0.275952 0.086002 0.190472
v -0.285164 0.873048 0.186498
v -0.275952 0.873084 0.190472
v -0.275952 0.086002 0.190472
v -0.285164 0.086002 0.186498
v -0.294376 0.873084 0.190472
v -0.294376 0.086002 0.190472
v -0.298192 0.086002 -0.233661
v -0.294376 0.086002 -0.224065
v -0.294376 0.873084 -0.224065
v -0.298192 0.872996 -0.233659
v -0.294376 0.086002 -0.243256
v -0.294376 0.872908 -0.243254
v -0.294376 0.086002 -0.224065
v -0.285164 0.086002 -0.220090
v -0.285164 0.873120 -0.220091
v -0.294376 0.873084 -0.224065
v -0.285164 0.086002 -0.220090
v -0.275952 0.086002 -0.224065
v -0.275952 0.873084 -0.224065
v -0.285164 0.873120 -0.220091
v -0.272137 0.872996 -0.233659
v -0.275952 0.873084 -0.224065
v -0.275952 0.086002 -0.224065
v -0.272137 0.086002 -0.233661
v -0.275952 0.872908 -0.243254
v -0.275952 0.086002 -0.243256
v -0.285164 0.872872 -0.247228
v -0.275952 0.872908 -0.243254
v -0.275952 0.086002 -0.243256
v -0.285164 0.086002 -0.247231
v -0.294376 0.872908 -0.243254
v -0.294376 0.086002 -0.243256
v 0.284500 0.086002 0.200068
v 0.288315 0.086002 0.209664
v 0.289123 0.873259 0.209661
v 0.285307 0.873172 0.200067
v 0.288315 0.086002 0.190472
v 0.289123 0.873084 0.190472
v 0.288315 0.086002 0.209664
v 0.297527 0.086002 0.213638
v 0.298334 0.873296 0.213635
v 0.289123 0.873259 0.209661
v 0.297527 0.086002 0.213638
v 0.306739 0.086002 0.209664
v 0.307546 0.873259 0.209661
v 0.298334 0.873296 0.213635
v 0.311362 0.873172 0.200067
v 0.307546 0.873259 0.209661
v 0.306739 0.086002 0.209664
v 0.310555 0.086002 0.200068
v 0.307546 0.873084 0.190472
v 0.306739 0.086002 0.190472
v 0.298334 0.873048 0.186498
v 0.307546 0.873084 0.190472
v 0.306739 0.086002 0.190472
v 0.297527 0.086002 0.186498
v 0.289123 0.873084 0.190472
v 0.288315 0.086002 0.190472
v -0.301518 0.039770 -0.247077
v -0.301518 0.039770 -0.216561
v -0.321250 0.039770 -0.216561
v -0.321250 0.039770 -0.247077
v -0.266165 0.082817 -0.247077
v -0.302956 0.082817 -0.247077
v -0.302956 0.082817 -0.216561
v -0.266165 0.082817 -0.216561
v -0.301518 0.039770 -0.247077
v -0.321250 0.039770 -0.247077
v -0.302956 0.082817 -0.247077
v -0.266165 0.082817 -0.247077
v -0.321250 0.039770 -0.247077
v -0.321250 0.039770 -0.216561
v -0.302956 0.082817 -0.216561
v -0.302956 0.082817 -0.247077
v -0.321250 0.039770 -0.216561
v -0.301518 0.039770 -0.216561
v -0.266165 0.082817 -0.216561
v -0.302956 0.082817 -0.216561
v -0.301518 0.039770 -0.216561
v -0.301518 0.039770 -0.247077
v -0.266165 0.082817 -0.247077
v -0.266165 0.082817 -0.216561
v -0.300085 0.087000 -0.217959
v -0.306106 0.087000 -0.233103
v -0.306106 0.082751 -0.233103
v -0.300085 0.082751 -0.217959
v -0.285547 0.087000 -0.211687
v -0.285547 0.082751 -0.211687
v -0.271009 0.087000 -0.217959
v -0.285547 0.087000 -0.211687
v -0.285547 0.082751 -0.211687
v -0.271009 0.082751 -0.217959
v -0.264987 0.087000 -0.233103
v -0.264987 0.082751 -0.233103
v -0.271009 0.087000 -0.248246
v -0.264987 0.087000 -0.233103
v -0.264987 0.082751 -0.233103
v -0.271009 0.082751 -0.248246
v -0.285547 0.087000 -0.254519
v -0.285547 0.082751 -0.254519
v -0.300085 0.087000 -0.248246
v -0.285547 0.087000 -0.254519
v -0.285547 0.082751 -0.254519
v -0.300085 0.082751 -0.248246
v -0.306106 0.087000 -0.233103
v -0.306106 0.082751 -0.233103
v -0.285547 0.082751 -0.254519
v -0.271009 0.082751 -0.248246
v -0.264987 0.082751 -0.233103
v -0.306106 0.082751 -0.233103
v -0.300085 0.082751 -0.248246
v -0.285547 0.082751 -0.211687
v -0.271009 0.082751 -0.217959
v -0.300085 0.082751 -0.217959
v -0.300085 0.087000 -0.217959
v -0.285547 0.087000 -0.211687
v -0.271009 0.087000 -0.217959
v -0.300085 0.087000 -0.248246
v -0.306106 0.087000 -0.233103
v -0.271009 0.087000 -0.248246
v -0.264987 0.087000 -0.233103
v -0.285547 0.087000 -0.254519
v -0.278976 0.060874 -0.244439
v -0.291415 0.071240 -0.244439
v -0.291415 0.071240 -0.219972
v -0.278976 0.060874 -0.219972
v -0.274423 0.046714 -0.244439
v -0.274423 0.046714 -0.219972
v -0.278976 0.032554 -0.244439
v -0.278976 0.032554 -0.219972
v -0.291415 0.071240 -0.244439
v -0.308406 0.075034 -0.244439
v -0.308406 0.075034 -0.219972
v -0.291415 0.071240 -0.219972
v -0.325398 0.071240 -0.219972
v -0.308406 0.075034 -0.219972
v -0.308406 0.075034 -0.244439
v -0.325398 0.071240 -0.244439
v -0.337837 0.060874 -0.219972
v -0.337837 0.060874 -0.244439
v -0.342390 0.046714 -0.219972
v -0.337837 0.060874 -0.219972
v -0.337837 0.060874 -0.244439
v -0.342390 0.046714 -0.244439
v -0.337837 0.032554 -0.219972
v -0.337837 0.032554 -0.244439
v -0.325398 0.022189 -0.219972
v -0.325398 0.022189 -0.244439
v -0.308406 0.018395 -0.219972
v -0.325398 0.022189 -0.219972
v -0.325398 0.022189 -0.244439
v -0.308406 0.018395 -0.244439
v -0.291415 0.022189 -0.219972
v -0.291415 0.022189 -0.244439
v -0.278976 0.032554 -0.219972
v -0.278976 0.032554 -0.244439
v -0.291415 0.022189 -0.244439
v -0.308406 0.018395 -0.244439
v -0.325398 0.022189 -0.244439
v -0.274423 0.046714 -0.244439
v -0.278976 0.032554 -0.244439
v -0.325398 0.071240 -0.244439
v -0.342390 0.046714 -0.244439
v -0.337837 0.032554 -0.244439
v -0.337837 0.060874 -0.244439
v -0.291415 0.071240 -0.244439
v -0.308406 0.075034 -0.244439
v -0.278976 0.060874 -0.244439
v -0.278976 0.060874 -0.219972
v -0.291415 0.071240 -0.219972
v -0.308406 0.075034 -0.219972
v -0.278976 0.032554 -0.219972
v -0.274423 0.046714 -0.219972
v -0.337837 0.032554 -0.219972
v -0.337837 0.060874 -0.219972
v -0.325398 0.071240 -0.219972
v -0.342390 0.046714 -0.219972
v -0.308406 0.018395 -0.219972
v -0.325398 0.022189 -0.219972
v -0.291415 0.022189 -0.219972
v 0.297069 0.039770 -0.211642
v 0.321066 0.039770 -0.229145
v 0.332384 0.039770 -0.212308
v 0.308387 0.039770 -0.194804
v 0.276791 0.082817 -0.241808
v 0.297894 0.082817 -0.210414
v 0.321891 0.082817 -0.227918
v 0.300789 0.082817 -0.259311
v 0.297069 0.039770 -0.211642
v 0.308387 0.039770 -0.194804
v 0.297894 0.082817 -0.210414
v 0.276791 0.082817 -0.241808
v 0.308387 0.039770 -0.194804
v 0.332384 0.039770 -0.212308
v 0.321891 0.082817 -0.227918
v 0.297894 0.082817 -0.210414
v 0.332384 0.039770 -0.212308
v 0.321066 0.039770 -0.229145
v 0.300789 0.082817 -0.259311
v 0.321891 0.082817 -0.227918
v 0.321066 0.039770 -0.229145
v 0.297069 0.039770 -0.211642
v 0.276791 0.082817 -0.241808
v 0.300789 0.082817 -0.259311
v 0.319145 0.087000 -0.229566
v 0.310690 0.087000 -0.215742
v 0.310690 0.082751 -0.215742
v 0.319145 0.082751 -0.229566
v 0.315739 0.087000 -0.245569
v 0.315739 0.082751 -0.245569
v 0.302468 0.087000 -0.254376
v 0.315739 0.087000 -0.245569
v 0.315739 0.082751 -0.245569
v 0.302468 0.082751 -0.254376
v 0.287105 0.087000 -0.250828
v 0.287105 0.082751 -0.250828
v 0.278650 0.087000 -0.237004
v 0.287105 0.087000 -0.250828
v 0.287105 0.082751 -0.250828
v 0.278650 0.082751 -0.237004
v 0.282056 0.087000 -0.221001
v 0.282056 0.082751 -0.221001
v 0.295327 0.087000 -0.212194
v 0.282056 0.087000 -0.221001
v 0.282056 0.082751 -0.221001
v 0.295327 0.082751 -0.212194
v 0.310690 0.087000 -0.215742
v 0.310690 0.082751 -0.215742
v 0.282056 0.082751 -0.221001
v 0.278650 0.082751 -0.237004
v 0.287105 0.082751 -0.250828
v 0.310690 0.082751 -0.215742
v 0.295327 0.082751 -0.212194
v 0.315739 0.082751 -0.245569
v 0.302468 0.082751 -0.254376
v 0.319145 0.082751 -0.229566
v 0.319145 0.087000 -0.229566
v 0.315739 0.087000 -0.245569
v 0.302468 0.087000 -0.254376
v 0.295327 0.087000 -0.212194
v 0.310690 0.087000 -0.215742
v 0.278650 0.087000 -0.237004
v 0.287105 0.087000 -0.250828
v 0.282056 0.087000 -0.221001
v 0.286214 0.060874 -0.232390
v 0.293349 0.071240 -0.221776
v 0.312589 0.071240 -0.235810
v 0.305454 0.060874 -0.246423
v 0.283603 0.046714 -0.236275
v 0.302843 0.046714 -0.250308
v 0.286214 0.032554 -0.232390
v 0.305454 0.032554 -0.246423
v 0.293349 0.071240 -0.221776
v 0.303095 0.075034 -0.207277
v 0.322335 0.075034 -0.221311
v 0.312589 0.071240 -0.235810
v 0.332081 0.071240 -0.206812
v 0.322335 0.075034 -0.221311
v 0.303095 0.075034 -0.207277
v 0.312841 0.071240 -0.192779
v 0.339216 0.060874 -0.196198
v 0.319975 0.060874 -0.182165
v 0.341827 0.046714 -0.192314
v 0.339216 0.060874 -0.196198
v 0.319975 0.060874 -0.182165
v 0.322587 0.046714 -0.178280
v 0.339216 0.032554 -0.196198
v 0.319975 0.032554 -0.182165
v 0.332081 0.022189 -0.206812
v 0.312841 0.022189 -0.192779
v 0.322335 0.018395 -0.221311
v 0.332081 0.022189 -0.206812
v 0.312841 0.022189 -0.192779
v 0.303095 0.018395 -0.207277
v 0.312589 0.022189 -0.235810
v 0.293349 0.022189 -0.221776
v 0.305454 0.032554 -0.246423
v 0.286214 0.032554 -0.232390
v 0.293349 0.022189 -0.221776
v 0.303095 0.018395 -0.207277
v 0.312841 0.022189 -0.192779
v 0.283603 0.046714 -0.236275
v 0.286214 0.032554 -0.232390
v 0.312841 0.071240 -0.192779
v 0.322587 0.046714 -0.178280
v 0.319975 0.032554 -0.182165
v 0.319975 0.060874 -0.182165
v 0.293349 0.071240 -0.221776
v 0.303095 0.075034 -0.207277
v 0.286214 0.060874 -0.232390
v 0.305454 0.060874 -0.246423
v 0.312589 0.071240 -0.235810
v 0.322335 0.075034 -0.221311
v 0.305454 0.032554 -0.246423
v 0.302843 0.046714 -0.250308
v 0.339216 0.032554 -0.196198
v 0.339216 0.060874 -0.196198
v 0.332081 0.071240 -0.206812
v 0.341827 0.046714 -0.192314
v 0.322335 0.018395 -0.221311
v 0.332081 0.022189 -0.206812
v 0.312589 0.022189 -0.235810
v 0.318058 0.039770 0.196876
v 0.295617 0.039770 0.177261
v 0.308301 0.039770 0.161515
v 0.330742 0.039770 0.181130
v 0.295334 0.082817 0.225086
v 0.318983 0.082817 0.195728
v 0.296542 0.082817 0.176113
v 0.272893 0.082817 0.205471
v 0.318058 0.039770 0.196876
v 0.330742 0.039770 0.181130
v 0.318983 0.082817 0.195728
v 0.295334 0.082817 0.225086
v 0.330742 0.039770 0.181130
v 0.308301 0.039770 0.161515
v 0.296542 0.082817 0.176113
v 0.318983 0.082817 0.195728
v 0.308301 0.039770 0.161515
v 0.295617 0.039770 0.177261
v 0.272893 0.082817 0.205471
v 0.296542 0.082817 0.176113
v 0.295617 0.039770 0.177261
v 0.318058 0.039770 0.196876
v 0.295334 0.082817 0.225086
v 0.272893 0.082817 0.205471
v 0.295724 0.087000 0.179303
v 0.310731 0.087000 0.184232
v 0.310731 0.082750 0.184232
v 0.295724 0.082750 0.179303
v 0.281766 0.087000 0.186872
v 0.281766 0.082750 0.186872
v 0.277034 0.087000 0.202504
v 0.281766 0.087000 0.186872
v 0.281766 0.082750 0.186872
v 0.277034 0.082750 0.202504
v 0.284300 0.087000 0.217043
v 0.284300 0.082750 0.217043
v 0.299308 0.087000 0.221972
v 0.284300 0.087000 0.217043
v 0.284300 0.082750 0.217043
v 0.299308 0.082750 0.221972
v 0.313265 0.087000 0.214404
v 0.313265 0.082750 0.214404
v 0.317997 0.087000 0.198771
v 0.313265 0.087000 0.214404
v 0.313265 0.082750 0.214404
v 0.317997 0.082750 0.198771
v 0.310731 0.087000 0.184232
v 0.310731 0.082750 0.184232
v 0.313265 0.082750 0.214404
v 0.299308 0.082750 0.221972
v 0.284300 0.082750 0.217043
v 0.310731 0.082750 0.184232
v 0.317997 0.082750 0.198771
v 0.281766 0.082750 0.186872
v 0.277034 0.082750 0.202504
v 0.295724 0.082750 0.179303
v 0.295724 0.087000 0.179303
v 0.281766 0.087000 0.186872
v 0.277034 0.087000 0.202504
v 0.317997 0.087000 0.198771
v 0.310731 0.087000 0.184232
v 0.299308 0.087000 0.221972
v 0.284300 0.087000 0.217043
v 0.313265 0.087000 0.214404
v 0.301628 0.060874 0.213168
v 0.309624 0.071239 0.203242
v 0.291631 0.071239 0.187515
v 0.283635 0.060874 0.197441
v 0.298702 0.046714 0.216801
v 0.280709 0.046714 0.201074
v 0.301628 0.032554 0.213168
v 0.283635 0.032554 0.197441
v 0.309624 0.071239 0.203242
v 0.320546 0.075034 0.189683
v 0.302553 0.075034 0.173956
v 0.291631 0.071239 0.187515
v 0.313475 0.071239 0.160398
v 0.302553 0.075034 0.173956
v 0.320546 0.075034 0.189683
v 0.331468 0.071239 0.176124
v 0.321470 0.060874 0.150472
v 0.339463 0.060874 0.166199
v 0.324397 0.046714 0.146839
v 0.321470 0.060874 0.150472
v 0.339463 0.060874 0.166199
v 0.342390 0.046714 0.162566
v 0.321470 0.032554 0.150472
v 0.339463 0.032554 0.166199
v 0.313475 0.022189 0.160398
v 0.331468 0.022189 0.176124
v 0.302553 0.018395 0.173956
v 0.313475 0.022189 0.160398
v 0.331468 0.022189 0.176124
v 0.320546 0.018395 0.189683
v 0.291631 0.022189 0.187515
v 0.309624 0.022189 0.203242
v 0.283635 0.032554 0.197441
v 0.301628 0.032554 0.213168
v 0.309624 0.022189 0.203242
v 0.320546 0.018395 0.189683
v 0.331468 0.022189 0.176124
v 0.298702 0.046714 0.216801
v 0.301628 0.032554 0.213168
v 0.331468 0.071239 0.176124
v 0.342390 0.046714 0.162566
v 0.339463 0.032554 0.166199
v 0.339463 0.060874 0.166199
v 0.309624 0.071239 0.203242
v 0.320546 0.075034 0.189683
v 0.301628 0.060874 0.213168
v 0.283635 0.060874 0.197441
v 0.291631 0.071239 0.187515
v 0.302553 0.075034 0.173956
v 0.283635 0.032554 0.197441
v 0.280709 0.046714 0.201074
v 0.321470 0.032554 0.150472
v 0.321470 0.060874 0.150472
v 0.313475 0.071239 0.160398
v 0.324397 0.046714 0.146839
v 0.302553 0.018395 0.173956
v 0.313475 0.022189 0.160398
v 0.291631 0.022189 0.187515
v -0.305003 0.039770 0.209270
v -0.278453 0.039770 0.222166
v -0.286792 0.039770 0.240795
v -0.313343 0.039770 0.227899
v -0.290063 0.082817 0.175894
v -0.305611 0.082817 0.210628
v -0.279061 0.082817 0.223525
v -0.263512 0.082817 0.188791
v -0.305003 0.039770 0.209270
v -0.313343 0.039770 0.227899
v -0.305611 0.082817 0.210628
v -0.290063 0.082817 0.175894
v -0.313343 0.039770 0.227899
v -0.286792 0.039770 0.240795
v -0.279061 0.082817 0.223525
v -0.305611 0.082817 0.210628
v -0.286792 0.039770 0.240795
v -0.278453 0.039770 0.222166
v -0.263512 0.082817 0.188791
v -0.279061 0.082817 0.223525
v -0.278453 0.039770 0.222166
v -0.305003 0.039770 0.209270
v -0.290063 0.082817 0.175894
v -0.263512 0.082817 0.188791
v -0.279064 0.087000 0.220222
v -0.294784 0.087000 0.219508
v -0.294784 0.082750 0.219508
v -0.279064 0.082750 0.220222
v -0.267462 0.087000 0.209149
v -0.267462 0.082750 0.209149
v -0.266776 0.087000 0.192773
v -0.267462 0.087000 0.209149
v -0.267462 0.082750 0.209149
v -0.266776 0.082750 0.192773
v -0.277407 0.087000 0.180688
v -0.277407 0.082750 0.180688
v -0.293127 0.087000 0.179973
v -0.277407 0.087000 0.180688
v -0.277407 0.082750 0.180688
v -0.293127 0.082750 0.179973
v -0.304729 0.087000 0.191047
v -0.304729 0.082750 0.191047
v -0.305415 0.087000 0.207423
v -0.304729 0.087000 0.191047
v -0.304729 0.082750 0.191047
v -0.305415 0.082750 0.207423
v -0.294784 0.087000 0.219508
v -0.294784 0.082750 0.219508
v -0.304729 0.082750 0.191047
v -0.293127 0.082750 0.179973
v -0.277407 0.082750 0.180688
v -0.294784 0.082750 0.219508
v -0.305415 0.082750 0.207423
v -0.267462 0.082750 0.209149
v -0.266776 0.082750 0.192773
v -0.279064 0.082750 0.220222
v -0.279064 0.087000 0.220222
v -0.267462 0.087000 0.209149
v -0.266776 0.087000 0.192773
v -0.305415 0.087000 0.207423
v -0.294784 0.087000 0.219508
v -0.293127 0.087000 0.179973
v -0.277407 0.087000 0.180688
v -0.304729 0.087000 0.191047
v -0.293181 0.060874 0.189104
v -0.298438 0.071239 0.200847
v -0.277151 0.071239 0.211187
v -0.271894 0.060874 0.199444
v -0.291257 0.046714 0.184805
v -0.269969 0.046714 0.195146
v -0.293181 0.032554 0.189104
v -0.271894 0.032554 0.199444
v -0.298438 0.071239 0.200847
v -0.305619 0.075034 0.216888
v -0.284332 0.075034 0.227228
v -0.277151 0.071239 0.211187
v -0.291513 0.071239 0.243270
v -0.284332 0.075034 0.227228
v -0.305619 0.075034 0.216888
v -0.312800 0.071239 0.232929
v -0.296769 0.060874 0.255013
v -0.318057 0.060874 0.244672
v -0.298694 0.046714 0.259311
v -0.296769 0.060874 0.255013
v -0.318057 0.060874 0.244672
v -0.319981 0.046714 0.248971
v -0.296769 0.032554 0.255013
v -0.318057 0.032554 0.244672
v -0.291513 0.022189 0.243270
v -0.312800 0.022189 0.232929
v -0.284332 0.018395 0.227228
v -0.291513 0.022189 0.243270
v -0.312800 0.022189 0.232929
v -0.305619 0.018395 0.216888
v -0.277151 0.022189 0.211187
v -0.298438 0.022189 0.200847
v -0.271894 0.032554 0.199444
v -0.293181 0.032554 0.189104
v -0.298438 0.022189 0.200847
v -0.305619 0.018395 0.216888
v -0.312800 0.022189 0.232929
v -0.291257 0.046714 0.184805
v -0.293181 0.032554 0.189104
v -0.312800 0.071239 0.232929
v -0.319981 0.046714 0.248971
v -0.318057 0.032554 0.244672
v -0.318057 0.060874 0.244672
v -0.298438 0.071239 0.200847
v -0.305619 0.075034 0.216888
v -0.293181 0.060874 0.189104
v -0.271894 0.060874 0.199444
v -0.277151 0.071239 0.211187
v -0.284332 0.075034 0.227228
v -0.271894 0.032554 0.199444
v -0.269969 0.046714 0.195146
v -0.296769 0.032554 0.255013
v -0.296769 0.060874 0.255013
v -0.291513 0.071239 0.243270
v -0.298694 0.046714 0.259311
v -0.284332 0.018395 0.227228
v -0.291513 0.022189 0.243270
v -0.277151 0.022189 0.211187
v 0.285307 0.873172 0.200067
v 0.289123 0.873259 0.209661
v 0.289930 0.914238 0.202518
v 0.286114 0.912082 0.193308
v 0.289123 0.873084 0.190472
v 0.289930 0.909926 0.184099
v 0.289930 0.932531 0.187301
v 0.286114 0.928086 0.180393
v 0.289930 0.923641 0.173485
v 0.289930 0.931769 0.154218
v 0.286114 0.939040 0.157293
v 0.289930 0.946312 0.160367
v 0.289930 0.946978 0.130301
v 0.286114 0.939696 0.130544
v 0.289930 0.932414 0.130786
v 0.289930 0.940886 -0.167268
v 0.286114 0.933603 -0.167094
v 0.289930 0.926319 -0.166920
v 0.289930 0.923046 -0.190991
v 0.286114 0.930198 -0.194478
v 0.289930 0.937349 -0.197965
v 0.289930 0.923178 -0.222404
v 0.286114 0.919177 -0.214902
v 0.289930 0.915176 -0.207399
v 0.286114 0.904537 -0.226313
v 0.289930 0.906354 -0.235636
v 0.289930 0.872908 -0.243254
v 0.286114 0.872996 -0.233659
v 0.289930 0.902720 -0.216990
v 0.289930 0.873084 -0.224065
v 0.299142 0.901968 -0.213128
v 0.299142 0.913518 -0.204291
v 0.299142 0.873120 -0.220091
v 0.299142 0.872872 -0.247228
v 0.289930 0.872908 -0.243254
v 0.289930 0.906354 -0.235636
v 0.299142 0.907106 -0.239498
v 0.299142 0.924836 -0.225512
v 0.289930 0.923178 -0.222404
v 0.299142 0.924836 -0.225512
v 0.289930 0.923178 -0.222404
v 0.289930 0.937349 -0.197965
v 0.299142 0.940312 -0.199410
v 0.299142 0.943903 -0.167340
v 0.289930 0.940886 -0.167268
v 0.289930 0.946978 0.130301
v 0.299142 0.949995 0.130201
v 0.289930 0.946312 0.160367
v 0.299142 0.949324 0.161641
v 0.289123 0.873259 0.209661
v 0.298334 0.873296 0.213635
v 0.299142 0.915131 0.206333
v 0.289930 0.914238 0.202518
v 0.299142 0.934372 0.190162
v 0.289930 0.932531 0.187301
v 0.289930 0.946312 0.160367
v 0.299142 0.949324 0.161641
v 0.308354 0.872908 -0.243254
v 0.299142 0.872872 -0.247228
v 0.299142 0.907106 -0.239498
v 0.308354 0.906354 -0.235636
v 0.299142 0.924836 -0.225512
v 0.298334 0.873296 0.213635
v 0.307546 0.873259 0.209661
v 0.308354 0.914238 0.202518
v 0.299142 0.915131 0.206333
v 0.299142 0.934372 0.190162
v 0.308354 0.932531 0.187301
v 0.299142 0.934372 0.190162
v 0.308354 0.932531 0.187301
v 0.308354 0.946312 0.160367
v 0.299142 0.949324 0.161641
v 0.299142 0.949995 0.130201
v 0.308354 0.946978 0.130301
v 0.308354 0.940886 -0.167268
v 0.299142 0.943903 -0.167340
v 0.308354 0.937349 -0.197965
v 0.299142 0.940312 -0.199410
v 0.299142 0.924836 -0.225512
v 0.308354 0.923178 -0.222404
v 0.308354 0.906354 -0.235636
v 0.312169 0.872996 -0.233659
v 0.308354 0.872908 -0.243254
v 0.308354 0.906354 -0.235636
v 0.312169 0.904537 -0.226313
v 0.308354 0.873084 -0.224065
v 0.308354 0.902720 -0.216990
v 0.308354 0.923178 -0.222404
v 0.312169 0.919177 -0.214902
v 0.308354 0.915176 -0.207399
v 0.312169 0.930198 -0.194478
v 0.308354 0.937349 -0.197965
v 0.308354 0.940886 -0.167268
v 0.308354 0.923046 -0.190991
v 0.299142 0.920083 -0.189546
v 0.312169 0.933603 -0.167094
v 0.308354 0.926319 -0.166920
v 0.308354 0.946978 0.130301
v 0.312169 0.939696 0.130544
v 0.308354 0.932414 0.130786
v 0.308354 0.931769 0.154218
v 0.312169 0.939040 0.157293
v 0.308354 0.946312 0.160367
v 0.308354 0.932531 0.187301
v 0.312169 0.928086 0.180393
v 0.308354 0.923641 0.173485
v 0.308354 0.909926 0.184099
v 0.312169 0.912082 0.193308
v 0.308354 0.914238 0.202518
v 0.307546 0.873259 0.209661
v 0.311362 0.873172 0.200067
v 0.307546 0.873084 0.190472
v 0.299142 0.873120 -0.220091
v 0.308354 0.873084 -0.224065
v 0.308354 0.902720 -0.216990
v 0.299142 0.901968 -0.213128
v 0.308354 0.915176 -0.207399
v 0.299142 0.913518 -0.204291
v 0.299142 0.920083 -0.189546
v 0.299142 0.909033 0.180284
v 0.308354 0.909926 0.184099
v 0.307546 0.873084 0.190472
v 0.298334 0.873048 0.186498
v 0.289930 0.909926 0.184099
v 0.289123 0.873084 0.190472
v 0.289930 0.923641 0.173485
v 0.299142 0.921799 0.170624
v 0.289930 0.915176 -0.207399
v 0.299142 0.913518 -0.204291
v 0.299142 0.920083 -0.189546
v 0.289930 0.923046 -0.190991
v 0.289930 0.926319 -0.166920
v 0.299142 0.923302 -0.166849
v 0.308354 0.926319 -0.166920
v 0.308354 0.923046 -0.190991
v 0.308354 0.932414 0.130786
v 0.299142 0.929398 0.130887
v 0.299142 0.928756 0.152944
v 0.289930 0.932414 0.130786
v 0.308354 0.931769 0.154218
v 0.289930 0.931769 0.154218
v 0.289930 0.923641 0.173485
v 0.299142 0.921799 0.170624
v 0.308354 0.923641 0.173485
v 0.299142 0.909033 0.180284
v 0.308354 0.909926 0.184099
v -0.298192 0.873172 0.200067
v -0.294376 0.873260 0.209661
v -0.294376 0.914238 0.202518
v -0.298192 0.912082 0.193308
v -0.294376 0.873084 0.190472
v -0.294376 0.909926 0.184099
v -0.294376 0.932531 0.187301
v -0.298192 0.928086 0.180393
v -0.294376 0.923641 0.173485
v -0.294376 0.931769 0.154218
v -0.298192 0.939040 0.157293
v -0.294376 0.946312 0.160367
v -0.294376 0.946978 0.130301
v -0.298192 0.939696 0.130544
v -0.294376 0.932414 0.130787
v -0.294376 0.940886 -0.167268
v -0.298192 0.933603 -0.167094
v -0.294376 0.926319 -0.166920
v -0.294376 0.923046 -0.190991
v -0.298192 0.930198 -0.194478
v -0.294376 0.937349 -0.197965
v -0.294376 0.923178 -0.222404
v -0.298192 0.919177 -0.214902
v -0.294376 0.915176 -0.207399
v -0.298192 0.904537 -0.226313
v -0.294376 0.906354 -0.235636
v -0.294376 0.872908 -0.243254
v -0.298192 0.872996 -0.233659
v -0.294376 0.902720 -0.216990
v -0.294376 0.873084 -0.224065
v -0.285164 0.901968 -0.213128
v -0.285164 0.913518 -0.204291
v -0.285164 0.873120 -0.220091
v -0.285164 0.872872 -0.247228
v -0.294376 0.872908 -0.243254
v -0.294376 0.906354 -0.235636
v -0.285164 0.907106 -0.239498
v -0.285164 0.924836 -0.225512
v -0.294376 0.923178 -0.222404
v -0.285164 0.924836 -0.225512
v -0.294376 0.923178 -0.222404
v -0.294376 0.937349 -0.197965
v -0.285164 0.940312 -0.199410
v -0.285164 0.943903 -0.167340
v -0.294376 0.940886 -0.167268
v -0.294376 0.946978 0.130301
v -0.285164 0.949995 0.130201
v -0.294376 0.946312 0.160367
v -0.285164 0.949324 0.161641
v -0.294376 0.873260 0.209661
v -0.285164 0.873296 0.213635
v -0.285164 0.915131 0.206333
v -0.294376 0.914238 0.202518
v -0.285164 0.934372 0.190162
v -0.294376 0.932531 0.187301
v -0.294376 0.946312 0.160367
v -0.285164 0.949324 0.161641
v -0.275952 0.872908 -0.243254
v -0.285164 0.872872 -0.247228
v -0.285164 0.907106 -0.239498
v -0.275952 0.906354 -0.235636
v -0.285164 0.924836 -0.225512
v -0.285164 0.873296 0.213635
v -0.275952 0.873260 0.209661
v -0.275952 0.914238 0.202518
v -0.285164 0.915131 0.206333
v -0.285164 0.934372 0.190162
v -0.275952 0.932531 0.187301
v -0.285164 0.934372 0.190162
v -0.275952 0.932531 0.187301
v -0.275952 0.946312 0.160367
v -0.285164 0.949324 0.161641
v -0.285164 0.949995 0.130201
v -0.275952 0.946978 0.130301
v -0.275952 0.940886 -0.167268
v -0.285164 0.943903 -0.167340
v -0.275952 0.937349 -0.197965
v -0.285164 0.940312 -0.199410
v -0.285164 0.924836 -0.225512
v -0.275952 0.923178 -0.222404
v -0.275952 0.906354 -0.235636
v -0.272137 0.872996 -0.233659
v -0.275952 0.872908 -0.243254
v -0.275952 0.906354 -0.235636
v -0.272137 0.904537 -0.226313
v -0.275952 0.873084 -0.224065
v -0.275952 0.902720 -0.216990
v -0.275952 0.923178 -0.222404
v -0.272137 0.919177 -0.214902
v -0.275952 0.915176 -0.207399
v -0.272137 0.930198 -0.194478
v -0.275952 0.937349 -0.197965
v -0.275952 0.940886 -0.167268
v -0.275952 0.923046 -0.190991
v -0.285164 0.920083 -0.189546
v -0.272137 0.933603 -0.167094
v -0.275952 0.926319 -0.166920
v -0.275952 0.946978 0.130301
v -0.272137 0.939696 0.130544
v -0.275952 0.932414 0.130787
v -0.275952 0.931769 0.154218
v -0.272137 0.939040 0.157293
v -0.275952 0.946312 0.160367
v -0.275952 0.932531 0.187301
v -0.272137 0.928086 0.180393
v -0.275952 0.923641 0.173485
v -0.275952 0.909926 0.184099
v -0.272137 0.912082 0.193308
v -0.275952 0.914238 0.202518
v -0.275952 0.873260 0.209661
v -0.272137 0.873172 0.200067
v -0.275952 0.873084 0.190472
v -0.285164 0.873120 -0.220091
v -0.275952 0.873084 -0.224065
v -0.275952 0.902720 -0.216990
v -0.285164 0.901968 -0.213128
v -0.275952 0.915176 -0.207399
v -0.285164 0.913518 -0.204291
v -0.285164 0.920083 -0.189546
v -0.285164 0.909033 0.180284
v -0.275952 0.909926 0.184099
v -0.275952 0.873084 0.190472
v -0.285164 0.873048 0.186498
v -0.294376 0.909926 0.184099
v -0.294376 0.873084 0.190472
v -0.294376 0.923641 0.173485
v -0.285164 0.921799 0.170624
v -0.294376 0.915176 -0.207399
v -0.285164 0.913518 -0.204291
v -0.285164 0.920083 -0.189546
v -0.294376 0.923046 -0.190991
v -0.294376 0.926319 -0.166920
v -0.285164 0.923302 -0.166849
v -0.275952 0.926319 -0.166920
v -0.275952 0.923046 -0.190991
v -0.275952 0.932414 0.130787
v -0.285164 0.929398 0.130887
v -0.285164 0.928756 0.152944
v -0.294376 0.932414 0.130787
v -0.275952 0.931769 0.154218
v -0.294376 0.931769 0.154218
v -0.294376 0.923641 0.173485
v -0.285164 0.921799 0.170624
v -0.275952 0.923641 0.173485
v -0.285164 0.909033 0.180284
v -0.275952 0.909926 0.184099
v 0.297172 0.756280 0.200094
v 0.297172 0.778751 0.200094
v 0.294459 0.778751 0.201453
v 0.294459 0.756280 0.201453
v 0.296469 0.754323 0.199037
v 0.294459 0.753638 0.200094
v -0.280555 0.753638 0.200094
v -0.280555 0.756280 0.201453
v -0.283268 0.756280 0.200094
v -0.283268 0.778751 0.200094
v -0.280555 0.778751 0.201453
v 0.294459 0.781393 0.200094
v -0.282565 0.780708 0.199037
v -0.280555 0.781393 0.200094
v -0.283268 0.753638 -0.233296
v -0.282565 0.754323 -0.236316
v -0.280555 0.753638 -0.237373
v -0.280555 0.752757 -0.233296
v 0.294459 0.753638 -0.237373
v -0.283268 0.753638 0.196017
v 0.294459 0.752757 -0.233296
v -0.280555 0.752757 0.196017
v -0.282565 0.754323 0.199037
v 0.294459 0.752757 0.196017
v -0.280555 0.753638 0.200094
v 0.294459 0.753638 0.200094
v 0.297172 0.753638 -0.233296
v 0.296469 0.754323 -0.236316
v 0.297172 0.753638 0.196017
v 0.296469 0.754323 0.199037
v -0.283268 0.781393 0.196017
v -0.282565 0.780708 0.199037
v -0.280555 0.781393 0.200094
v -0.280555 0.782274 0.196017
v 0.294459 0.781393 0.200094
v -0.283268 0.781393 -0.233296
v 0.294459 0.782274 0.196017
v 0.296469 0.780708 0.199037
v 0.297172 0.781393 0.196017
v 0.294459 0.782274 -0.233296
v 0.297172 0.781393 -0.233296
v -0.280555 0.782274 -0.233296
v -0.282565 0.780708 -0.236316
v -0.280555 0.781393 -0.237373
v 0.294459 0.781393 -0.237373
v 0.296469 0.780708 -0.236316
v 0.294459 0.781393 0.200094
v 0.294459 0.778751 0.201453
v 0.297172 0.778751 0.200094
v 0.296469 0.780708 0.199037
v -0.283268 0.778751 0.200094
v -0.282565 0.780708 0.199037
v -0.283268 0.781393 0.196017
v -0.284172 0.778751 0.196017
v -0.283268 0.756280 0.200094
v -0.284172 0.778751 -0.233296
v -0.283268 0.781393 -0.233296
v -0.282565 0.780708 -0.236316
v -0.283268 0.778751 -0.237373
v -0.284172 0.756280 -0.233296
v -0.283268 0.756280 -0.237373
v -0.284172 0.756280 0.196017
v -0.282565 0.754323 0.199037
v -0.283268 0.753638 0.196017
v -0.283268 0.753638 -0.233296
v -0.282565 0.754323 -0.236316
v 0.297172 0.778751 -0.237373
v 0.296469 0.780708 -0.236316
v 0.297172 0.781393 -0.233296
v 0.298076 0.778751 -0.233296
v 0.297172 0.756280 -0.237373
v 0.298076 0.778751 0.196017
v 0.297172 0.781393 0.196017
v 0.296469 0.780708 0.199037
v 0.297172 0.778751 0.200094
v 0.298076 0.756280 0.196017
v 0.297172 0.756280 0.200094
v 0.298076 0.756280 -0.233296
v 0.296469 0.754323 -0.236316
v 0.297172 0.753638 -0.233296
v 0.297172 0.753638 0.196017
v 0.296469 0.754323 0.199037
v -0.277638 0.329530 0.189169
v -0.277638 0.329530 -0.231989
v -0.275082 0.328650 -0.231989
v -0.275082 0.328650 0.189169
v 0.289422 0.328650 0.189169
v -0.275082 0.329530 0.192993
v 0.289422 0.329530 0.192993
v 0.289422 0.328650 -0.231989
v 0.289422 0.329530 -0.235812
v -0.275082 0.329530 -0.235812
v 0.291978 0.329530 -0.231989
v 0.291978 0.329530 0.189169
v -0.277638 0.357286 -0.231989
v -0.277638 0.357286 0.189169
v -0.275082 0.358167 0.189169
v -0.275082 0.358167 -0.231989
v 0.289422 0.358167 -0.231989
v -0.275082 0.357286 -0.235812
v 0.289422 0.357286 -0.235812
v 0.289422 0.358167 0.189169
v 0.289422 0.357286 0.192993
v -0.275082 0.357286 0.192993
v 0.291978 0.357286 0.189169
v 0.291978 0.357286 -0.231989
v -0.275082 0.357286 -0.235812
v 0.289422 0.357286 -0.235812
v 0.289422 0.354644 -0.237086
v -0.275082 0.354644 -0.237086
v 0.289422 0.332173 -0.237086
v -0.275082 0.332173 -0.237086
v 0.289422 0.329530 -0.235812
v -0.275082 0.329530 -0.235812
v -0.277638 0.357286 0.189169
v -0.277638 0.357286 -0.231989
v -0.278490 0.354644 -0.231989
v -0.278490 0.354644 0.189169
v -0.278490 0.332173 -0.231989
v -0.278490 0.332173 0.189169
v -0.277638 0.329530 -0.231989
v -0.277638 0.329530 0.189169
v 0.289422 0.357286 0.192993
v -0.275082 0.357286 0.192993
v -0.275082 0.354644 0.194267
v 0.289422 0.354644 0.194267
v -0.275082 0.332173 0.194267
v 0.289422 0.332173 0.194267
v -0.275082 0.329530 0.192993
v 0.289422 0.329530 0.192993
v 0.291978 0.357286 -0.231989
v 0.291978 0.357286 0.189169
v 0.292830 0.354644 0.189169
v 0.292830 0.354644 -0.231989
v 0.292830 0.332173 0.189169
v 0.292830 0.332173 -0.231989
v 0.291978 0.329530 0.189169
v 0.291978 0.329530 -0.231989
v -0.275451 0.410400 0.208827
v -0.275451 0.408912 0.204337
v 0.289515 0.408912 0.204337
v 0.289515 0.410400 0.208827
v -0.275451 0.413992 0.210687
v 0.289515 0.413992 0.210687
v -0.275451 0.417584 0.208827
v -0.275451 0.413992 0.210687
v 0.289515 0.413992 0.210687
v 0.289515 0.417584 0.208827
v -0.275451 0.419072 0.204337
v 0.289515 0.419072 0.204337
v -0.275451 0.417584 0.199847
v -0.275451 0.419072 0.204337
v 0.289515 0.419072 0.204337
v 0.289515 0.417584 0.199847
v -0.275451 0.413992 0.197987
v 0.289515 0.413992 0.197987
v -0.275451 0.410400 0.199847
v -0.275451 0.413992 0.197987
v 0.289515 0.413992 0.197987
v 0.289515 0.410400 0.199847
v -0.275451 0.408912 0.204337
v 0.289515 0.408912 0.204337
v 0.302822 0.410400 -0.224468
v 0.302822 0.410400 0.193371
v 0.298512 0.408912 0.193371
v 0.298512 0.408912 -0.224468
v 0.294201 0.410400 0.193371
v 0.294201 0.410400 -0.224468
v 0.304608 0.413992 -0.224468
v 0.304608 0.413992 0.193371
v 0.302822 0.410400 0.193371
v 0.302822 0.410400 -0.224468
v 0.302822 0.417584 -0.224468
v 0.302822 0.417584 0.193371
v 0.304608 0.413992 0.193371
v 0.304608 0.413992 -0.224468
v 0.302822 0.417584 0.193371
v 0.302822 0.417584 -0.224468
v 0.298512 0.419072 -0.224468
v 0.298512 0.419072 0.193371
v 0.294201 0.417584 -0.224468
v 0.294201 0.417584 0.193371
v 0.294201 0.417584 0.193371
v 0.294201 0.417584 -0.224468
v 0.292416 0.413992 -0.224468
v 0.292416 0.413992 0.193371
v 0.294201 0.410400 -0.224468
v 0.294201 0.410400 0.193371
v -0.280748 0.410400 -0.224468
v -0.280748 0.410400 0.193371
v -0.285058 0.408912 0.193371
v -0.285058 0.408912 -0.224468
v -0.278962 0.413992 -0.224468
v -0.278962 0.413992 0.193371
v -0.280748 0.410400 0.193371
v -0.280748 0.410400 -0.224468
v -0.280748 0.417584 -0.224468
v -0.280748 0.417584 0.193371
v -0.278962 0.413992 0.193371
v -0.278962 0.413992 -0.224468
v -0.285058 0.419072 -0.224468
v -0.285058 0.419072 0.193371
v -0.280748 0.417584 0.193371
v -0.280748 0.417584 -0.224468
v -0.285058 0.419072 0.193371
v -0.285058 0.419072 -0.224468
v -0.289369 0.417584 -0.224468
v -0.289369 0.417584 0.193371
v -0.291154 0.413992 -0.224468
v -0.291154 0.413992 0.193371
v -0.291154 0.413992 0.193371
v -0.291154 0.413992 -0.224468
v -0.289369 0.410400 -0.224468
v -0.289369 0.410400 0.193371
v -0.285058 0.408912 -0.224468
v -0.285058 0.408912 0.193371
v -0.280748 0.836264 -0.224468
v -0.280748 0.836264 0.193371
v -0.285058 0.834776 0.193371
v -0.285058 0.834776 -0.224468
v -0.289369 0.836264 0.193371
v -0.289369 0.836264 -0.224468
v -0.278962 0.839856 -0.224468
v -0.278962 0.839856 0.193371
v -0.280748 0.836264 0.193371
v -0.280748 0.836264 -0.224468
v -0.280748 0.843448 -0.224468
v -0.280748 0.843448 0.193371
v -0.278962 0.839856 0.193371
v -0.278962 0.839856 -0.224468
v -0.280748 0.843448 0.193371
v -0.280748 0.843448 -0.224468
v -0.285058 0.844936 -0.224468
v -0.285058 0.844936 0.193371
v -0.289369 0.843448 -0.224468
v -0.289369 0.843448 0.193371
v -0.289369 0.843448 0.193371
v -0.289369 0.843448 -0.224468
v -0.291154 0.839856 -0.224468
v -0.291154 0.839856 0.193371
v -0.289369 0.836264 -0.224468
v -0.289369 0.836264 0.193371
v -0.275451 0.836264 0.208827
v -0.275451 0.834776 0.204337
v 0.289515 0.834776 0.204337
v 0.289515 0.836264 0.208827
v -0.275451 0.839856 0.210687
v 0.289515 0.839856 0.210687
v 0.289515 0.839856 0.210687
v 0.289515 0.843448 0.208827
v -0.275451 0.843448 0.208827
v -0.275451 0.839856 0.210687
v -0.275451 0.844936 0.204337
v -0.275451 0.843448 0.208827
v 0.289515 0.843448 0.208827
v 0.289515 0.844936 0.204337
v -0.275451 0.843448 0.199847
v 0.289515 0.843448 0.199847
v 0.289515 0.843448 0.199847
v 0.289515 0.839856 0.197987
v -0.275451 0.839856 0.197987
v -0.275451 0.843448 0.199847
v -0.275451 0.836264 0.199847
v -0.275451 0.839856 0.197987
v 0.289515 0.839856 0.197987
v 0.289515 0.836264 0.199847
v -0.275451 0.834776 0.204337
v 0.289515 0.834776 0.204337
v 0.302822 0.836264 -0.224468
v 0.302822 0.836264 0.193371
v 0.298512 0.834776 0.193371
v 0.298512 0.834776 -0.224468
v 0.294201 0.836264 0.193371
v 0.294201 0.836264 -0.224468
v 0.304608 0.839856 -0.224468
v 0.304608 0.839856 0.193371
v 0.302822 0.836264 0.193371
v 0.302822 0.836264 -0.224468
v 0.302822 0.843448 -0.224468
v 0.302822 0.843448 0.193371
v 0.304608 0.839856 0.193371
v 0.304608 0.839856 -0.224468
v 0.302822 0.843448 0.193371
v 0.302822 0.843448 -0.224468
v 0.298512 0.844936 -0.224468
v 0.298512 0.844936 0.193371
v 0.294201 0.843448 -0.224468
v 0.294201 0.843448 0.193371
v 0.294201 0.843448 0.193371
v 0.294201 0.843448 -0.224468
v 0.292416 0.839856 -0.224468
v 0.292416 0.839856 0.193371
v 0.294201 0.836264 -0.224468
v 0.294201 0.836264 0.193371
v -0.283268 0.756280 -0.237373
v -0.283268 0.778751 -0.237373
v -0.280555 0.778751 -0.238732
v -0.280555 0.781393 -0.237373
v -0.280555 0.756280 -0.238732
v -0.282565 0.754323 -0.236316
v -0.280555 0.753638 -0.237373
v 0.294459 0.753638 -0.237373
v 0.294459 0.756280 -0.238732
v 0.297172 0.756280 -0.237373
v 0.297172 0.778751 -0.237373
v 0.294459 0.778751 -0.238732
v 0.294459 0.781393 -0.237373
v 0.296469 0.780708 -0.236316
vn -0.617226 -0.000160 0.786786
vn -0.689407 0.028518 0.723813
vn -0.875349 0.000813 0.483492
vn -0.998108 -0.011670 -0.060365
vn -0.632697 -0.026604 -0.773942
vn -0.265460 -0.144577 -0.953220
vn -0.595111 0.011677 -0.803559
vn -0.954952 0.208186 0.211485
vn -0.656928 0.212729 0.723321
vn -0.687206 0.215845 0.693656
vn -0.884847 0.168661 0.434281
vn -0.993487 0.050976 0.101912
vn -0.997024 0.043993 -0.063303
vn -0.955389 0.086971 -0.282254
vn -0.901962 0.082473 -0.423866
vn -0.914124 0.044102 -0.403028
vn -0.996827 0.079592 0.000576
vn -0.841469 0.069241 0.535850
vn -0.871522 0.046478 0.488149
vn -0.980260 -0.008814 0.197516
vn -0.993038 -0.064890 0.098307
vn -0.995907 -0.069626 0.057627
vn -0.950375 -0.040628 -0.308443
vn -0.555160 0.045819 -0.830480
vn -0.109519 0.095909 -0.989347
vn -0.131952 0.154869 -0.979083
vn -0.668874 0.325449 -0.668349
vn -0.950801 0.304337 0.057932
vn -0.391776 0.138653 0.909553
vn 0.279780 -0.077428 0.956937
vn 0.500213 -0.171077 0.848834
vn 0.490170 -0.165253 0.855818
vn 0.183352 -0.150841 0.971406
vn -0.245274 -0.123044 0.961614
vn -0.626352 -0.073226 0.776093
vn -0.965106 0.033246 0.259741
vn -0.996690 0.058067 -0.056902
vn -0.900782 0.108607 -0.420473
vn -0.775628 0.116364 -0.620372
vn -0.645357 0.093770 -0.758104
vn -0.482494 0.007019 -0.875871
vn -0.462310 -0.062598 -0.884506
vn -0.590911 -0.053501 -0.804961
vn -0.836588 0.027949 -0.547119
vn -0.970336 0.147713 -0.191388
vn -0.837876 0.304814 0.452828
vn 0.154799 0.187476 0.969995
vn 0.756831 0.009125 0.653547
vn 0.831484 -0.076356 0.550276
vn -0.091859 0.034676 0.995168
vn -0.817856 0.141137 0.557846
vn -0.896816 0.144595 0.418107
vn -0.214219 -0.046225 0.975691
vn 0.439377 -0.188943 0.878207
vn 0.779997 0.035796 0.624758
vn 0.590177 0.230438 0.773686
vn 0.098138 0.138928 0.985428
vn -0.317966 0.035276 0.947446
vn -0.001115 0.017466 0.999847
vn 0.376516 0.013234 0.926316
vn 0.319138 0.071530 0.945005
vn -0.058759 0.034012 0.997693
vn -0.223447 -0.088865 0.970657
vn -0.138782 -0.135477 0.981013
vn -0.035364 -0.140382 0.989466
vn 0.027609 -0.125041 0.991767
vn 0.094721 -0.021500 0.995272
vn 0.091911 0.057471 0.994107
vn 0.028353 0.069983 0.997145
vn 0.059316 -0.020253 0.998034
vn 0.109833 -0.001519 0.993949
vn 0.054162 0.052778 0.997136
vn -0.022622 0.029603 0.999306
vn -0.046087 -0.054157 0.997468
vn -0.003991 -0.152710 0.988263
vn 0.072056 -0.227499 0.971109
vn 0.137833 -0.229655 0.963463
vn 0.146492 -0.062471 0.987237
vn -0.041053 0.055256 0.997628
vn -0.402323 0.041486 0.914557
vn -0.906175 -0.204643 0.370093
vn -0.901807 -0.365141 -0.231118
vn -0.879699 -0.337238 0.335261
vn -0.472507 -0.158342 0.866986
vn 0.159446 0.036921 0.986516
vn 0.731618 0.161655 0.662271
vn 0.969611 -0.054611 -0.238479
vn 0.932849 -0.130925 -0.335636
vn 0.668679 -0.020215 0.743277
vn -0.417313 0.108337 0.902282
vn -0.565782 0.166622 0.807544
vn -0.159349 0.213716 0.963812
vn 0.761772 0.298246 0.575112
vn 0.973095 0.190569 -0.129496
vn 0.671965 -0.063823 -0.737827
vn 0.443223 -0.154137 -0.883060
vn 0.542683 -0.091554 -0.834933
vn 0.753897 -0.031065 -0.656258
vn 0.836079 -0.020604 -0.548222
vn 0.999963 -0.005878 0.006344
vn 0.891319 0.056106 0.449891
vn 0.626104 0.100041 0.773295
vn 0.361439 0.059253 0.930511
vn 0.044150 -0.069578 0.996599
vn -0.052431 -0.155416 0.986457
vn 0.263964 -0.084043 0.960864
vn 0.751121 0.085827 0.654562
vn 0.873892 0.231708 -0.427345
vn 0.041421 0.155480 -0.986970
vn -0.413410 0.081091 -0.906927
vn -0.219495 0.067792 -0.973255
vn 0.408077 -0.033828 -0.912321
vn 0.974390 -0.065782 -0.215029
vn 0.987699 -0.061275 0.143859
vn 0.893746 -0.025914 0.447824
vn 0.853058 -0.027320 0.521101
vn 0.930948 -0.012502 0.364936
vn 0.998106 0.041187 -0.045699
vn 0.964554 0.051464 -0.258820
vn 0.950695 0.046831 -0.306573
vn 0.992915 0.033168 -0.114103
vn 0.999028 -0.005987 0.043670
vn 0.997736 -0.039554 0.054398
vn 0.991300 -0.077537 -0.106359
vn 0.962394 -0.065613 -0.263616
vn 0.969187 -0.052690 -0.240625
vn 0.976799 0.032648 0.211653
vn 0.706821 0.090546 0.701574
vn 0.242456 0.093251 0.965670
vn 0.189448 0.116333 0.974975
vn 0.715895 0.183849 0.673568
vn 0.850022 0.229444 -0.474151
vn 0.119700 -0.053294 -0.991379
vn -0.397833 -0.209293 -0.893266
vn -0.193346 -0.168233 -0.966600
vn 0.443741 -0.065046 -0.893791
vn 0.931898 0.025964 -0.361790
vn 0.983348 0.106497 0.147261
vn 0.895812 0.101277 0.432740
vn 0.868000 0.084597 0.489304
vn 0.853792 0.040320 0.519051
vn 0.858255 -0.004148 0.513207
vn 0.893562 -0.028136 0.448058
vn 0.957843 -0.019215 0.286650
vn 0.994964 0.030037 0.095625
vn 0.990726 0.103201 -0.088378
vn 0.912419 0.209364 -0.351650
vn 0.471650 0.458531 -0.753190
vn -0.292771 0.506915 -0.810754
vn -0.987224 0.029900 -0.156511
vn -0.930153 -0.283927 0.232811
vn -0.781736 0.015496 -0.623416
vn 0.008755 0.176482 -0.984265
vn 0.575856 0.237160 -0.782397
vn 0.636333 0.278020 -0.719573
vn 0.345861 0.325399 -0.880055
vn -0.456130 0.410951 -0.789345
vn -0.926552 0.213996 -0.309367
vn -0.793708 0.074479 0.603722
vn -0.822640 0.446800 0.351616
vn -0.591830 0.495989 -0.635399
vn -0.274597 0.383221 -0.881895
vn -0.054501 0.193374 -0.979610
vn -0.010282 0.112243 -0.993627
vn -0.006582 0.044533 -0.998986
vn -0.009411 0.026097 -0.999615
vn -0.007963 0.011787 -0.999899
vn -0.000029 0.003255 -0.999995
vn 0.005923 -0.004630 -0.999972
vn 0.006997 -0.010407 -0.999921
vn 0.003992 -0.010467 -0.999937
vn 0.006187 -0.002304 -0.999978
vn 0.010656 0.000952 -0.999943
vn 0.013037 0.004227 -0.999906
vn 0.014471 0.010009 -0.999845
vn 0.024313 0.027068 -0.999338
vn 0.033477 0.050496 -0.998163
vn 0.053779 0.095228 -0.994002
vn 0.075650 0.142423 -0.986911
vn 0.185157 0.263728 -0.946660
vn 0.448605 0.560124 -0.696429
vn 0.753071 0.657220 -0.030752
vn 0.942963 0.121131 0.310077
vn 0.954438 0.234971 -0.183948
vn 0.778394 0.462396 -0.424608
vn 0.015439 0.671460 -0.740880
vn -0.266379 0.704036 -0.658313
vn 0.110880 0.644480 -0.756539
vn 0.758668 0.304363 -0.576009
vn 0.976705 -0.016025 -0.213986
vn 0.991596 -0.125553 -0.031203
vn 0.991181 -0.090735 -0.096583
vn 0.737793 0.457517 -0.496327
vn -0.489975 0.709828 -0.506032
vn -0.998164 0.021848 -0.056496
vn -0.934625 0.161241 -0.316981
vn -0.533530 0.289326 -0.794755
vn -0.335928 0.439521 -0.833051
vn -0.786797 0.355551 -0.504513
vn -0.942553 0.038186 0.331867
vn -0.757526 -0.055519 0.650439
vn -0.615849 -0.042551 0.786714
vn -0.759090 0.111536 -0.641359
vn -0.557769 0.005506 -0.829978
vn 0.851437 0.401179 -0.337803
vn 0.000097 1.000000 0.000128
vn 0.998697 -0.049813 -0.011109
vn -0.960785 -0.094796 -0.260587
vn -0.670885 -0.053308 0.739643
vn -0.606320 -0.029275 0.794681
vn -0.998554 0.053716 -0.002012
vn 0.169096 -0.053157 0.984165
vn 0.433475 -0.041906 0.900191
vn 0.599659 0.073787 0.796847
vn 0.754612 0.640351 -0.143218
vn 0.895378 -0.045071 0.443020
vn 0.816524 -0.021115 0.576926
vn 0.866014 0.057573 0.496694
vn -0.978903 -0.028301 0.202355
vn -0.998360 -0.010113 0.056350
vn -0.776959 0.059828 -0.626701
vn -0.370511 -0.029072 -0.928373
vn -0.873604 0.124711 -0.470387
vn -0.681463 0.731736 -0.013092
vn -0.740370 0.112645 0.662694
vn -0.035811 0.631141 -0.774841
vn 0.244956 0.449125 -0.859234
vn 0.000095 1.000000 0.000130
vn -0.000094 1.000000 -0.000128
vn 0.835659 0.382269 0.394392
vn -0.998038 -0.051524 0.035564
vn -0.769381 0.380076 -0.513416
vn -0.477685 -0.020942 -0.878282
vn -0.594063 -0.067595 0.801574
vn -0.576373 -0.072824 0.813935
vn -0.872345 -0.040067 0.487246
vn -0.798384 0.079781 0.596840
vn -0.985411 -0.155620 -0.068901
vn 0.998181 0.060241 0.002380
vn 0.415457 0.002802 -0.909608
vn 0.248572 -0.009005 0.968572
vn 0.949682 -0.095676 -0.298246
vn 0.967516 0.028877 -0.251154
vn 0.069084 -0.067095 0.995352
vn 0.403020 0.016443 0.915044
vn -0.046423 -0.080985 0.995634
vn 0.693888 0.028220 0.719530
vn -0.404530 0.388156 -0.828065
vn 0.339126 -0.112654 -0.933971
vn 0.905226 0.000910 0.424931
vn 0.937495 0.044457 0.345147
vn 0.873694 0.054050 0.483464
vn 0.825142 -0.042355 0.563335
vn 0.432035 -0.086022 0.897745
vn -0.141021 -0.096890 0.985254
vn -0.630119 -0.044526 0.775221
vn -0.988517 0.074825 -0.131283
vn -0.797106 0.101537 -0.595241
vn -0.465652 -0.057444 -0.883102
vn -0.666871 -0.011841 -0.745079
vn -0.463732 -0.006029 -0.885955
vn -0.459704 -0.054028 -0.886427
vn -0.405154 -0.046511 -0.913065
vn -0.969526 0.205461 -0.133439
vn 0.556264 0.074445 0.827665
vn -0.999032 -0.043933 -0.002194
vn -0.408994 0.012376 0.912453
vn -0.334389 0.040764 0.941553
vn 0.117461 0.064955 0.990951
vn 0.041662 -0.061006 0.997268
vn 0.112332 0.028913 0.993250
vn -0.018780 0.792714 -0.609305
vn -0.060874 0.921955 -0.382482
vn 0.083556 0.746332 -0.660308
vn -0.000095 1.000000 -0.000129
vn 0.959603 0.053271 -0.276270
vn 0.333599 -0.861292 0.383260
vn -0.997738 -0.065051 0.016922
vn -0.284050 0.289580 -0.914035
vn -0.272941 0.023169 -0.961752
vn -0.751002 -0.053637 0.658118
vn -0.814035 0.002001 0.580813
vn -0.620727 -0.076170 0.780318
vn -0.666193 -0.003107 0.745773
vn -0.902284 -0.015372 0.430868
vn -0.613686 -0.060429 0.787234
vn -0.750307 -0.060231 0.658340
vn -0.880663 -0.029435 -0.472827
vn -0.133861 0.444160 0.885891
vn 0.980695 0.053204 0.188168
vn 0.995987 -0.006994 0.089219
vn 0.894240 0.110550 -0.433721
vn -0.141974 0.204702 0.968473
vn 0.975980 0.197471 0.092021
vn -0.216991 -0.062567 -0.974166
vn 0.985259 -0.062674 0.159174
vn 0.868358 -0.011935 -0.495794
vn 0.997914 0.046261 0.045034
vn 0.786538 -0.004084 -0.617528
vn 0.004383 -0.113497 0.993529
vn -0.097609 -0.112827 0.988809
vn 0.251252 -0.008222 0.967887
vn 0.881431 0.029312 0.471402
vn 0.987239 -0.029624 0.156468
vn 0.590042 0.203813 0.781224
vn 0.763066 0.431098 -0.481544
vn -0.737426 -0.054420 -0.673231
vn -0.565262 -0.402275 0.720177
vn -0.053503 -0.158959 -0.985834
vn 0.973325 0.025278 0.228032
vn 0.992885 0.054377 0.105933
vn 0.934694 0.004652 -0.355424
vn 0.901800 0.062948 0.427545
vn 0.849462 0.016329 0.527398
vn 0.850351 -0.031318 0.525283
vn 0.833923 0.007084 0.551836
vn 0.806597 -0.033554 0.590149
vn 0.912570 -0.048743 0.406006
vn 0.801174 -0.031605 0.597596
vn -0.091694 0.020249 0.995581
vn 0.337509 -0.038812 0.940522
vn 0.283560 -0.103640 0.953338
vn -0.191413 -0.072046 0.978862
vn 0.510454 -0.137310 0.848872
vn -0.984501 0.050026 -0.168093
vn -0.944004 0.088062 -0.317965
vn -0.625920 0.066862 -0.777016
vn -0.815361 0.065282 -0.575261
vn -0.650089 0.064443 -0.757120
vn -0.650909 -0.020951 -0.758867
vn -0.842101 0.054845 -0.536524
vn -0.979765 0.167859 -0.109016
vn -0.738965 0.026612 -0.673218
vn -0.340592 0.367876 0.865254
vn 0.761624 0.059830 0.645251
vn -0.998682 -0.041542 0.030138
vn -0.885118 -0.052029 -0.462449
vn -0.968919 0.119621 -0.216533
vn -0.882481 0.099919 0.459611
vn 0.331138 -0.017184 0.943426
vn -0.348944 0.006696 0.937120
vn -0.053991 0.002126 0.998539
vn -0.016993 0.069662 0.997426
vn 0.098574 0.065921 0.992944
vn 0.056877 0.013604 0.998289
vn -0.086329 -0.019254 0.996081
vn 0.005025 -0.028791 -0.999573
vn 0.065494 -0.028698 -0.997440
vn 0.014533 0.013320 -0.999806
vn -0.011622 0.005170 -0.999919
vn 0.011485 0.917579 -0.397388
vn 0.994869 -0.083275 0.057457
vn 0.993037 0.001889 0.117784
vn -0.998426 -0.054408 0.013612
vn -0.722158 0.179657 0.667991
vn -0.598720 0.283703 -0.749030
vn -0.410229 0.314821 -0.855920
vn -0.960077 0.155834 -0.232308
vn -0.403126 -0.026658 -0.914756
vn -0.890174 0.158245 -0.427257
vn -0.505656 -0.041631 -0.861730
vn -0.974651 0.063504 0.214531
vn -0.570652 -0.071236 0.818096
vn -0.998617 0.012279 0.051115
vn -0.860631 -0.094794 -0.500329
vn 0.817606 0.165370 0.551519
vn -0.844487 -0.436009 -0.311027
vn 0.984866 0.059446 0.162805
vn 0.985015 0.001787 -0.172457
vn 0.998435 -0.017110 0.053247
vn 0.975012 0.214571 -0.057541
vn 0.470056 -0.075005 -0.879444
vn -0.506045 0.126756 0.853142
vn 0.792145 0.180995 -0.582879
vn -0.113505 -0.011013 -0.993476
vn 0.990849 -0.093834 -0.097018
vn 0.882657 -0.033160 0.468846
vn 0.991350 0.010120 -0.130850
vn 0.565679 0.010499 0.824558
vn 0.889327 0.040762 0.455451
vn 0.533506 -0.108129 -0.838856
vn 0.704165 -0.030660 -0.709374
vn -0.031405 -0.144382 0.989024
vn 0.216440 -0.059449 0.974484
vn -0.032826 -0.072151 0.996853
vn 0.940550 -0.014020 0.339366
vn 0.196494 0.073566 0.977741
vn 0.954367 0.291188 0.066286
vn 0.348419 0.482474 -0.803631
vn -0.971569 0.178636 -0.155383
vn -0.131081 0.113086 -0.984901
vn -0.948374 0.230597 -0.217741
vn -0.067661 0.009736 -0.997661
vn -0.202587 -0.195659 -0.959519
vn 0.414627 -0.082852 -0.906212
vn -0.330189 -0.127206 -0.935304
vn 0.993538 0.051431 0.101181
vn 0.951163 -0.018355 0.308143
vn 0.981306 0.141342 -0.130622
vn 0.811977 -0.066569 -0.579880
vn 0.965476 0.017248 0.259922
vn 0.873840 -0.055940 0.482985
vn 0.925448 -0.026360 0.377957
vn 0.831632 -0.054467 0.552649
vn 0.823241 0.004547 0.567674
vn -0.658803 0.316316 -0.682586
vn 0.053767 0.020825 0.998336
vn -0.295082 0.124519 0.947323
vn -0.887957 -0.018775 0.459543
vn -0.979472 -0.020004 0.200584
vn 0.537408 -0.157387 0.828506
vn 0.038080 -0.068311 0.996937
vn 0.512051 -0.138970 0.847639
vn 0.476394 -0.140449 0.867942
vn 0.579735 -0.110662 0.807256
vn -0.828405 0.025697 -0.559540
vn -0.991469 -0.005381 0.130234
vn -0.916188 0.010065 0.400622
vn -0.923581 0.054813 -0.379466
vn -0.893455 0.089528 -0.440139
vn -0.844748 0.089577 -0.527615
vn -0.355468 -0.039185 -0.933867
vn -0.603265 -0.001828 -0.797539
vn -0.886248 0.324860 0.330196
vn -0.122686 0.356372 0.926254
vn 0.315141 0.216152 0.924102
vn -0.754316 0.350699 0.554994
vn -0.960253 0.275833 -0.042782
vn 0.778591 0.035927 0.626503
vn 0.576279 -0.042816 0.816131
vn -0.994395 -0.053095 0.091430
vn -0.881731 0.047210 0.469384
vn -0.995246 -0.091987 -0.032007
vn -0.356253 0.046800 -0.933217
vn -0.892894 0.065059 -0.445542
vn -0.912848 0.120936 0.389977
vn -0.667758 0.072484 0.740841
vn -0.717419 0.037076 0.695655
vn -0.900020 0.152746 0.408206
vn -0.654928 0.062232 0.753124
vn 0.201892 -0.069500 0.976939
vn 0.911476 -0.009846 0.411235
vn -0.047411 -0.057200 0.997236
vn 0.573365 -0.056630 0.817341
vn -0.206794 0.062222 0.976404
vn 0.271532 0.031317 0.961920
vn 0.169954 0.028231 0.985048
vn -0.209915 -0.098835 0.972711
vn -0.047317 -0.027214 0.998509
vn 0.011128 0.089064 0.995964
vn 0.029911 -0.055061 0.998035
vn -0.052365 0.023571 0.998350
vn -0.105217 -0.087294 0.990610
vn -0.016603 -0.158453 0.987227
vn 0.024103 0.007351 -0.999682
vn -0.000227 0.001170 -0.999999
vn 0.021312 -0.030666 -0.999303
vn 0.008462 0.006884 -0.999940
vn 0.004833 -0.002791 -0.999984
vn 0.003244 0.019857 -0.999798
vn -0.001916 0.017406 -0.999847
vn 0.994021 -0.105354 -0.028673
vn 0.980813 0.095840 -0.169767
vn 0.984879 -0.011971 -0.172832
vn 0.252248 0.666528 -0.701506
vn -0.187480 0.478000 -0.858118
vn 0.304488 0.362751 -0.880738
vn -0.999847 0.001217 0.017474
vn -0.992636 0.021483 -0.119216
vn -0.979746 0.056160 0.192208
vn -0.635780 0.175191 0.751726
vn -0.311462 0.307064 -0.899279
vn -0.865852 0.323187 -0.381903
vn -0.967995 0.250502 0.015298
vn -0.925351 0.346385 -0.154087
vn -0.988683 0.079230 -0.127387
vn -0.513320 0.308268 -0.800920
vn -0.868643 0.266810 -0.417459
vn -0.866722 0.262197 0.424318
vn -0.689359 0.087316 -0.719139
vn -0.668251 -0.034359 -0.743142
vn -0.523122 -0.124043 -0.843183
vn -0.527847 -0.074861 0.846034
vn -0.687652 -0.074618 0.722196
vn -0.798087 0.001216 0.602541
vn 0.885343 0.125764 0.447607
vn 0.989521 -0.115871 -0.086147
vn -0.455286 0.485990 0.746009
vn -0.916001 -0.252059 -0.312104
vn 0.986136 0.027516 0.163639
vn 0.981191 0.025162 -0.191391
vn 0.997745 -0.013909 0.065662
vn 0.991311 -0.047866 -0.122522
vn 0.520819 0.306631 0.796696
vn 0.530336 -0.032926 -0.847148
vn 0.971037 -0.011075 0.238671
vn -0.585631 0.142136 0.798019
vn -0.333533 0.225085 0.915474
vn 0.087244 -0.089240 0.992182
vn 0.267320 0.312775 0.911434
vn 0.915789 0.272895 0.294717
vn -0.023059 0.251006 0.967711
vn -0.271231 0.061595 0.960541
vn 0.966640 0.199281 -0.160920
vn -0.308265 0.175864 0.934904
vn 0.843761 0.274594 0.461157
vn 0.978446 0.202153 0.042160
vn 0.530781 0.316553 0.786171
vn 0.027478 0.027263 0.999251
vn 0.854196 0.140379 -0.500642
vn -0.402397 0.090335 0.910997
vn 0.970685 0.227103 -0.078710
vn 0.691563 0.062416 -0.719615
vn 0.622105 0.045012 -0.781639
vn 0.443012 0.019365 -0.896306
vn 0.813308 0.293528 0.502365
vn 0.948928 0.177163 -0.261051
vn 0.995974 -0.039745 0.080347
vn 0.890829 -0.020335 -0.453883
vn 0.474427 0.276987 0.835582
vn 0.768197 -0.015887 -0.640017
vn 0.484042 0.003586 -0.875037
vn 0.434303 0.026830 -0.900367
vn 0.670732 0.009091 -0.741644
vn -0.151276 0.086675 -0.984684
vn 0.016742 -0.049573 -0.998630
vn 0.743696 -0.102082 -0.660678
vn -0.374195 0.031633 -0.926810
vn -0.330816 0.090128 -0.939382
vn 0.087642 0.135782 -0.986855
vn 0.638379 0.204942 -0.741937
vn 0.541004 0.204928 -0.815671
vn 0.239758 0.160343 -0.957500
vn -0.196026 0.048170 -0.979415
vn -0.316562 0.045165 -0.947496
vn -0.218558 -0.038196 -0.975076
vn 0.639260 -0.051578 -0.767259
vn 0.983237 -0.160616 -0.086304
vn 0.975429 -0.086352 0.202685
vn 0.873138 -0.039944 0.485834
vn 0.894233 -0.002740 0.447592
vn 0.858177 0.089366 0.505516
vn 0.192959 -0.052774 0.979787
vn 0.885471 0.118818 0.449247
vn -0.118114 -0.102327 0.987714
vn 0.161668 -0.027846 0.986452
vn 0.905935 0.006462 0.423367
vn 0.500438 0.073153 0.862677
vn 0.992930 -0.052166 -0.106623
vn 0.214817 0.063914 0.974561
vn 0.478215 0.195210 0.856273
vn 0.193967 0.066620 0.978743
vn 0.943614 0.297075 -0.146080
vn 0.261600 0.098277 -0.960160
vn 0.557127 0.268136 0.785947
vn 0.222922 0.574404 -0.787633
vn -0.568237 0.492089 -0.659511
vn 0.854886 0.281621 -0.435728
vn -0.998348 -0.040937 0.040319
vn -0.959138 -0.084138 -0.270139
vn -0.223173 0.058256 -0.973037
vn 0.471426 0.162473 -0.866810
vn -0.135505 0.338099 -0.931304
vn -0.366008 -0.151336 0.918224
vn 0.364653 -0.171311 -0.915249
vn 0.785546 -0.057993 -0.616079
vn -0.346157 -0.114511 -0.931162
vn -0.168319 -0.141165 -0.975572
vn 0.879196 -0.021348 0.475982
vn 0.875776 -0.037049 0.481294
vn 0.958759 -0.007647 0.284118
vn 0.975552 0.163001 -0.147404
vn 0.982698 0.054779 0.176928
vn 0.840913 -0.010501 0.541068
vn 0.797333 -0.015479 0.603340
vn -0.492230 0.280434 -0.824055
vn -0.936949 0.348970 0.018636
vn -0.206416 0.148897 -0.967069
vn -0.835575 0.317860 -0.448084
vn -0.250092 0.106298 0.962369
vn -0.142386 0.162603 -0.976364
vn -0.615518 0.210456 0.759504
vn -0.882493 0.027219 -0.469537
vn -0.652113 -0.036409 0.757247
vn -0.635003 -0.044775 0.771211
vn 0.128487 -0.110335 0.985554
vn -0.779911 -0.047053 0.624119
vn -0.436714 0.007735 -0.899567
vn -0.996895 0.072975 0.029570
vn -0.544816 -0.030359 -0.838006
vn -0.281854 -0.026907 -0.959080
vn 0.445504 0.217603 0.868433
vn -0.840126 0.381160 0.385881
vn -0.198620 0.323861 0.925021
vn 0.523880 0.179868 0.832585
vn 0.540318 0.140615 0.829629
vn 0.326574 -0.055182 0.943560
vn 0.144691 0.238686 0.960257
vn -0.954295 0.279037 0.107048
vn 0.660282 -0.028518 0.750476
vn 0.022782 0.287359 0.957552
vn 0.652401 -0.099582 0.751303
vn -0.840922 0.062555 0.537529
vn -0.992818 -0.109129 -0.049027
vn -0.822786 -0.043727 -0.566666
vn -0.991256 -0.109885 0.073061
vn -0.928325 -0.055550 -0.367596
vn -0.989758 -0.099872 0.101999
vn -0.311654 0.017603 -0.950033
vn -0.021975 0.080275 -0.996531
vn -0.742774 -0.024419 -0.669096
vn -0.879981 0.074483 -0.469134
vn -0.523424 0.056844 0.850174
vn -0.669419 0.084903 0.738017
vn -0.136287 0.001690 0.990668
vn 0.741101 -0.102667 0.663497
vn 0.786702 0.105220 0.608300
vn 0.637743 0.072274 0.766851
vn 0.838629 0.110061 0.533468
vn 0.312856 0.138402 0.939663
vn 0.870634 -0.024553 0.491318
vn 0.743012 -0.035774 0.668321
vn 0.944676 -0.092073 0.314818
vn 0.449940 0.183131 0.874081
vn 0.417058 0.166732 0.893455
vn -0.020171 0.084486 0.996220
vn -0.312888 0.042910 0.948820
vn 0.042076 0.077345 0.996116
vn -0.242120 0.007857 0.970215
vn 0.011636 0.026100 0.999592
vn -0.249311 -0.047751 0.967245
vn 0.459537 0.021625 0.887895
vn 0.443453 0.022504 0.896015
vn -0.207283 -0.104863 0.972645
vn -0.076351 -0.060330 0.995254
vn -0.010779 -0.095440 0.995377
vn 0.140222 -0.055565 0.988560
vn 0.037594 -0.074076 0.996544
vn 0.056756 0.083022 0.994930
vn -0.051925 0.039584 0.997866
vn 0.005973 0.055040 0.998466
vn -0.119917 -0.034296 0.992191
vn 0.198399 0.008139 0.980087
vn -0.068128 0.002343 0.997674
vn 0.115904 0.041785 0.992381
vn -0.057101 -0.099356 0.993412
vn -0.069520 -0.120602 0.990264
vn -0.089914 -0.064480 0.993860
vn -0.052813 -0.127719 0.990403
vn 0.094601 -0.219210 0.971080
vn 0.280410 -0.175544 0.943692
vn 0.008873 -0.182152 0.983230
vn 0.131165 -0.199962 0.970985
vn 0.004927 0.076301 -0.997073
vn 0.015477 0.030694 -0.999409
vn -0.017194 0.105358 -0.994286
vn 0.002240 0.003161 -0.999993
vn 0.010682 -0.013504 -0.999852
vn 0.000419 -0.015804 -0.999875
vn 0.009041 -0.002369 -0.999956
vn 0.006017 0.000591 -0.999982
vn 0.011604 -0.001801 -0.999931
vn -0.002425 -0.005905 -0.999980
vn 0.010391 0.004033 -0.999938
vn 0.005414 0.010084 -0.999934
vn 0.016710 0.031687 -0.999358
vn 0.011459 0.040846 -0.999100
vn 0.140484 0.194856 -0.970719
vn 0.985761 0.108106 -0.128796
vn 0.439402 0.726567 -0.528229
vn 0.999632 -0.027129 0.000545
vn 0.876303 0.150384 -0.457688
vn 0.989721 -0.057713 -0.130846
vn 0.927779 0.120698 -0.353070
vn -0.038860 0.714637 -0.698416
vn -0.244238 0.639884 -0.728627
vn 0.802831 0.452580 -0.388115
vn 0.457771 0.462434 -0.759342
vn -0.988913 0.027169 -0.145992
vn -0.938268 0.061293 -0.340436
vn -0.999401 -0.032102 0.012934
vn -0.973201 0.049765 0.224506
vn -0.999022 -0.028089 0.034160
vn -0.846388 0.153402 0.509995
vn -0.621844 0.212586 0.753736
vn -0.957514 0.252697 -0.138966
vn -0.387329 0.324144 -0.863080
vn -0.425263 0.308816 -0.850755
vn -0.924465 0.273333 -0.265806
vn -0.073534 0.754986 -0.651605
vn -0.700202 0.333481 -0.631275
vn -0.738070 0.231870 -0.633631
vn -0.571486 0.362799 -0.736058
vn -0.890908 -0.041058 0.452324
vn -0.550432 0.515351 -0.656840
vn -0.950695 0.293035 0.101531
vn -0.896016 0.366555 -0.250584
vn -0.609232 0.244252 -0.754438
vn -0.384370 0.014648 -0.923063
vn -0.638785 0.116488 -0.760516
vn -0.970245 0.226677 -0.085101
vn -0.728519 0.281940 0.624316
vn -0.724905 0.238967 0.646071
vn -0.973167 0.207801 0.098821
vn -0.798422 0.180509 0.574404
vn -0.957887 0.261331 0.118987
vn -0.473016 -0.024767 -0.880706
vn -0.907463 -0.056189 -0.416358
vn -0.957359 -0.061049 0.282376
vn -0.922506 -0.087078 0.376031
vn -0.572267 -0.068309 0.817217
vn -0.528200 -0.076411 0.845675
vn -0.612188 -0.001126 0.790712
vn -0.686001 0.012799 0.727488
vn -0.864395 0.102837 0.492185
vn -0.988311 -0.121114 -0.092587
vn -0.745654 0.000199 0.666333
vn -0.941615 -0.105534 0.319725
vn -0.935118 -0.083704 0.344308
vn 0.931665 0.180263 0.315444
vn 0.969749 -0.031512 -0.242062
vn 0.533399 0.175407 0.827477
vn -0.753786 -0.211549 0.622136
vn -0.912239 -0.343983 -0.222478
vn 0.164259 -0.116942 0.979461
vn 0.983550 0.060082 0.170354
vn 0.992724 0.065519 -0.101024
vn 0.982807 0.014264 -0.184085
vn 0.999854 -0.005736 -0.016080
vn 0.948921 0.034998 -0.313567
vn 0.997416 -0.022069 0.068363
vn 0.999253 -0.033168 0.019849
vn 0.984010 -0.051982 -0.170360
vn 0.961201 -0.065514 -0.267955
vn 0.751215 0.037928 -0.658967
vn 0.844032 0.073743 -0.531198
vn 0.784987 0.003567 -0.619502
vn 0.979344 -0.136378 -0.149284
vn 0.492660 -0.021374 -0.869959
vn 0.484456 -0.032598 -0.874208
vn 0.428159 -0.055919 -0.901972
vn 0.720417 -0.044500 0.692112
vn 0.759555 -0.155849 -0.631497
vn -0.407749 0.021956 -0.912830
vn 0.353766 -0.082729 -0.931668
vn 0.958530 -0.075567 0.274791
vn 0.998616 -0.050143 0.015899
vn 0.985883 -0.052525 -0.158986
vn 0.956881 -0.070704 0.281745
vn 0.940458 0.019083 0.339374
vn 0.812654 0.102806 0.573606
vn 0.263146 -0.016131 0.964621
vn 0.304740 -0.001786 0.952434
vn 0.231246 -0.069973 0.970376
vn -0.146243 -0.098461 0.984337
vn -0.150742 -0.089843 0.984482
vn 0.483588 0.028525 0.874831
vn 0.638113 0.036084 0.769097
vn 0.991977 -0.085288 -0.093315
vn 0.989929 -0.055215 -0.130354
vn 0.700826 0.212899 0.680821
vn 0.314602 0.144094 0.938223
vn 0.445535 0.063507 0.893009
vn 0.369679 0.050340 0.927795
vn 0.350025 0.085345 0.932845
vn -0.377526 0.443861 -0.812688
vn -0.649256 0.508628 -0.565477
vn 0.960576 0.215707 -0.175396
vn 0.861396 0.323203 -0.391838
vn -0.602233 0.001393 -0.798319
vn -0.992345 -0.080320 -0.093807
vn -0.957016 0.023716 -0.289064
vn -0.967145 -0.208798 -0.145030
vn 0.453755 0.110607 -0.884235
vn 0.615673 0.214327 -0.758295
vn 0.460446 0.192488 -0.866566
vn 0.441943 0.310882 -0.841450
vn -0.623815 0.348687 -0.699480
vn -0.271295 0.401981 -0.874534
vn -0.636146 -0.106330 0.764207
vn -0.348660 0.298757 -0.888359
vn 0.181246 -0.143356 -0.972933
vn 0.324128 -0.083000 -0.942365
vn 0.887208 -0.004475 -0.461348
vn 0.962628 -0.006300 0.270754
vn -0.248652 -0.179716 -0.951774
vn -0.115056 -0.102749 -0.988031
vn -0.224347 -0.089786 -0.970364
vn -0.126786 -0.081897 -0.988543
vn 0.413403 0.112048 -0.903628
vn 0.389827 0.135958 -0.910797
vn -0.151897 -0.049958 -0.987133
vn -0.081278 -0.096765 -0.991983
vn 0.431670 0.098115 -0.896679
vn 0.945811 0.290635 -0.144818
vn 0.981445 -0.085623 -0.171565
vn -0.143877 -0.044491 -0.988595
vn 0.382441 -0.085203 -0.920043
vn 0.600397 -0.088054 -0.794840
vn 0.818073 -0.113670 -0.563769
vn 0.242774 0.108903 -0.963951
vn 0.951081 -0.011721 0.308720
vn 0.949210 0.021147 0.313931
vn 0.775698 0.001185 0.631103
vn 0.990672 0.080565 0.109899
vn 0.980642 0.169955 -0.097240
vn 0.801271 -0.024170 0.597813
vn 0.859530 -0.012833 0.510924
vn 0.995704 -0.005174 0.092445
vn -0.536737 0.150122 0.830287
vn 0.148170 0.005804 0.988945
vn 0.542705 -0.080271 0.836079
vn 0.380705 -0.036971 0.923957
vn 0.166837 -0.070956 0.983428
vn 0.559262 -0.090098 0.824080
vn -0.998399 0.003448 -0.056451
vn -0.904851 0.039527 -0.423890
vn -0.965422 -0.013026 -0.260368
vn -0.067796 -0.091939 0.993454
vn -0.728861 -0.045250 0.683165
vn -0.719792 0.053690 -0.692111
vn -0.549910 0.031424 -0.834632
vn -0.350438 -0.002407 -0.936583
vn -0.301870 -0.018707 -0.953165
vn -0.536893 0.008823 -0.843604
vn -0.455010 0.023822 -0.890167
vn -0.299167 -0.036513 -0.953502
vn -0.337848 -0.018481 -0.941019
vn 0.670280 0.007548 0.742070
vn -0.098987 -0.059173 0.993328
vn -0.764937 0.338659 0.547888
vn -0.950045 0.010290 0.311944
vn -0.983054 0.116273 0.141721
vn -0.766369 -0.021549 -0.642040
vn -0.981518 -0.057957 -0.182383
vn -0.962556 -0.050458 -0.266345
vn -0.995546 -0.082161 0.046230
vn -0.995874 -0.074330 0.052056
vn -0.992635 -0.061704 -0.104253
vn -0.994452 -0.075882 0.072852
vn -0.995334 -0.041412 0.087155
vn -0.998381 -0.054560 0.016089
vn -0.995117 -0.086675 0.047228
vn -0.993476 -0.084973 0.076057
vn -0.882434 0.059648 -0.466639
vn -0.888280 0.038305 0.457702
vn -0.704233 0.021929 0.709630
vn -0.255742 -0.023277 0.966465
vn -0.767178 0.055313 0.639044
vn 0.082800 -0.041598 0.995698
vn -0.873348 0.026030 0.486400
vn -0.872139 0.093022 0.480334
vn 0.415782 -0.025979 0.909093
vn -0.242517 0.038354 0.969389
vn -0.343265 0.002908 0.939234
vn -0.360555 -0.055044 0.931112
vn -0.214641 -0.054521 0.975170
vn 0.084212 0.031981 0.995935
vn -0.059566 0.022735 0.997965
vn -0.044016 -0.009553 0.998985
vn -0.217315 -0.042270 0.975186
vn -0.251229 -0.080935 0.964538
vn 0.025968 0.012619 0.999583
vn -0.345124 -0.089304 0.934299
vn -0.273282 -0.032930 0.961370
vn 0.088266 0.019197 0.995912
vn 0.430136 0.038684 0.901935
vn -0.087683 -0.113137 0.989703
vn 0.091646 -0.072143 0.993175
vn 0.146238 0.021343 0.989019
vn 0.004134 0.019951 0.999792
vn -0.095018 0.050147 0.994212
vn -0.085105 -0.034385 0.995779
vn 0.111318 -0.053480 0.992345
vn 0.140215 -0.024460 0.989819
vn -0.277638 -0.006922 0.960661
vn -0.193876 -0.021969 0.980780
vn -0.115633 0.037505 0.992584
vn 0.076310 0.035937 0.996436
vn -0.195234 -0.029850 0.980302
vn -0.097062 -0.080065 0.992053
vn -0.094136 -0.075247 0.992712
vn -0.203926 -0.064810 0.976839
vn -0.160463 -0.087213 0.983181
vn -0.152281 -0.039500 0.987548
vn -0.070880 -0.048517 0.996304
vn 0.212038 -0.166790 0.962923
vn 0.189453 -0.045097 0.980854
vn 0.420189 -0.163514 0.892583
vn 0.338888 -0.189133 0.921620
vn 0.011086 0.059686 -0.998156
vn 0.002104 0.027560 -0.999618
vn 0.005233 -0.004074 -0.999978
vn -0.295571 0.331197 -0.896073
vn -0.071744 0.206157 -0.975885
vn 0.029557 -0.037978 -0.998841
vn -0.002148 0.011064 -0.999937
vn 0.000686 0.004145 -0.999991
vn 0.005752 -0.012157 -0.999910
vn -0.012882 -0.050438 -0.998644
vn 0.004579 -0.000032 -0.999990
vn 0.043410 -0.012568 -0.998978
vn 0.011067 0.001703 -0.999937
vn 0.029781 -0.002424 -0.999554
vn -0.033380 -0.002594 -0.999439
vn 0.001793 -0.007289 -0.999972
vn -0.003349 0.008825 -0.999955
vn -0.004670 0.000125 -0.999989
vn -0.005691 0.000619 -0.999984
vn 0.013233 0.014630 -0.999805
vn 0.026939 0.065204 -0.997508
vn 0.029204 0.082256 -0.996183
vn 0.010549 0.228445 -0.973500
vn 0.223239 0.328504 -0.917742
vn 0.294949 0.348676 -0.889623
vn 0.998869 -0.028942 -0.037724
vn 0.998936 -0.045261 0.008905
vn 0.881756 0.392255 -0.261997
vn -0.172654 0.835985 -0.520883
vn 0.860820 0.368878 -0.350596
vn 0.840401 0.428436 -0.331916
vn 0.996664 0.051547 -0.063279
vn 0.958309 0.197100 -0.206872
vn 0.510417 0.190658 -0.838525
vn 0.852122 0.136642 -0.505191
vn 0.884285 0.111780 -0.453371
vn 0.806076 0.373370 -0.459170
vn 0.988925 0.001724 -0.148404
vn 0.815385 0.190973 -0.546513
vn -0.027302 0.504200 -0.863155
vn 0.261757 0.468317 -0.843897
vn 0.081508 0.465186 -0.881452
vn -0.104821 0.562944 -0.819821
vn 0.561935 0.266004 -0.783244
vn 0.525699 0.198794 -0.827116
vn -0.079881 0.612029 -0.786791
vn -0.265535 0.685248 -0.678179
vn 0.120630 0.641812 -0.757315
vn -0.228112 0.569921 -0.789402
vn 0.578624 0.541142 -0.610213
vn 0.905057 -0.115474 0.409313
vn 0.947372 0.117184 0.297916
vn 0.847004 0.530641 0.031696
vn 0.437209 0.076059 0.896138
vn 0.377180 0.386701 -0.841545
vn 0.126799 0.153457 -0.979986
vn 0.846472 0.530151 -0.049243
vn 0.789098 0.254115 0.559240
vn -0.917986 0.053430 -0.392997
vn -0.959647 0.035736 -0.278929
vn -0.997764 -0.064763 0.016489
vn -0.999236 -0.029792 -0.025296
vn -0.997372 -0.023108 0.068663
vn -0.998912 -0.005610 0.046293
vn -0.958268 0.079601 0.274566
vn -0.793110 0.148986 0.590576
vn -0.755162 0.178921 0.630648
vn -0.908962 0.088110 0.407461
vn -0.986175 0.037098 0.161502
vn -0.316462 0.742614 -0.590234
vn -0.684140 0.109736 -0.721049
vn -0.736655 0.098118 -0.669113
vn -0.606269 0.014788 -0.795122
vn -0.790725 0.143911 -0.595015
vn -0.798036 0.201680 0.567860
vn -0.974877 0.222213 -0.015345
vn -0.800567 0.124001 0.586273
vn -0.996553 -0.055774 0.061410
vn -0.863897 0.154708 0.479320
vn -0.808078 0.183927 0.559626
vn -0.983643 -0.066665 0.167339
vn -0.840403 0.090723 0.534314
vn -0.988140 -0.000876 0.153553
vn 0.990234 0.065561 0.123037
vn 0.982619 -0.025637 -0.183855
vn 0.995214 -0.013850 0.096732
vn 0.996167 -0.067501 -0.055635
vn 0.923649 -0.122915 0.362994
vn 0.959026 0.090680 0.268415
vn 0.755291 0.205866 0.622217
vn -0.670309 0.321143 0.668994
vn 0.003696 0.451345 0.892342
vn 0.513475 0.280463 0.810977
vn -0.157640 0.369527 0.915751
vn 0.004762 0.128696 0.991673
vn -0.415658 -0.016821 0.909366
vn 0.575013 0.169724 0.800346
vn -0.584660 -0.197577 0.786852
vn -0.889557 -0.358879 -0.282656
vn -0.944145 -0.327677 0.034904
vn -0.711601 -0.085580 0.697352
vn -0.192304 0.014987 0.981221
vn 0.997412 0.060545 -0.038780
vn 0.983830 0.059136 -0.169058
vn 0.995493 0.067022 -0.067089
vn 0.968001 0.055838 -0.244656
vn 0.998262 0.058910 0.001825
vn 0.917540 0.013932 0.397400
vn 0.918592 0.015637 0.394897
vn 0.913463 -0.041213 0.404830
vn 0.972050 0.056230 0.227943
vn 0.982022 0.045272 0.183258
vn 0.999734 0.005405 0.022427
vn 0.999768 -0.011035 -0.018511
vn 0.944502 0.061573 -0.322685
vn 0.999519 -0.030477 -0.005659
vn 0.995529 -0.019290 0.092462
vn 0.994726 -0.010809 0.101992
vn 0.996701 -0.005832 0.080945
vn 0.999209 -0.039681 0.002766
vn 0.727006 -0.032428 -0.685864
vn 0.531904 -0.084673 -0.842561
vn 0.932663 0.022227 -0.360063
vn 0.798534 0.000957 0.601949
vn 0.954545 0.023757 -0.297119
vn 0.451063 -0.080017 0.888898
vn 0.725606 -0.139990 0.673720
vn 0.411033 -0.009434 -0.911572
vn 0.656640 -0.012478 -0.754101
vn 0.086565 0.025473 0.995920
vn 0.025274 0.011992 0.999609
vn 0.922199 -0.060124 -0.382013
vn 0.997350 -0.065679 0.031289
vn 0.200688 -0.089753 -0.975535
vn 0.582045 0.051992 0.811492
vn 0.967871 0.211885 -0.135390
vn 0.912762 0.157062 0.377090
vn 0.400995 0.145294 -0.904485
vn 0.724488 0.205465 -0.657952
vn 0.445908 0.043888 0.894002
vn -0.018843 0.056532 -0.998223
vn 0.422388 0.018572 0.906225
vn -0.122991 0.000130 -0.992408
vn 0.948136 0.233862 0.215283
vn 0.183427 -0.090224 0.978884
vn 0.024140 -0.022914 -0.999446
vn -0.095552 -0.072838 0.992756
vn -0.060115 0.036156 -0.997536
vn 0.155420 -0.032806 -0.987304
vn -0.053554 -0.094865 0.994049
vn 0.001403 -0.106732 0.994287
vn -0.134211 -0.095117 0.986377
vn 0.073910 -0.051024 0.995959
vn -0.054879 -0.102417 0.993227
vn 0.623418 -0.061382 0.779475
vn 0.443176 -0.039514 -0.895563
vn 0.840116 -0.081074 -0.536313
vn 0.852653 0.232296 -0.467997
vn 0.340359 0.128648 -0.931454
vn 0.982955 0.183798 0.004209
vn 0.749365 0.103297 0.654050
vn 0.773940 0.154343 0.614161
vn 0.461417 0.076068 0.883916
vn 0.980986 -0.026140 -0.192312
vn 0.916073 0.035206 0.399462
vn 0.765378 -0.076297 0.639042
vn 0.811153 -0.014378 0.584657
vn -0.057721 -0.092791 0.994011
vn 0.949278 -0.015618 0.314050
vn 0.726107 0.033852 0.686748
vn 0.377053 0.056861 0.924444
vn 0.999418 -0.034004 -0.002864
vn 0.971821 -0.046963 -0.230996
vn 0.967779 -0.058738 -0.244856
vn 0.991017 -0.039723 -0.127700
vn -0.349284 0.470126 -0.810544
vn 0.232212 0.544647 -0.805877
vn 0.743207 0.419330 -0.521350
vn 0.892326 0.268708 -0.362699
vn 0.945499 0.082538 0.314991
vn -0.883640 0.162037 -0.439232
vn -0.622385 -0.025780 -0.782287
vn 0.151793 0.547414 -0.822980
vn 0.512091 0.171034 -0.841731
vn 0.054775 0.096531 -0.993822
vn -0.230110 0.368488 -0.900703
vn -0.947545 0.222075 -0.229873
vn -0.621922 -0.104739 0.776043
vn -0.988913 0.139845 0.049937
vn -0.882731 -0.088878 0.461397
vn -0.842850 0.248157 0.477516
vn 0.882025 -0.042187 -0.469310
vn 0.952003 0.280141 -0.123335
vn 0.716873 0.217404 0.662442
vn 0.490714 0.149277 0.858438
vn 0.501284 0.088954 0.860698
vn 0.897604 -0.008947 0.440713
vn 0.892978 -0.002405 0.450094
vn 0.977090 -0.041985 -0.208646
vn 0.991943 -0.057922 0.112664
vn 0.752026 0.016809 0.658919
vn 0.812225 0.004219 0.583328
vn 0.050116 -0.092817 -0.994421
vn 0.835950 -0.016757 0.548550
vn 0.788423 -0.009603 0.615059
vn 0.856796 -0.010153 0.515556
vn -0.025568 0.066859 0.997435
vn -0.810643 0.304416 0.500189
vn -0.669096 0.213544 -0.711835
vn -0.907288 0.342921 0.243378
vn -0.595358 0.250751 -0.763330
vn -0.796574 0.381192 -0.469214
vn -0.332853 0.161713 -0.929009
vn -0.984811 0.049368 0.166461
vn -0.997245 -0.016352 0.072352
vn -0.892751 -0.020417 -0.450087
vn -0.997418 -0.021186 0.068611
vn -0.981717 -0.030228 -0.187929
vn -0.646199 0.057178 -0.761024
vn -0.403594 -0.019756 -0.914725
vn -0.719252 0.020134 -0.694457
vn -0.461830 0.020267 -0.886737
vn -0.803903 -0.008628 -0.594698
vn -0.799578 0.088911 -0.593945
vn -0.995797 -0.051781 0.075540
vn -0.972752 0.004458 0.231804
vn -0.895902 0.031290 0.443149
vn -0.905827 0.097329 0.412316
vn -0.863923 0.087848 0.495904
vn -0.938979 0.094869 -0.330632
vn -0.927914 0.066930 -0.366738
vn -0.991625 0.111655 -0.064908
vn -0.924602 0.103310 0.366659
vn -0.988908 0.131975 -0.068150
vn -0.927998 0.088191 -0.361997
vn -0.991891 0.109697 -0.064177
vn -0.937199 0.106954 -0.331992
vn -0.972791 0.009740 -0.231480
vn -0.923999 0.073380 -0.375289
vn -0.964238 0.021315 -0.264181
vn -0.995938 -0.046004 0.077409
vn -0.904144 0.071865 -0.421140
vn -0.998880 -0.020629 -0.042589
vn -0.999084 -0.012706 -0.040864
vn -0.996825 -0.048325 0.063280
vn -0.992700 -0.068202 0.099473
vn -0.994716 -0.048663 0.090398
vn -0.994093 -0.060200 0.090305
vn -0.999394 -0.006784 -0.034152
vn -0.993716 -0.079872 -0.078421
vn -0.998027 -0.058184 0.023587
vn 0.329485 -0.065963 0.941854
vn 0.968942 0.211566 0.128031
vn -0.364622 0.009752 0.931105
vn -0.375017 0.032128 0.926461
vn -0.081701 0.014131 0.996557
vn -0.138865 0.039851 0.989509
vn 0.438590 0.042252 0.897693
vn 0.322938 0.053742 0.944893
vn 0.423202 0.053871 0.904432
vn 0.267161 0.058135 0.961897
vn 0.043374 -0.033308 0.998504
vn 0.173572 -0.184840 0.967319
vn -0.145328 -0.015962 0.989255
vn 0.004635 -0.049197 0.998778
vn 0.013130 -0.014649 -0.999806
vn 0.012618 0.010572 -0.999864
vn 0.013019 0.010681 -0.999858
vn 0.007702 0.007122 -0.999945
vn 0.007222 0.000087 -0.999974
vn 0.013153 0.007623 -0.999884
vn 0.009118 0.000721 -0.999958
vn 0.016422 0.001688 -0.999864
vn 0.014212 0.002525 -0.999896
vn 0.034246 0.010854 -0.999354
vn -0.029614 0.010309 -0.999508
vn 0.007696 0.048537 -0.998792
vn 0.073916 -0.088624 -0.993319
vn -0.238520 0.234030 -0.942517
vn -0.014587 0.010557 -0.999838
vn -0.627455 0.515815 -0.583297
vn -0.001607 0.005313 -0.999985
vn 0.033668 -0.040464 -0.998614
vn 0.002010 -0.034862 -0.999390
vn 0.025642 -0.015779 -0.999547
vn 0.026797 0.005302 -0.999627
vn -0.000526 0.004109 -0.999991
vn -0.003780 0.001486 -0.999992
vn -0.001464 0.003819 -0.999992
vn 0.020235 0.000570 -0.999795
vn 0.019493 -0.000394 -0.999810
vn 0.009696 0.010980 -0.999893
vn -0.007644 0.003318 -0.999965
vn -0.081787 0.058206 -0.994949
vn -0.019377 -0.026157 -0.999470
vn 0.006965 -0.008027 -0.999944
vn -0.025427 0.132069 -0.990914
vn 0.056426 0.039650 -0.997619
vn -0.005639 0.022520 -0.999730
vn -0.006671 0.013944 -0.999880
vn 0.483926 0.601062 -0.636034
vn 0.445247 0.716804 -0.536608
vn 0.830063 0.411406 -0.376486
vn 0.702338 0.519209 -0.486974
vn -0.280114 0.858239 -0.430073
vn -0.559940 0.668328 -0.489699
vn 0.328718 0.519587 -0.788654
vn 0.692592 0.192114 -0.695276
vn 0.626513 0.542430 -0.559688
vn 0.886045 0.409403 -0.217514
vn 0.050707 0.576837 -0.815284
vn 0.919328 0.376729 -0.113630
vn 0.798967 -0.389343 0.458328
vn 0.357473 -0.624694 0.694241
vn 0.390465 -0.419696 0.819385
vn 0.012923 -0.521189 0.853343
vn 0.158112 -0.301599 0.940233
vn 0.157496 -0.762778 0.627188
vn 0.748159 -0.018473 0.663263
vn 0.551453 -0.651802 0.520628
vn 0.108700 -0.916975 0.383851
vn 0.899715 0.419695 0.119871
vn 0.193847 -0.324049 0.925967
vn 0.293667 -0.842669 0.451297
vn 0.859584 -0.023518 0.510452
vn 0.092615 0.122051 -0.988193
vn 0.033200 0.149869 -0.988148
vn -0.005487 0.113808 -0.993488
vn -0.984280 0.027459 -0.174468
vn -0.998442 -0.049341 -0.026038
vn -0.997455 -0.068673 0.019185
vn -0.993881 -0.072691 -0.083170
vn -0.745073 -0.006188 -0.666954
vn -0.965612 -0.076217 -0.248565
vn -0.798480 -0.073818 0.597479
vn -0.627693 -0.072090 0.775116
vn -0.995930 -0.088525 -0.016952
vn -0.184774 -0.010091 0.982729
vn -0.860237 -0.408611 -0.305007
vn -0.921014 -0.304197 0.243307
vn -0.980076 -0.198280 0.011701
vn -0.662193 -0.160933 0.731848
vn -0.827910 -0.089451 0.553682
vn -0.372981 -0.038735 0.927030
vn 0.230081 -0.100292 0.967990
vn 0.971037 0.067920 -0.229070
vn 0.953538 0.039206 -0.298710
vn 0.981182 0.008450 -0.192902
vn 0.963288 0.030303 -0.266754
vn 0.875108 -0.002077 0.483922
vn 0.999208 0.000747 -0.039781
vn 0.995925 -0.007144 0.089897
vn 0.998608 -0.000504 -0.052740
vn 0.435714 -0.142488 -0.888735
vn 0.451803 -0.007861 -0.892083
vn -0.127188 0.157584 0.979281
vn 0.996387 -0.084440 0.009126
vn 0.938998 -0.039752 0.341618
vn 0.968666 -0.055029 0.242196
vn 0.939915 0.032572 0.339851
vn 0.911204 -0.019862 0.411475
vn 0.969169 0.017237 0.245793
vn 0.964285 0.034158 0.262653
vn 0.960687 0.039317 0.274835
vn 0.954234 -0.021515 0.298285
vn 0.937800 -0.010415 0.347020
vn 0.124006 -0.073391 -0.989564
vn 0.704090 -0.057168 -0.707806
vn 0.573672 0.026732 0.818648
vn -0.014140 -0.072499 0.997268
vn 0.014122 -0.169610 0.985410
vn 0.670586 -0.127837 0.730734
vn 0.421631 -0.102505 0.900955
vn 0.992583 -0.097893 -0.072080
vn 0.994429 -0.104500 0.013828
vn 0.952122 -0.011293 -0.305508
vn 0.614333 -0.019377 -0.788809
vn 0.676190 -0.016555 -0.736541
vn 0.912011 0.012295 -0.409982
vn 0.978396 -0.062408 0.197095
vn 0.189757 -0.046074 0.980749
vn 0.978762 -0.054158 -0.197714
vn 0.966250 -0.051831 -0.252337
vn 0.969440 -0.068326 -0.235623
vn 0.972043 -0.055626 -0.228119
vn 0.958475 0.031933 0.283383
vn 0.991558 0.129308 0.009608
vn 0.823883 0.014871 0.566565
vn -0.794975 -0.026073 -0.606081
vn -0.435815 0.416918 -0.797650
vn -0.577083 0.311684 -0.754870
vn 0.940318 0.297257 -0.165651
vn 0.361374 0.230849 -0.903392
vn 0.574393 0.189078 -0.796444
vn 0.478112 0.279554 -0.832622
vn -0.087627 0.417074 -0.904638
vn -0.292395 0.447323 -0.845226
vn 0.400896 0.251411 -0.880951
vn -0.738291 -0.108412 0.665712
vn -0.950798 0.284160 -0.123434
vn 0.553207 0.170741 -0.815359
vn 0.369644 0.224429 -0.901662
vn 0.432843 0.129101 -0.892177
vn -0.145414 0.090216 -0.985249
vn -0.305108 0.344395 -0.887863
vn -0.084696 0.376377 -0.922587
vn -0.689576 -0.141248 0.710306
vn -0.731473 0.198410 0.652366
vn -0.659448 0.438331 -0.610732
vn -0.842465 0.508373 -0.178353
vn 0.857216 -0.122724 -0.500120
vn 0.346131 0.042900 -0.937205
vn 0.599778 0.036879 0.799316
vn 0.999312 -0.013510 0.034533
vn 0.815907 0.005772 0.578155
vn 0.930257 0.008575 0.366809
vn 0.997547 -0.032034 0.062233
vn 0.481943 0.027699 0.875765
vn 0.717711 0.217123 0.661625
vn 0.922694 0.273856 -0.271364
vn 0.793610 0.014824 0.608246
vn 0.266010 -0.110116 0.957660
vn -0.277421 -0.008541 -0.960711
vn -0.286913 0.012834 -0.957871
vn -0.237615 -0.014909 -0.971245
vn -0.689772 0.050589 -0.722257
vn -0.951409 0.157471 -0.264619
vn -0.283337 0.329520 0.900631
vn -0.999747 -0.020895 -0.008388
vn -0.972113 -0.025292 0.233144
vn 0.763557 0.125128 0.633501
vn -0.349952 0.005532 0.936751
vn -0.109606 0.033343 0.993416
vn 0.206344 0.020158 0.978272
vn 0.125865 0.108455 0.986101
vn 0.149166 0.096390 0.984103
vn 0.204942 0.012307 0.978697
vn 0.450450 -0.018360 0.892613
vn -0.085875 0.139235 0.986529
vn -0.083335 0.165447 0.982691
vn 0.442061 0.026342 0.896598
vn 0.182246 0.095956 0.978560
vn 0.081737 0.077086 0.993668
vn 0.230959 0.004569 0.972953
vn -0.039052 -0.127017 0.991131
vn -0.201577 0.038847 0.978702
vn -0.110841 -0.065974 0.991646
vn -0.007964 -0.005217 -0.999955
vn -0.009161 0.140138 -0.990090
vn -0.014939 0.021935 -0.999648
vn -0.019683 0.006427 -0.999786
vn -0.019099 -0.010929 -0.999758
vn 0.032794 0.032306 -0.998940
vn -0.000359 0.046934 -0.998898
vn 0.008399 -0.037623 -0.999257
vn 0.045510 -0.064658 -0.996869
vn 0.012717 -0.039474 -0.999140
vn -0.004096 0.020991 -0.999771
vn 0.000191 -0.018108 -0.999836
vn -0.040993 0.279246 -0.959344
vn 0.012764 0.335737 -0.941869
vn -0.046086 0.843408 -0.535293
vn -0.010141 0.225861 -0.974107
vn -0.020744 0.813409 -0.581322
vn -0.765779 0.543691 -0.343487
vn -0.001847 0.003949 -0.999990
vn 0.009917 0.001764 -0.999949
vn 0.061550 -0.005925 -0.998086
vn 0.009044 0.183680 -0.982945
vn 0.068617 0.035729 -0.997003
vn 0.077601 0.001516 -0.996983
vn -0.006510 -0.013643 -0.999886
vn -0.033687 0.466848 -0.883696
vn -0.004675 0.163058 -0.986605
vn 0.058739 0.866472 -0.495757
vn -0.020599 0.645438 -0.763535
vn 0.004633 -0.053732 -0.998545
vn -0.055136 -0.022298 -0.998230
vn -0.000096 1.000000 -0.000129
vn 0.009083 0.900598 -0.434557
vn 0.015545 0.367954 -0.929714
vn 0.022117 0.990518 -0.135589
vn 0.034014 0.701509 -0.711849
vn 0.023686 0.922396 -0.385519
vn 0.029680 0.953979 -0.298399
vn -0.062137 0.015632 -0.997945
vn -0.013398 0.984356 -0.175679
vn -0.000096 1.000000 -0.000127
vn -0.078998 0.938344 -0.336557
vn -0.002083 0.222448 -0.974942
vn -0.010400 0.654526 -0.755968
vn -0.000095 1.000000 -0.000128
vn 0.017451 0.077995 -0.996801
vn -0.005838 0.999292 -0.037179
vn -0.015170 0.011187 -0.999822
vn 0.024313 0.001302 -0.999704
vn -0.001492 0.024360 -0.999702
vn 0.005556 0.032871 -0.999444
vn -0.002412 0.043708 -0.999041
vn 0.011423 0.014978 -0.999823
vn 0.008507 0.046669 -0.998874
vn 0.006350 0.020963 -0.999760
vn -0.019433 0.039939 -0.999013
vn -0.014820 0.027728 -0.999506
vn 0.828802 0.267445 -0.491488
vn 0.723260 0.552316 -0.414539
vn 0.130628 0.833474 -0.536896
vn 0.137219 0.186812 -0.972765
vn 0.568145 0.472993 -0.673416
vn 0.007563 0.038243 -0.999240
vn 0.058439 0.063213 -0.996288
vn -0.994601 -0.057365 0.086475
vn -0.958564 -0.076657 0.274371
vn -0.889213 -0.082005 -0.450084
vn -0.908590 -0.028519 -0.416715
vn -0.922567 -0.028547 -0.384780
vn -0.892347 -0.330110 -0.307806
vn -0.903787 -0.290139 -0.314625
vn -0.911712 0.043430 0.408527
vn -0.951732 -0.229301 -0.204030
vn -0.924964 -0.189041 -0.329704
vn -0.950336 -0.204990 -0.234182
vn 0.363865 -0.194407 0.910938
vn -0.784315 -0.163533 0.598421
vn -0.902807 -0.197884 -0.381814
vn 0.122931 0.050222 0.991144
vn -0.175030 -0.101824 0.979284
vn 0.158288 -0.162285 0.973965
vn 0.541569 -0.079933 0.836847
vn -0.958345 -0.278643 0.062710
vn -0.875865 -0.186988 0.444856
vn -0.954842 -0.275238 -0.111896
vn 0.995422 -0.007621 0.095269
vn 0.999772 -0.015977 0.014148
vn 0.991849 -0.029722 -0.123902
vn 0.999979 -0.006458 -0.000476
vn 0.999510 -0.007795 0.030301
vn 0.997103 -0.002190 -0.076033
vn 0.999334 0.001770 0.036446
vn 0.995884 -0.009089 0.090186
vn 0.987522 0.018125 -0.156432
vn 0.976775 0.027422 -0.212505
vn 0.975318 0.041568 -0.216857
vn 0.991447 0.055526 -0.118107
vn 0.997769 0.052731 0.040944
vn 0.419514 -0.081307 -0.904100
vn 0.550457 -0.049847 -0.833374
vn 0.124303 -0.047298 0.991116
vn -0.124288 -0.082616 0.988801
vn -0.189549 -0.098537 0.976914
vn 0.024703 -0.070251 0.997223
vn 0.278956 -0.099893 0.955094
vn 0.944473 -0.036278 -0.326580
vn 0.963718 -0.009138 -0.266767
vn 0.784229 -0.079261 0.615388
vn 0.716186 0.004671 -0.697894
vn 0.972008 -0.045875 0.230427
vn 0.995247 -0.041861 0.087921
vn -0.007552 -0.066080 0.997786
vn 0.990562 -0.049114 -0.127961
vn 0.967700 -0.051977 -0.246690
vn 0.962111 -0.056843 -0.266667
vn 0.976256 -0.043113 -0.212287
vn -0.769365 0.061564 -0.635837
vn -0.061299 0.168920 -0.983722
vn -0.508014 0.084681 -0.857176
vn -0.033242 0.090444 -0.995347
vn 0.756715 0.417982 -0.502667
vn 0.976567 0.209624 -0.048731
vn 0.964802 0.216696 -0.148994
vn 0.988188 0.118140 0.097610
vn -0.132967 -0.333035 0.933492
vn -0.279194 0.025690 -0.959891
vn -0.934925 0.322277 -0.148503
vn -0.923302 0.342133 0.174523
vn -0.716115 0.437487 -0.543860
vn 0.112982 0.280349 -0.953226
vn -0.517015 0.485153 -0.705211
vn -0.637886 0.470590 -0.609628
vn -0.983514 -0.008766 0.180620
vn -0.150239 0.685394 -0.712505
vn -0.248200 0.405886 -0.879576
vn -0.345576 0.354678 -0.868781
vn -0.876833 0.223500 0.425690
vn -0.323033 0.368208 -0.871821
vn -0.905352 0.414511 0.092295
vn -0.361510 0.171868 -0.916391
vn -0.370119 0.527266 -0.764854
vn -0.740216 0.574935 -0.348610
vn -0.893132 0.428882 -0.135558
vn -0.871032 0.490591 0.024955
vn -0.926236 0.140053 0.349960
vn -0.996537 -0.080115 0.022249
vn -0.975170 -0.085073 0.204466
vn -0.949819 -0.039008 0.310358
vn -0.668331 0.599796 -0.439977
vn -0.052161 0.028418 -0.998234
vn -0.116678 0.071007 -0.990628
vn -0.686542 0.207124 0.696965
vn 0.992595 -0.044487 -0.113029
vn 0.174721 0.030270 -0.984153
vn 0.796162 0.019859 0.604758
vn 0.764416 0.000860 0.644723
vn 0.475410 -0.054150 0.878097
vn 0.427935 -0.091139 0.899203
vn -0.464874 0.030865 -0.884839
vn -0.817096 0.380261 0.433308
vn -0.998443 -0.055515 0.005398
vn 0.471137 -0.028032 0.881614
vn 0.937769 0.238576 0.252330
vn -0.477960 0.017958 0.878198
vn -0.417807 0.103531 0.902618
vn 0.433619 0.035210 0.900408
vn 0.447257 -0.032326 0.893821
vn -0.111506 0.079022 0.990617
vn -0.008803 0.017768 0.999803
vn -0.037269 -0.082161 0.995922
vn 0.283975 -0.184997 0.940816
vn -0.227344 0.030125 0.973348
vn 0.060594 0.137867 -0.988595
vn 0.036335 0.099594 -0.994365
vn 0.001522 0.038783 -0.999246
vn 0.011254 0.384380 -0.923106
vn -0.012210 0.017483 -0.999773
vn -0.003106 0.999624 -0.027258
vn -0.992912 -0.030482 0.114872
vn -0.977007 -0.172964 -0.124660
vn -0.510733 0.632092 0.582762
vn 0.595930 0.319531 0.736728
vn 0.167681 0.395548 0.903009
vn 0.071030 0.702668 0.707964
vn -0.842358 0.091531 0.531088
vn -0.937741 -0.292723 0.186962
vn -0.929814 -0.142207 0.339446
vn 0.369243 -0.178067 0.912114
vn 0.418700 -0.235221 0.877132
vn 0.418010 -0.167274 0.892909
vn -0.067305 -0.054858 0.996223
vn -0.222323 0.043362 0.974008
vn 0.282027 -0.212267 0.935630
vn -0.256054 0.028107 0.966254
vn -0.242247 0.071497 0.967577
vn -0.271583 -0.102366 0.956956
vn 0.993692 -0.030122 -0.108020
vn 0.996000 -0.016219 -0.087867
vn 0.966811 -0.054482 -0.249618
vn 0.996411 -0.028869 -0.079569
vn 0.975017 -0.035800 -0.219225
vn 0.996941 -0.001183 0.078151
vn 0.997116 -0.009316 0.075320
vn 0.995200 -0.007903 0.097544
vn 0.995791 -0.007770 -0.091327
vn 0.992354 0.057632 -0.109143
vn 0.990449 -0.043663 0.130785
vn -0.391325 -0.327343 0.860065
vn -0.522994 -0.163333 0.836540
vn -0.137942 -0.470057 0.871790
vn -0.246744 -0.419541 0.873557
vn -0.272301 -0.388978 0.880084
vn -0.910957 0.195105 0.363443
vn -0.496336 -0.217901 0.840339
vn -0.541007 -0.252535 0.802208
vn -0.419383 -0.342159 0.840860
vn -0.733550 -0.290451 0.614446
vn -0.652535 -0.044061 0.756476
vn -0.682625 -0.062308 0.728108
vn -0.837931 -0.056126 0.542883
vn -0.857941 -0.174627 0.483159
vn 0.090257 0.288092 -0.953340
vn -0.742953 0.220958 0.631821
vn -0.589303 0.414612 -0.693411
vn -0.835495 0.363822 0.411802
vn -0.699207 -0.201387 0.685968
vn -0.464475 -0.401374 0.789406
vn -0.292330 -0.184084 0.938433
vn -0.239070 -0.089901 0.966832
vn -0.761844 -0.080464 0.642744
vn -0.365673 -0.178935 0.913381
vn -0.394993 -0.227805 0.889992
vn -0.955119 0.271698 -0.118017
vn -0.886584 0.264751 -0.379308
vn 0.990991 -0.130512 -0.030054
vn 0.813007 0.033352 0.581298
vn 0.046407 -0.136192 -0.989595
vn 0.566356 -0.038655 0.823254
vn -0.879232 -0.137877 0.456005
vn -0.517202 0.373293 0.770165
vn 0.796491 0.036545 0.603545
vn 0.902323 0.257376 0.345789
vn 0.952752 0.297933 -0.059164
vn 0.597613 0.084351 0.797336
vn -0.886173 0.033897 0.462113
vn 0.499985 0.020620 0.865789
vn -0.110027 0.035195 0.993305
vn -0.001573 0.099935 0.994993
vn 0.038459 0.045553 0.998221
vn -0.220049 -0.100528 0.970295
vn 0.287781 -0.193045 0.938038
vn 0.024075 0.101815 -0.994512
vn -0.015276 0.617864 -0.786136
vn 0.009248 0.286565 -0.958016
vn 0.991988 -0.025858 -0.123659
vn 0.999082 0.002190 0.042778
vn 0.999807 -0.007305 -0.018260
vn 0.999422 -0.013945 0.031004
vn 0.989561 0.001162 -0.144108
vn 0.998793 -0.018272 -0.045602
vn 0.998453 -0.016727 -0.053021
vn 0.984532 0.011059 -0.174854
vn 0.971962 0.016206 -0.234580
vn 0.981937 0.039015 -0.185142
vn 0.986331 0.050912 -0.156715
vn 0.995750 0.052763 -0.075491
vn 0.982912 -0.069762 0.170346
vn 0.969545 -0.024973 0.243638
vn 0.952684 0.013665 0.303654
vn 0.979365 -0.025820 0.200446
vn 0.985177 -0.035175 0.167896
vn 0.966707 -0.037393 -0.253141
vn 0.226625 -0.026058 -0.973633
vn 0.237682 0.077369 -0.968257
vn 0.459453 0.136985 -0.877575
vn 0.706696 0.214123 -0.674339
vn 0.247943 0.040724 -0.967918
vn 0.945731 0.221601 0.237666
vn 0.917721 0.246933 -0.311146
vn 0.588959 -0.055038 -0.806287
vn 0.936761 0.342925 0.069863
vn 0.419800 -0.006879 0.907591
vn 0.661020 0.070802 0.747020
vn -0.527977 -0.420283 0.737972
vn -0.819740 0.168187 0.547485
vn -0.957112 0.288938 -0.021255
vn -0.303596 -0.211284 0.929079
vn -0.066235 -0.240972 0.968269
vn 0.916607 -0.008417 0.399702
vn 0.800130 0.017714 0.599565
vn 0.777240 0.038238 0.628041
vn 0.905113 0.093390 0.414789
vn 0.927186 -0.000379 0.374601
vn 0.997066 0.014825 0.075094
vn 0.980764 0.186258 0.058393
vn 0.127811 0.540468 -0.831600
vn 0.870024 0.009214 0.492923
vn 0.938178 0.166779 0.303326
vn 0.804240 0.419347 -0.421124
vn 0.378080 0.522327 -0.764350
vn 0.961692 0.234343 0.142240
vn 0.059558 0.489935 -0.869722
vn 0.832928 0.410144 -0.371502
vn 0.567460 -0.164913 -0.806717
vn 0.466196 -0.143379 -0.872985
vn -0.075942 -0.078010 -0.994056
vn -0.120150 -0.090386 0.988633
vn -0.311230 -0.074260 0.947429
vn -0.666066 -0.064648 0.743086
vn 0.958081 0.211701 0.193037
vn 0.961594 0.028100 0.273033
vn -0.072289 0.047440 0.996255
vn -0.078235 0.087837 0.993058
vn 0.997254 0.073069 -0.012019
vn 0.891509 0.378193 0.249361
vn 0.553932 0.123619 0.823333
vn 0.318033 0.095671 0.943240
vn -0.605051 0.113670 0.788031
vn -0.428563 0.123233 0.895069
vn 0.617188 -0.644461 -0.451386
vn 0.726981 0.082576 0.681674
vn -0.269938 0.170998 0.947572
vn -0.822904 0.094217 0.560314
vn 0.018493 0.021874 0.999590
vn -0.752430 0.025023 0.658197
vn 0.878568 -0.043867 -0.475599
vn -0.750551 0.066986 0.657408
vn 0.949722 0.083292 0.301813
vn 0.739487 0.041684 0.671879
vn 0.962507 0.040388 -0.268233
vn -0.740239 0.112225 0.662911
vn -0.383949 0.230830 0.894036
vn 0.112667 0.445430 0.888199
vn 0.206597 0.376612 0.903040
vn 0.979241 -0.201482 0.022176
vn -0.507302 0.262362 0.820860
vn 0.779354 -0.115409 -0.615864
vn 0.745581 0.303905 0.593086
vn 0.877065 0.480361 -0.003393
vn 0.582006 0.607996 0.540009
vn -0.887421 0.045942 0.458664
vn -0.099410 -0.017486 0.994893
vn -0.134093 -0.054576 0.989465
vn 0.077563 0.062686 0.995015
vn 0.299672 0.001399 0.954041
vn -0.282358 -0.066577 0.956996
vn -0.048074 0.195213 -0.979582
vn -0.014406 0.123301 -0.992265
vn -0.020778 0.884579 -0.465927
vn -0.014363 0.997918 -0.062874
vn 0.000220 0.703915 -0.710284
vn 0.009319 0.993539 -0.113108
vn 0.077653 0.914518 -0.397024
vn -0.000095 1.000000 -0.000129
vn 0.039252 0.991326 -0.125427
vn 0.992455 -0.015989 -0.121565
vn 0.970057 -0.046847 -0.238315
vn 0.999951 0.001102 0.009870
vn 0.964138 -0.049779 -0.260692
vn 0.974779 -0.042826 -0.219026
vn 0.994296 -0.015337 -0.105544
vn 0.997306 0.006768 0.073041
vn 0.999896 0.011785 0.008300
vn 0.997182 0.007447 0.074651
vn 0.998549 0.014242 0.051927
vn 0.998520 0.015799 0.052040
vn 0.996297 -0.002733 0.085938
vn 0.998874 -0.013167 0.045584
vn 0.999177 -0.017903 0.036398
vn 0.999777 0.000946 -0.021084
vn 0.998286 -0.000259 0.058528
vn 0.999640 -0.021710 -0.015783
vn 0.999519 -0.012851 0.028233
vn 0.993498 -0.003720 -0.113793
vn 0.991470 -0.001372 -0.130326
vn 0.989754 0.044739 -0.135591
vn 0.991839 0.029997 -0.123918
vn 0.997877 0.065112 0.001409
vn 0.997879 0.062763 -0.017264
vn 0.996354 0.042257 -0.074117
vn 0.996001 0.058790 -0.067273
vn 0.983310 0.051694 0.174438
vn 0.942551 0.016068 0.333677
vn 0.989156 0.033196 0.143070
vn 0.998819 -0.046737 -0.013276
vn 0.998141 -0.038805 0.046999
vn 0.828439 -0.056301 -0.557242
vn 0.994744 -0.091607 0.045743
vn 0.145290 0.553380 -0.820159
vn 0.989318 -0.138631 -0.045061
vn 0.982161 -0.101187 0.158498
vn 0.931565 -0.074987 0.355758
vn 0.880924 0.366750 -0.299111
vn 0.986760 -0.045826 0.155581
vn 0.584986 0.165931 0.793888
vn -0.262596 0.000763 0.964905
vn 0.567339 0.068248 0.820651
vn 0.098144 -0.021790 0.994934
vn -0.736192 0.037122 0.675754
vn 0.297424 0.078807 0.951487
vn 0.994854 0.092642 -0.041019
vn 0.985978 0.165400 -0.022158
vn -0.042502 0.997623 -0.054240
vn 0.980398 0.096800 0.171606
vn 0.438079 -0.485376 -0.756636
vn 0.935248 0.063849 -0.348186
vn 0.980632 0.047331 0.190056
vn 0.454560 -0.750420 0.479839
vn 0.766140 -0.584758 0.266624
vn 0.450889 -0.892054 -0.030628
vn 0.447373 0.539365 -0.713402
vn 0.515678 -0.744374 -0.424244
vn 0.961808 -0.058136 0.267482
vn 0.433926 0.691979 -0.576952
vn 0.958249 0.285694 -0.011756
vn 0.792233 -0.483718 0.372001
vn 0.633053 0.604601 -0.483426
vn 0.955182 0.291344 -0.052410
vn 0.613466 -0.628633 0.477996
vn 0.561128 0.688456 -0.459525
vn 0.685590 0.665522 -0.295037
vn 0.776729 0.584584 0.234421
vn -0.313296 0.235619 0.919961
vn -0.468982 0.107788 0.876606
vn -0.654059 0.192557 0.731525
vn -0.120915 -0.023282 0.992390
vn -0.419200 -0.136945 0.897506
vn -0.210708 -0.015785 0.977422
vn 0.236841 0.021508 0.971310
vn -0.022499 0.391130 -0.920060
vn 0.019329 0.133533 -0.990856
vn -0.000097 1.000000 -0.000129
vn -0.029303 0.889547 -0.455903
vn 0.047099 0.267763 -0.962333
vn -0.038215 0.793261 -0.607681
vn -0.014589 0.301696 -0.953292
vn -0.056069 0.048651 -0.997241
vn -0.029622 0.384137 -0.922801
vn 0.047955 0.078499 -0.995760
vn -0.032333 0.111377 -0.993252
vn 0.085960 0.499218 -0.862202
vn -0.018838 0.398095 -0.917151
vn 0.999873 0.013598 0.008349
vn 0.998735 0.003899 -0.050131
vn 0.998895 0.043324 0.018231
vn 0.999347 0.028368 0.022376
vn 0.999258 0.019637 0.033125
vn 0.995805 0.091150 -0.007999
vn 0.998953 0.024612 0.038562
vn 0.999609 -0.002168 0.027871
vn 0.999929 0.010331 0.005851
vn 0.997542 0.067253 -0.019679
vn 0.995457 0.066070 0.068563
vn 0.986756 0.051761 0.153734
vn 0.996969 0.071945 0.029618
vn 0.979882 0.009561 0.199350
vn 0.983036 0.053279 0.175506
vn 0.997496 -0.007269 -0.070351
vn 0.995435 0.007377 -0.095153
vn 0.991776 -0.055716 0.115219
vn 0.987061 -0.020061 0.159087
vn 0.995427 -0.026214 0.091854
vn 0.992333 -0.037981 0.117614
vn 0.993677 -0.064644 0.091800
vn 0.842246 0.006257 -0.539056
vn 0.995974 -0.066979 -0.059575
vn 0.939277 0.306237 -0.154849
vn 0.930014 0.274698 0.244160
vn 0.707341 0.205987 -0.676194
vn 0.539197 0.071675 -0.839124
vn 0.979614 -0.045908 -0.195575
vn 0.998770 -0.049502 0.002883
vn 0.959819 -0.042250 -0.277422
vn 0.631699 0.163486 -0.757778
vn 0.904268 0.316057 -0.287066
vn 0.926586 0.373589 -0.043246
vn 0.889047 -0.050240 -0.455051
vn 0.517069 0.001849 -0.855941
vn 0.996425 -0.060994 -0.058461
vn 0.967670 0.130703 -0.215713
vn 0.929556 0.015683 -0.368348
vn 0.809173 0.107305 -0.577689
vn -0.032406 0.455148 -0.889826
vn 0.642466 0.519384 -0.563451
vn 0.426607 0.610206 -0.667574
vn 0.052537 0.844261 -0.533352
vn 0.591030 0.636084 -0.496066
vn -0.571701 0.689021 -0.445429
vn -0.898835 0.419204 -0.127921
vn -0.123002 0.020900 0.992186
vn -0.335149 0.000259 0.942165
vn -0.368720 0.005290 0.929526
vn 0.782200 0.192799 0.592445
vn 0.729055 0.192454 0.656841
vn 0.202047 -0.019117 0.979189
vn -0.216574 -0.015963 0.976136
vn 0.077029 -0.160740 0.983986
vn 0.064143 -0.122204 0.990430
vn -0.200464 -0.002930 0.979697
vn 0.231062 -0.221928 0.947290
vn 0.207834 0.150115 0.966577
vn 0.451378 0.009380 0.892283
vn 0.119310 -0.067889 0.990533
vn 0.499118 -0.003148 0.866528
vn -0.117221 -0.088578 0.989148
vn -0.574491 0.020069 0.818265
vn -0.850010 0.036168 0.525523
vn -0.312440 -0.017270 0.949781
vn -0.844370 0.023163 0.535260
vn -0.147841 0.002477 0.989008
vn 0.221290 0.012809 0.975124
vn -0.625996 0.028025 0.779323
vn 0.802944 0.357646 -0.476833
vn 0.699041 0.675200 0.235471
vn -0.258116 0.379221 0.888576
vn -0.254708 0.236528 0.937645
vn -0.183625 -0.101252 0.977768
vn -0.018129 0.014057 0.999737
vn -0.176469 -0.066625 0.982049
vn -0.075187 -0.010349 0.997116
vn 0.267158 -0.006308 0.963632
vn -0.000097 1.000000 -0.000129
vn -0.047307 0.995548 -0.081521
vn 0.999534 -0.015737 -0.026141
vn 0.999839 -0.009168 0.015429
vn 0.989687 -0.049185 0.134535
vn 0.993529 0.011302 0.113018
vn 0.995616 0.051885 0.077826
vn 0.349491 0.936733 -0.019693
vn 0.996850 0.067388 0.041822
vn 0.998309 0.052433 0.025096
vn 0.999166 0.031057 0.026505
vn 0.999404 0.026587 -0.022008
vn 0.997427 0.000819 0.071687
vn 0.997370 0.039494 0.060765
vn 0.995779 0.088755 0.023399
vn 0.879349 0.475741 -0.020397
vn 0.804948 0.592936 0.022033
vn 0.998523 0.008942 0.053586
vn 0.999111 0.039119 -0.015732
vn 0.912130 0.409896 0.002133
vn 0.999098 0.009361 -0.041413
vn 0.995940 -0.084875 0.029989
vn 0.493346 -0.061185 0.867679
vn 0.650607 0.119792 0.749907
vn 0.904580 0.265349 0.333652
vn 0.304707 -0.129406 0.943614
vn 0.921658 0.261579 0.286569
vn 0.904453 -0.058415 -0.422554
vn 0.940027 -0.117255 0.320313
vn 0.087581 -0.052418 0.994777
vn 0.845571 -0.165663 0.507510
vn 0.969713 -0.058003 0.237259
vn 0.909358 -0.118924 -0.398654
vn 0.475256 0.290433 0.830530
vn 0.844805 0.115228 -0.522520
vn 0.926794 0.277093 -0.253519
vn -0.984725 0.122830 0.123407
vn -0.994557 0.102085 -0.020837
vn -0.346632 0.008217 0.937965
vn -0.273873 0.034935 0.961131
vn 0.347543 0.022284 0.937399
vn -0.045199 0.258892 0.964848
vn 0.347881 0.003180 0.937533
vn 0.547572 0.064855 0.834241
vn -0.847590 0.058899 0.527373
vn 0.870248 0.282097 -0.403843
vn 0.596270 0.552025 -0.582864
vn 0.414576 0.588560 -0.694064
vn 0.864718 0.417545 -0.279141
vn 0.679348 0.448465 -0.580831
vn 0.361895 0.487510 -0.794586
vn -0.004384 0.972854 -0.231376
vn 0.875698 0.159660 -0.455698
vn 0.726005 0.166088 -0.667332
vn 0.919538 0.386818 -0.069436
vn 0.994997 -0.094933 0.031139
vn 0.998278 -0.057171 0.013129
vn 0.994413 0.048952 -0.093528
vn 0.926444 0.225544 -0.301383
vn 0.413333 0.562544 0.716031
vn 0.463137 0.642000 0.611016
vn 0.410965 0.630224 0.658730
vn -0.053105 0.501239 0.863678
vn 0.483186 0.615602 0.622548
vn -0.401719 0.139393 0.905092
vn -0.321845 0.127043 0.938230
vn 0.020495 0.479950 0.877057
vn -0.955921 -0.124458 -0.265943
vn -0.773235 0.409909 0.483820
vn -0.469580 0.350888 0.810168
vn -0.764700 0.332739 0.551833
vn 0.848584 0.522313 0.084227
vn -0.374163 0.265679 0.888492
vn -0.012278 0.120057 0.992691
vn 0.338646 -0.033608 0.940314
vn 0.307374 0.010234 0.951534
vn 0.295768 0.013721 0.955161
vn -0.000098 1.000000 -0.000130
vn 0.004926 0.999880 0.014670
vn -0.000096 1.000000 -0.000130
vn -0.006028 0.999967 0.005441
vn 0.999990 0.004244 0.001281
vn 0.998903 -0.015837 -0.044078
vn 0.998478 0.045803 -0.030729
vn 0.997708 0.017506 -0.065356
vn 0.998969 -0.001058 -0.045379
vn 0.959019 0.283282 -0.005839
vn 0.999941 0.001881 -0.010676
vn 0.997232 0.074240 -0.003963
vn 0.999130 0.005882 -0.041299
vn 0.915741 0.401762 -0.002338
vn 0.999206 -0.013494 -0.037484
vn 0.900916 0.433622 -0.017937
vn -0.240308 0.969592 -0.046306
vn 0.459593 0.887675 -0.028425
vn -0.313023 0.948747 -0.043535
vn 0.604992 0.796213 -0.005361
vn 0.978481 0.205524 -0.018285
vn 0.968970 0.247032 -0.008453
vn 0.371196 0.927059 -0.052682
vn 0.291096 0.956632 0.010892
vn 0.135506 0.990503 -0.023288
vn 0.809105 0.587662 -0.001836
vn -0.483818 0.875071 -0.013065
vn 0.806368 0.591403 0.003669
vn -0.019215 0.999615 -0.020037
vn -0.999247 0.038248 -0.006564
vn 0.659743 0.750247 -0.043227
vn -0.999472 0.032416 0.002307
vn -0.997034 0.076802 0.005047
vn -0.861529 0.505967 -0.042007
vn -0.997367 0.072410 -0.003917
vn -0.973842 0.227228 0.000581
vn -0.838113 0.545276 -0.015506
vn -0.999792 0.019949 0.004145
vn -0.919465 0.392921 0.014022
vn 0.957785 0.287033 0.016106
vn 0.934507 0.355801 -0.010120
vn -0.049976 0.997228 -0.055121
vn -0.095941 0.995380 0.003831
vn 0.390826 0.920458 -0.003358
vn 0.463392 0.886139 -0.005038
vn 0.496421 0.867819 -0.021358
vn 0.997270 -0.057489 0.046335
vn 0.969837 0.240477 -0.039834
vn 0.671261 0.118111 -0.731750
vn 0.634061 0.052846 -0.771475
vn 0.960910 0.245384 0.128216
vn 0.301487 0.245934 0.921207
vn 0.448605 0.253752 0.856950
vn 0.954499 0.250309 -0.162099
vn 0.402383 0.097681 0.910245
vn 0.214984 0.072983 0.973887
vn 0.376389 0.526245 0.762494
vn -0.997291 0.071689 0.016453
vn 0.364146 0.160978 0.917324
vn -0.880749 0.039310 0.471949
vn 0.772677 0.448282 -0.449458
vn 0.798412 0.422421 0.429068
vn 0.998544 -0.052476 -0.012510
vn 0.991554 0.050493 -0.119462
vn 0.998526 -0.054102 0.004390
vn 0.979715 0.078557 -0.184356
vn 0.995690 -0.084657 0.037887
vn 0.994759 -0.093094 0.042292
vn 0.994503 -0.098832 0.034579
vn 0.996968 -0.068840 0.036285
vn 0.994595 -0.096253 0.038941
vn 0.995265 -0.089556 0.037792
vn 0.995451 -0.086278 0.040418
vn -0.710072 0.345009 0.613813
vn -0.404714 0.189049 0.894688
vn -0.735169 0.067826 -0.674482
vn -0.379186 0.261335 0.887650
vn 0.094481 0.121696 0.988060
vn -0.151340 0.038360 0.987737
vn -0.397388 0.031987 0.917093
vn -0.125743 0.210303 0.969516
vn 0.313614 0.030675 0.949055
vn -0.000097 1.000000 -0.000128
vn 0.998343 -0.023764 -0.052404
vn -0.999631 0.026437 0.006290
vn -0.999735 0.022921 -0.002098
vn -0.999375 0.035319 -0.001337
vn 0.697036 0.000267 -0.717036
vn -0.033734 0.499242 0.865805
vn 0.723834 0.317809 0.612422
vn -0.998578 0.041316 -0.033681
vn 0.928764 -0.114328 -0.352598
vn 0.797132 0.226863 -0.559566
vn 0.845502 0.510305 -0.157209
vn 0.995344 -0.090039 0.034391
vn 0.994830 -0.093646 0.039288
vn 0.998690 0.048312 0.016845
vn 0.998941 -0.045723 -0.005167
vn 0.996262 -0.082562 0.025398
vn 0.997757 -0.066300 0.009289
vn 0.997498 -0.069564 0.012555
vn 0.996625 -0.078854 0.022825
vn -0.350845 0.233484 0.906859
vn -0.148131 0.100224 0.983876
vn -0.467058 0.049091 0.882863
vn -0.915528 0.342951 0.210224
vn -0.941685 0.149302 -0.301561
vn -0.973444 -0.046241 -0.224205
vn -0.883038 0.217560 -0.415827
vn -0.684745 -0.031278 -0.728112
vn -0.259140 -0.007021 -0.965814
vn -0.681141 0.124869 -0.721426
vn -0.885187 0.254422 -0.389505
vn -0.000095 1.000000 -0.000128
vn -0.000097 1.000000 -0.000130
vn -0.000097 1.000000 -0.000129
vn 0.999737 -0.022326 -0.005291
vn -0.999757 0.022047 -0.000239
vn -0.999645 0.026627 -0.000045
vn -0.999583 0.028579 -0.004216
vn -0.999588 0.028614 0.002078
vn 0.733228 0.241638 0.635601
vn 0.847682 0.357649 0.391819
vn 0.960168 0.145109 -0.238789
vn -0.994416 0.067909 0.080781
vn -0.998994 -0.021229 -0.039505
vn -0.998076 -0.043506 0.044168
vn -0.320922 0.941338 -0.104365
vn 0.997395 -0.071969 0.004862
vn 0.838109 0.459906 -0.293361
vn 0.830598 0.400254 -0.387174
vn 0.682850 0.447995 -0.577076
vn 0.636074 0.455528 -0.622820
vn 0.940210 0.226877 -0.254031
vn 0.996248 0.054208 -0.067461
vn -0.829033 -0.056241 -0.556365
vn -0.971231 -0.035788 -0.235436
vn -0.948480 -0.050259 -0.312826
vn -0.999672 -0.024151 0.008505
vn -0.958950 0.095097 -0.267153
vn -0.665093 -0.018282 -0.746536
vn -0.737165 -0.020769 -0.675394
vn -0.961450 0.262759 -0.081063
vn -0.644124 0.309092 0.699690
vn -0.000001 1.000000 0.000022
vn 0.010282 0.999676 -0.023291
vn -0.000094 1.000000 -0.000128
vn -0.000256 1.000000 0.000105
vn -0.000206 0.992243 -0.124316
vn 0.800074 -0.044701 0.598234
vn 0.506613 0.361931 0.782528
vn 0.374092 0.419545 0.827066
vn -0.999650 -0.008247 -0.025127
vn -0.999702 -0.024147 0.003561
vn -0.999803 0.008902 -0.017737
vn -0.999732 0.016193 -0.016542
vn -0.999620 0.025921 -0.009403
vn -0.999870 0.009438 -0.013107
vn -0.999736 0.020644 -0.010072
vn -0.788676 0.610508 -0.072599
vn -0.918553 0.393458 -0.038088
vn -0.029943 0.990087 -0.137225
vn 0.266382 0.926225 -0.266735
vn 0.993826 -0.106790 0.030099
vn 0.838841 0.412606 -0.355108
vn 0.920786 0.337159 -0.196154
vn 0.435987 0.462617 -0.771946
vn 0.762728 0.229330 -0.604693
vn 0.059350 0.998105 -0.016227
vn 0.685882 0.447576 -0.573796
vn 0.352052 0.927027 -0.129156
vn 0.702419 0.605392 -0.374309
vn 0.474553 0.830472 -0.291747
vn 0.470343 0.757068 -0.453460
vn 0.860659 0.364680 -0.355352
vn 0.998652 0.017428 -0.048900
vn 0.997963 -0.063397 0.007050
vn 0.992123 0.096892 -0.079394
vn 0.939572 0.307731 -0.150023
vn 0.998254 -0.058931 -0.003998
vn 0.995065 0.072637 -0.067599
vn -0.522823 -0.029320 -0.851937
vn -0.878812 -0.023219 -0.476604
vn -0.837933 -0.009781 -0.545685
vn -0.985506 -0.120137 -0.119769
vn -0.999276 -0.016160 -0.034438
vn -0.488982 0.003242 -0.872288
vn -0.936349 -0.055155 0.346710
vn -0.977691 -0.005692 -0.209971
vn -0.284851 -0.002550 -0.958568
vn -0.467213 -0.000377 -0.884145
vn -0.676735 0.170849 -0.716129
vn -0.927482 0.346486 0.140448
vn -0.903611 0.320160 0.284579
vn 0.716967 0.137813 0.683349
vn 0.531807 0.204370 0.821836
vn 0.385479 0.449904 0.805600
vn -0.524242 0.614578 0.589462
vn -0.676776 0.504977 0.535699
vn 0.182506 0.544472 0.818683
vn 0.191771 0.536056 0.822112
vn -0.994197 0.030090 -0.103275
vn -0.861067 -0.225782 -0.455617
vn 0.470750 0.287998 0.833938
vn -0.978654 0.205492 0.003228
vn -0.930802 -0.094474 -0.353102
vn -0.794927 0.338551 0.503462
vn 0.353823 0.386389 0.851770
vn 0.916655 0.087825 0.389911
vn 0.922417 0.109932 0.370218
vn 0.505551 0.364646 0.781954
vn 0.997307 -0.070086 0.021584
vn 0.678531 -0.092409 0.728736
vn 0.993448 -0.060215 0.097138
vn -0.999939 0.010701 -0.002854
vn -0.417802 0.864489 -0.279464
vn 0.994131 -0.102028 0.035980
vn 0.946657 0.264228 -0.184454
vn 0.825879 0.534087 -0.180762
vn -0.000044 1.000000 -0.000066
vn 0.310775 0.908184 -0.280392
vn -0.713290 -0.011652 -0.700772
vn -0.463726 0.009841 -0.885924
vn -0.241018 0.030982 -0.970026
vn -0.489818 0.051400 -0.870308
vn -0.658043 0.060075 -0.750580
vn -0.966317 0.235210 -0.104444
vn -0.923320 0.207996 -0.322829
vn -0.883354 0.266011 0.385907
vn -0.664035 0.131660 -0.736018
vn -0.205948 -0.037983 -0.977825
vn -0.894193 0.068842 -0.442357
vn -0.970506 0.240868 0.010013
vn -0.868216 0.293560 0.400030
vn 0.414513 0.498759 0.761195
vn -0.874881 0.479967 0.064921
vn 0.271330 0.395466 0.877489
vn -0.980326 0.196259 0.021043
vn -0.227307 0.391277 0.891759
vn -0.999837 0.016484 -0.007404
vn 0.875602 0.412065 -0.252038
vn 0.666737 0.731104 -0.144736
vn 0.024040 0.998166 -0.055557
vn -0.161604 0.018244 -0.986687
vn -0.577785 0.264655 0.772089
vn -0.755012 0.491681 0.433828
vn -0.706286 0.592976 0.386702
vn -0.084101 0.728204 0.680181
vn -0.704531 0.132012 0.697287
vn -0.009750 0.597575 0.801754
vn 0.787046 0.452849 -0.418910
vn 0.211183 0.975037 -0.068594
vn -0.000097 1.000000 -0.000128
vn -0.000094 1.000000 -0.000128
vn -0.000095 1.000000 -0.000128
vn 0.008824 0.999947 -0.005358
vn 0.245652 0.372144 0.895078
vn -0.984443 -0.175704 0.000142
vn -0.187976 0.690647 0.698335
vn 0.335335 0.939632 -0.068130
vn 0.084652 0.996172 -0.021808
vn 0.502767 0.858491 -0.101089
vn 0.680902 0.716188 -0.153126
vn -0.240822 0.016802 0.970424
vn 0.275529 0.021960 0.961042
vn 0.293305 0.018174 0.955846
vn 0.010458 0.025561 0.999619
vn 0.245552 -0.016386 0.969245
vn 0.185098 0.044709 0.981703
vn 0.255911 -0.020570 0.966482
vn -0.065335 -0.037696 0.997151
vn -0.077426 -0.008483 0.996962
vn -0.305085 -0.008669 0.952286
vn -0.224876 0.010942 0.974326
vn -0.298714 -0.017139 0.954189
vn -0.204846 -0.024453 0.978489
vn 0.042195 0.044260 0.998129
vn -0.077480 -0.058315 0.995287
vn -0.083637 0.057938 0.994811
vn 0.009294 0.005846 0.999940
vn 0.392098 -0.013068 0.919831
vn -0.256489 0.025930 0.966199
vn -0.046490 0.929494 -0.365897
vn 0.030633 0.418363 0.907763
vn -0.296545 0.022420 0.954756
vn 0.212622 0.259225 0.942122
vn 0.071340 -0.072983 0.994778
vn 0.277553 0.042992 0.959748
vn 0.164808 -0.077649 0.983265
vn -0.102534 0.019778 0.994533
vn -0.177894 -0.006982 0.984025
vn 0.049414 0.993934 0.098251
vn -0.026228 0.671669 0.740387
vn 0.005346 0.399822 0.916577
vn -0.064439 0.995629 -0.067601
vn 0.031550 0.587670 -0.808485
vn -0.026498 0.642696 -0.765663
vn 0.232442 0.565303 -0.791456
vn -0.041671 0.787167 -0.615330
vn 0.068242 0.989361 -0.128482
vn 0.000312 0.960484 -0.278334
vn -0.078742 0.631859 -0.771074
vn -0.213418 0.580942 -0.785468
vn -0.052792 -0.122002 0.991125
vn -0.277187 -0.085644 0.956991
vn -0.164252 0.094856 0.981847
vn -0.394045 -0.126751 0.910309
vn -0.230220 0.236143 0.944052
vn -0.052640 0.982723 0.177439
vn 0.000095 1.000000 0.000128
vn -0.283457 0.128261 0.950369
vn 0.029252 0.436721 0.899121
vn 0.113414 0.626029 -0.771508
vn 0.000097 1.000000 0.000128
vn 0.088544 -0.080712 0.992797
vn -0.141756 0.001239 0.989901
vn -0.277376 -0.092846 0.956265
vn 0.031598 0.624512 0.780376
vn 0.022664 0.995031 -0.096957
vn 0.017695 -0.076415 0.996919
vn 0.425153 0.123575 0.896646
vn 0.041612 -0.005499 0.999119
vn 0.480273 0.060884 0.875003
vn 0.519581 0.066294 0.851845
vn 0.158398 0.057408 0.985705
vn 0.034593 0.496489 0.867353
vn -0.345029 0.028596 0.938156
vn -0.214824 0.022204 0.976400
vn -0.045561 0.141882 0.988835
vn 0.017180 0.076982 0.996885
vn -0.403576 -0.019099 0.914747
vn 0.014693 0.844602 -0.535192
vn 0.212046 0.476009 0.853494
vn -0.018481 0.876237 0.481526
vn 0.268455 0.113982 0.956525
vn 0.197945 0.319803 0.926576
vn 0.340534 0.612505 -0.713354
vn -0.129568 0.628860 -0.766647
vn 0.103460 0.769855 -0.629777
vn 0.108555 0.332045 -0.936996
vn 0.220383 0.020432 0.975199
vn -0.268735 0.164064 0.949139
vn -0.065192 0.684109 0.726460
vn -0.164598 0.588372 -0.791660
vn 0.149060 0.507238 -0.848817
vn 0.112974 0.545657 -0.830359
vn 0.264896 0.536303 -0.801380
vn 0.082471 0.233704 -0.968804
vn 0.012770 0.641114 -0.767339
vn -0.089571 -0.020228 0.995775
vn -0.163486 -0.055265 0.984996
vn 0.146302 0.293529 0.944688
vn -0.056571 0.236804 0.969909
vn 0.047303 0.582792 0.811244
vn -0.014182 0.999790 -0.014789
vn -0.001853 0.897563 0.440883
vn 0.055189 0.779669 -0.623755
vn -0.008594 0.551341 -0.834236
vn 0.269035 0.556570 -0.786034
vn 0.201674 0.540690 -0.816690
vn 0.031819 0.543088 -0.839073
vn 0.273438 0.591353 -0.758639
vn 0.009029 0.999925 -0.008212
vn 0.108561 0.913781 -0.391433
vn 0.216029 0.745395 -0.630648
vn 0.005153 0.999778 -0.020445
vn 0.012594 0.689894 -0.723801
vn 0.056498 0.949829 -0.307623
vn 0.149065 0.613157 -0.775770
vn -0.044468 0.590871 -0.805540
vn 0.030475 0.377698 -0.925427
vn -0.141745 0.118184 -0.982823
vn 0.088809 0.985069 -0.147484
vn -0.081740 0.632866 0.769935
vn 0.044014 0.991901 -0.119146
vn 0.039134 0.565260 -0.823984
vn 0.166961 0.613360 -0.771954
vn -0.083551 0.694133 -0.714982
vn 0.070825 0.910398 -0.407627
vn -0.048721 0.776629 -0.628072
vn 0.033717 0.888338 -0.457951
vn 0.106463 0.727350 -0.677959
vn 0.013404 0.999363 -0.033071
vn 0.045991 0.989814 -0.134734
vn 0.001579 0.999996 -0.002298
vn -0.036750 0.993259 -0.109934
vn 0.011025 0.984659 -0.174141
vn 0.000096 1.000000 0.000127
vn -0.092663 0.886525 -0.453307
vn -0.007631 0.998871 -0.046879
vn 0.014512 0.990021 -0.140168
vn 0.098835 0.749234 -0.654889
vn 0.049447 0.942986 -0.329139
vn 0.012104 0.966460 -0.256530
vn 0.000095 1.000000 0.000129
vn 0.005320 0.999931 -0.010466
vn -0.006562 0.992911 -0.118681
vn 0.040951 0.890482 -0.453173
vn 0.100207 0.384992 -0.917464
vn -0.230604 0.686345 -0.689748
vn 0.026759 0.516733 -0.855728
vn 0.207458 0.567987 -0.796462
vn 0.320758 0.527623 -0.786593
vn -0.041241 0.290232 -0.956067
vn -0.078021 0.237303 -0.968297
vn 0.049202 0.286749 -0.956741
vn 0.040096 0.931150 -0.362425
vn 0.081094 0.644368 -0.760403
vn 0.133286 0.722902 -0.677973
vn 0.114382 0.808601 -0.577131
vn 0.062429 0.610205 -0.789780
vn 0.120655 0.217656 -0.968539
vn 0.050057 0.476693 -0.877644
vn 0.079852 0.654287 -0.752019
vn 0.005105 0.998279 -0.058421
vn -0.008104 0.728112 0.685410
vn 0.047916 0.473655 0.879406
vn 0.000097 1.000000 0.000129
vn 0.000097 1.000000 0.000129
vn 0.000097 1.000000 0.000128
vn 0.000095 1.000000 0.000130
vn -0.461442 0.770385 -0.439974
vn 0.165769 0.585101 -0.793838
vn -0.027668 0.945569 -0.324242
vn 0.064239 0.943859 -0.324041
vn -0.129766 0.127058 -0.983370
vn 0.290770 0.636945 -0.713971
vn 0.044529 0.648977 0.759504
vn 0.072763 0.056539 0.995745
vn -0.043329 0.978286 -0.202679
vn 0.103107 -0.032626 0.994135
vn -0.016354 0.115975 0.993118
vn 0.264901 0.323566 -0.908368
vn -0.068806 0.228122 -0.971198
vn 0.017787 0.559704 -0.828502
vn -0.048941 0.970655 0.235443
vn 0.194088 0.146124 -0.970040
vn -0.057879 0.936682 -0.345366
vn -0.056776 0.617710 0.784354
vn -0.046478 0.589750 0.806247
vn -0.086874 0.404045 0.910605
vn 0.142823 0.349054 -0.926155
vn 0.153565 0.190849 -0.969533
vn -0.124409 0.044909 -0.991214
vn -0.158575 0.045687 -0.986289
vn 0.055891 0.508620 -0.859175
vn 0.009488 0.958300 0.285607
vn -0.388643 0.764100 0.514886
vn 0.217565 0.364590 0.905395
vn 0.000095 1.000000 0.000129
vn 0.000096 1.000000 0.000129
vn -0.439672 0.698873 -0.564150
vn -0.139331 0.705116 -0.695269
vn -0.260278 0.792519 -0.551514
vn 0.019810 0.964843 -0.262078
vn 0.137862 0.965185 -0.222286
vn 0.031415 0.865686 -0.499600
vn -0.036725 0.914004 -0.404039
vn 0.096775 0.971650 -0.215708
vn -0.360584 0.832095 -0.421423
vn 0.000096 1.000000 0.000128
vn -0.081795 0.996176 -0.030691
vn -0.111028 0.794248 -0.597363
vn -0.246386 0.508392 -0.825125
vn 0.099203 0.822358 0.560255
vn 0.146161 0.450386 -0.880789
vn -0.203847 0.085885 0.975228
vn 0.193400 0.725212 -0.660806
vn -0.185982 0.223343 0.956833
vn -0.176660 0.245780 -0.953092
vn -0.112704 0.290004 -0.950366
vn -0.069014 0.677760 -0.732037
vn 0.004088 0.841375 -0.540436
vn -0.025478 0.955537 0.293769
vn 0.457693 0.500956 -0.734548
vn -0.008821 0.999763 -0.019913
vn 0.101308 0.887915 -0.448713
vn -0.025079 0.399906 -0.916213
vn 0.016173 0.879776 -0.475114
vn 0.000095 1.000000 0.000127
vn -0.179782 0.667480 -0.722599
vn 0.142790 0.614869 -0.775595
vn -0.384314 0.679622 -0.624833
vn -0.065270 0.667301 -0.741923
vn 0.131485 0.463702 -0.876180
vn 0.187271 0.369325 -0.910235
vn 0.188979 0.979827 -0.065006
vn -0.000094 1.000000 -0.000126
vn -0.051152 0.864459 -0.500094
vn -0.114046 0.954022 0.277191
vn 0.053273 0.585040 -0.809253
vn -0.015645 0.918448 -0.395233
vn 0.022694 0.930372 -0.365913
vn 0.003142 0.564990 -0.825092
vn -0.123990 0.704448 0.698842
vn 0.009772 0.594187 -0.804268
vn 0.158591 0.375083 -0.913324
vn -0.022168 0.235826 0.971542
vn 0.096160 0.463393 -0.880920
vn 0.016268 0.399765 -0.916473
vn 0.000097 1.000000 0.000129
vn 0.049889 0.987825 -0.147355
vn 0.034458 0.978432 -0.203674
vn 0.115532 0.159734 -0.980376
vn -0.010388 0.727422 -0.686112
vn -0.048830 0.589352 -0.806400
vn -0.134525 -0.028343 -0.990505
vn -0.060910 0.968185 -0.242708
vn -0.193574 0.043652 -0.980114
vn -0.059505 0.981315 -0.182977
vn 0.000095 1.000000 0.000130
vn -0.005945 0.999868 -0.015104
vn 0.000097 1.000000 0.000129
vn 0.000096 1.000000 0.000129
vn 0.000096 1.000000 0.000130
vn 0.000096 1.000000 0.000128
vn 0.000097 1.000000 0.000130
vn 0.000095 1.000000 0.000129
vn 0.000097 1.000000 0.000129
vn 0.000096 1.000000 0.000128
vn 0.000095 1.000000 0.000128
vn -0.064206 0.799944 -0.596630
vn 0.000011 1.000000 0.000053
vn -0.061199 0.990738 -0.121213
vn -0.012307 0.989758 -0.142226
vn -0.233294 0.948012 -0.216444
vn -0.013997 0.998254 -0.057387
vn -0.000154 0.999992 -0.004014
vn -0.047368 0.810848 -0.583337
vn -0.015513 0.600917 -0.799161
vn 0.197235 0.549850 -0.811642
vn -0.208771 0.730185 -0.650572
vn -0.325805 0.529416 -0.783307
vn -0.144395 0.669324 -0.728804
vn -0.083386 0.542659 -0.835804
vn -0.275192 0.622757 -0.732423
vn -0.013494 0.502597 -0.864416
vn -0.121391 0.460628 -0.879253
vn 0.022051 0.824020 -0.566132
vn -0.084263 0.403589 -0.911052
vn -0.110485 0.785156 -0.609363
vn 0.021535 0.619291 -0.784866
vn -0.180558 0.644733 -0.742778
vn -0.085110 0.882458 -0.462627
vn -0.055636 0.910128 -0.410576
vn 0.003212 0.969741 -0.244116
vn -0.253464 0.508867 0.822685
vn 0.096099 0.989494 0.108017
vn 0.188019 0.441270 0.877456
vn -0.045387 0.655368 0.753945
vn 0.019491 0.541094 -0.840736
vn -0.061194 0.961349 -0.268446
vn 0.000096 1.000000 0.000127
vn 0.000097 1.000000 0.000128
vn 0.000094 1.000000 0.000129
vn 0.000094 1.000000 0.000127
vn 0.005884 0.998363 -0.056888
vn 0.000097 1.000000 0.000129
vn 0.006800 0.999888 -0.013316
vn 0.000497 0.999999 -0.001088
vn 0.028873 0.991905 -0.123654
vn 0.000078 1.000000 0.000185
vn 0.030640 0.971719 -0.234143
vn 0.000094 1.000000 0.000130
vn 0.053175 0.783202 -0.619489
vn 0.000094 1.000000 0.000127
vn 0.000095 1.000000 0.000129
vn -0.011654 0.994970 -0.099491
vn 0.000100 1.000000 0.000127
vn 0.148928 0.853227 -0.499824
vn 0.000095 1.000000 0.000129
vn 0.000095 1.000000 0.000128
vn 0.000099 1.000000 0.000128
vn 0.045769 0.871859 -0.487613
vn 0.000096 1.000000 0.000129
vn 0.024803 0.978855 -0.203046
vn 0.010960 0.999516 -0.029100
vn 0.000098 1.000000 0.000128
vn 0.001816 0.999977 -0.006538
vn 0.110755 0.615846 -0.780043
vn -0.069440 0.935902 -0.345349
vn 0.000069 1.000000 0.000097
vn -0.041163 0.998652 -0.031613
vn 0.000095 1.000000 0.000127
vn 0.000019 1.000000 0.000030
vn -0.005938 0.997432 -0.071380
vn 0.041842 0.998766 -0.026736
vn 0.000096 1.000000 0.000131
vn 0.000095 1.000000 0.000129
vn 0.000099 1.000000 0.000130
vn -0.000097 1.000000 -0.000128
vn -0.000050 1.000000 -0.000049
vn 0.000059 1.000000 0.000059
vn 0.000095 1.000000 0.000130
vn 0.000097 1.000000 0.000129
vn -0.254324 0.959807 -0.118699
vn -0.000037 1.000000 -0.000036
vn -0.001899 0.999177 -0.040531
vn -0.031059 0.967517 -0.250892
vn -0.068973 0.914421 -0.398845
vn -0.071692 0.554980 -0.828769
vn -0.061769 0.794944 -0.603530
vn -0.013999 0.261097 -0.965211
vn 0.066820 0.976838 -0.203278
vn 0.218290 0.067685 -0.973534
vn 0.250017 0.390745 -0.885895
vn 0.102113 0.421081 -0.901257
vn 0.047291 0.167444 -0.984747
vn -0.136026 0.169829 -0.976041
vn -0.065274 0.191311 -0.979357
vn -0.187808 0.023205 0.981932
vn -0.025342 0.992601 -0.118751
vn -0.942015 0.111176 -0.316619
vn 0.000096 1.000000 0.000130
vn 0.000095 1.000000 0.000127
vn 0.000097 1.000000 0.000128
vn 0.000096 1.000000 0.000127
vn 0.000096 1.000000 0.000128
vn 0.000095 1.000000 0.000129
vn 0.000097 1.000000 0.000129
vn 0.000096 1.000000 0.000128
vn -0.000086 1.000000 -0.000109
vn -0.000097 1.000000 -0.000129
vn 0.000092 1.000000 0.000095
vn -0.000096 1.000000 -0.000130
vn -0.000003 1.000000 -0.000021
vn -0.000099 1.000000 -0.000122
vn -0.001087 0.999911 -0.013283
vn 0.000094 1.000000 0.000130
vn 0.000094 1.000000 0.000130
vn 0.000094 1.000000 0.000130
vn 0.000097 1.000000 0.000131
vn 0.000019 1.000000 0.000019
vn -0.000070 1.000000 -0.000097
vn -0.000096 1.000000 -0.000130
vn -0.000095 1.000000 -0.000129
vn -0.053858 0.501959 0.863213
vn -0.287449 -0.028222 0.957380
vn -0.040720 0.955147 0.293320
vn 0.252100 0.214624 0.943601
vn 0.036176 0.614459 0.788119
vn -0.050166 -0.033053 0.998194
vn 0.197949 -0.055894 0.978617
vn 0.011156 0.139538 0.990154
vn -0.310631 0.197699 0.929744
vn 0.035847 0.981821 0.186393
vn -0.007151 0.138076 0.990396
vn 0.077319 0.012841 0.996924
vn -0.158276 -0.024001 0.987103
vn -0.134665 0.446803 -0.884439
vn 0.106132 0.448664 0.887376
vn 0.111958 0.065939 0.991523
vn 0.165290 -0.030768 0.985765
vn 0.004723 0.980251 -0.197700
vn 0.022473 0.998565 0.048607
vn -0.079520 0.569210 0.818338
vn 0.205989 0.285011 0.936129
vn 0.052374 0.682180 0.729306
vn -0.190173 -0.036931 0.981056
vn 0.277661 -0.179955 0.943674
vn -0.270055 0.002215 0.962842
vn -0.304443 0.024057 0.952227
vn -0.263075 0.109513 0.958540
vn 0.215532 0.110983 0.970169
vn 0.192821 0.058779 0.979472
vn -0.087214 0.039789 0.995395
vn -0.548442 0.814782 -0.187991
vn 0.000100 1.000000 0.000131
vn 0.000096 1.000000 0.000126
vn 0.000096 1.000000 0.000127
vn 0.000096 1.000000 0.000128
vn 0.000096 1.000000 0.000126
vn 0.000099 1.000000 0.000129
vn 0.000093 1.000000 0.000132
vn 0.000095 1.000000 0.000129
vn 0.000095 1.000000 0.000128
vn 0.000100 1.000000 0.000130
vn 0.000094 1.000000 0.000130
vn 0.000095 1.000000 0.000127
vn 0.000095 1.000000 0.000127
vn 0.000096 1.000000 0.000130
vn 0.000094 1.000000 0.000128
vn 0.000095 1.000000 0.000127
vn 0.000096 1.000000 0.000129
vn 0.000096 1.000000 0.000129
vn 0.000098 1.000000 0.000131
vn 0.000098 1.000000 0.000127
vn 0.000094 1.000000 0.000130
vn 0.000096 1.000000 0.000128
vn 0.000053 1.000000 0.000074
vn 0.000096 1.000000 0.000130
vn -0.000061 1.000000 -0.000104
vn 0.000097 1.000000 0.000127
vn 0.000096 1.000000 0.000130
vn 0.000097 1.000000 0.000130
vn 0.000098 1.000000 0.000129
vn 0.000094 1.000000 0.000126
vn 0.000062 1.000000 0.000060
vn 0.000096 1.000000 0.000126
vn 0.000072 1.000000 0.000127
vn 0.000078 1.000000 0.000109
vn 0.000009 1.000000 0.000027
vn -0.000028 1.000000 -0.000042
vn -0.000017 1.000000 -0.000040
vn -0.000097 1.000000 -0.000128
vn -0.000095 1.000000 -0.000128
vn -0.000095 1.000000 -0.000130
vn 0.018172 0.999815 -0.006258
vn -0.000096 1.000000 -0.000130
vn -0.000098 1.000000 -0.000127
vn -0.026519 0.103054 0.994322
vn -0.101370 0.079830 0.991641
vn -0.025168 0.234813 0.971715
vn 0.007719 0.259182 0.965798
vn -0.138641 0.239015 -0.961067
vn 0.636002 0.590907 -0.496317
vn 0.502760 0.725399 -0.470138
vn 0.818597 0.542517 0.188612
vn 0.690134 0.696557 0.196273
vn 0.688223 0.147617 0.710322
vn 0.271316 0.405458 -0.872921
vn 0.766142 0.580281 -0.276223
vn 0.887559 0.300491 0.349206
vn 0.022836 0.610596 -0.791613
vn 0.097059 0.433174 0.896069
vn 0.369802 -0.107004 0.922928
vn -0.447121 -0.067184 0.891947
vn 0.161729 0.085190 0.983151
vn -0.089905 0.992413 -0.083869
vn 0.000093 1.000000 0.000128
vn 0.000098 1.000000 0.000128
vn 0.000099 1.000000 0.000128
vn 0.000094 1.000000 0.000128
vn 0.000092 1.000000 0.000131
vn 0.000096 1.000000 0.000128
vn 0.000095 1.000000 0.000129
vn 0.000094 1.000000 0.000129
vn 0.000097 1.000000 0.000129
vn -0.000011 1.000000 -0.000000
vn -0.000097 1.000000 -0.000130
vn -0.000098 1.000000 -0.000130
vn -0.000067 1.000000 -0.000108
vn -0.000095 1.000000 -0.000130
vn -0.000099 1.000000 -0.000129
vn -0.000095 1.000000 -0.000127
vn -0.000097 1.000000 -0.000127
vn -0.000095 1.000000 -0.000128
vn -0.000097 1.000000 -0.000129
vn -0.000096 1.000000 -0.000129
vn -0.000097 1.000000 -0.000128
vn -0.000096 1.000000 -0.000128
vn 0.201112 0.065193 0.977397
vn 0.999768 0.017476 -0.012631
vn -0.290771 -0.025640 0.956449
vn -0.469627 -0.023246 0.882559
vn 0.139738 -0.019112 0.990004
vn 0.000097 1.000000 0.000128
vn 0.000095 1.000000 0.000128
vn 0.000095 1.000000 0.000129
vn 0.000097 1.000000 0.000127
vn 0.000096 1.000000 0.000131
vn 0.000096 1.000000 0.000130
vn -0.164671 0.978559 -0.123719
vn 0.000095 1.000000 0.000126
vn 0.000097 1.000000 0.000128
vn 0.000095 1.000000 0.000129
vn 0.000095 1.000000 0.000131
vn 0.000096 1.000000 0.000130
vn 0.000096 1.000000 0.000129
vn 0.000098 1.000000 0.000128
vn 0.000097 1.000000 0.000127
vn -0.000097 1.000000 -0.000127
vn -0.000096 1.000000 -0.000129
vn -0.000097 1.000000 -0.000130
vn -0.000096 1.000000 -0.000129
vn 0.478651 -0.021699 0.877737
vn 0.000097 1.000000 0.000126
vn 0.000095 1.000000 0.000129
vn 0.000097 1.000000 0.000129
vn 0.000095 1.000000 0.000129
vn -0.000095 1.000000 -0.000126
vn -0.000095 1.000000 -0.000130
vn -0.000094 1.000000 -0.000128
vn -0.000096 1.000000 -0.000129
vn -0.000095 1.000000 -0.000128
vn -0.000096 1.000000 -0.000128
vn 0.000095 1.000000 0.000128
vn -0.018798 0.999815 -0.004164
vn 0.000094 1.000000 0.000128
vn 0.000094 1.000000 0.000127
vn 0.000097 1.000000 0.000129
vn 0.000095 1.000000 0.000130
vn -0.612355 0.788620 -0.055673
vn -0.094339 0.995526 0.005316
vn 0.000095 1.000000 0.000131
vn 0.000096 1.000000 0.000130
vn -0.134736 0.990867 -0.005418
vn -0.244673 0.969130 -0.030365
vn -0.007749 0.999970 0.000874
vn 0.000096 1.000000 0.000130
vn -0.425948 0.904477 -0.022141
vn 0.000098 1.000000 0.000129
vn 0.000098 1.000000 0.000126
vn 0.000097 1.000000 0.000131
vn -0.000095 1.000000 -0.000127
vn -0.000097 1.000000 -0.000128
vn -0.000095 1.000000 -0.000130
vn -0.000093 1.000000 -0.000129
vn -0.000098 1.000000 -0.000129
vn 0.000097 1.000000 0.000127
vn 0.000097 1.000000 0.000128
vn 0.000096 1.000000 0.000130
vn 0.000095 1.000000 0.000127
vn 0.000096 1.000000 0.000128
vn -0.000097 1.000000 -0.000131
vn 0.000098 1.000000 0.000129
vn 0.000095 1.000000 0.000128
vn 0.000094 1.000000 0.000129
vn 0.000096 1.000000 0.000129
vn 0.000096 1.000000 0.000127
vn 0.000094 1.000000 0.000126
vn 0.000096 1.000000 0.000128
vn 0.000094 1.000000 0.000129
vn 0.000094 1.000000 0.000128
vn 0.000097 1.000000 0.000130
vn 0.000096 1.000000 0.000126
vn -0.000096 1.000000 -0.000129
vn -0.000097 1.000000 -0.000130
vn -0.000095 1.000000 -0.000129
vn -0.000096 1.000000 -0.000129
vn -0.000096 1.000000 -0.000127
vn -0.000095 1.000000 -0.000127
vn -0.000097 1.000000 -0.000129
vn -0.000097 1.000000 -0.000126
vn -0.000095 1.000000 -0.000131
vn -0.000096 1.000000 -0.000129
vn -0.000097 1.000000 -0.000126
vn -0.000094 1.000000 -0.000127
vn 0.004970 0.999987 0.000881
vn -0.000097 1.000000 -0.000127
vn -0.000095 1.000000 -0.000129
vn -0.000095 1.000000 -0.000131
vn -0.000095 1.000000 -0.000127
vn -0.000097 1.000000 -0.000129
vn -0.000098 1.000000 -0.000127
vn -0.000095 1.000000 -0.000126
vn -0.000094 1.000000 -0.000129
vn -0.000096 1.000000 -0.000129
vn -0.000096 1.000000 -0.000128
vn -0.000097 1.000000 -0.000128
vn -0.000097 1.000000 -0.000128
vn -0.000098 1.000000 -0.000127
vn -0.000094 1.000000 -0.000128
vn -0.000097 1.000000 -0.000129
vn -0.000095 1.000000 -0.000127
vn -0.000095 1.000000 -0.000129
vn -0.000095 1.000000 -0.000130
vn -0.000097 1.000000 -0.000127
vn -0.000095 1.000000 -0.000128
vn -0.000095 1.000000 -0.000128
vn -0.000096 1.000000 -0.000129
vn -0.000097 1.000000 -0.000130
vn 0.018213 0.999791 0.009236
vn -0.000097 1.000000 -0.000129
vn -0.000097 1.000000 -0.000129
vn -0.000095 1.000000 -0.000128
vn -0.000095 1.000000 -0.000129
vn -0.000098 1.000000 -0.000129
vn -0.000095 1.000000 -0.000129
vn -0.000096 1.000000 -0.000126
vn -0.000097 1.000000 -0.000129
vn -0.000096 1.000000 -0.000127
vn -0.000096 1.000000 -0.000129
vn -0.000096 1.000000 -0.000127
vn -0.000097 1.000000 -0.000127
vn -0.000096 1.000000 -0.000128
vn -0.000093 1.000000 -0.000129
vn -0.000095 1.000000 -0.000129
vn -0.000097 1.000000 -0.000129
vn -0.000098 1.000000 -0.000129
vn -0.000095 1.000000 -0.000127
vn -0.000095 1.000000 -0.000130
vn -0.000095 1.000000 -0.000131
vn -0.000095 1.000000 -0.000129
vn -0.000096 1.000000 -0.000128
vn -0.000096 1.000000 -0.000128
vn -0.000096 1.000000 -0.000129
vn -0.000097 1.000000 -0.000129
vn -0.000095 1.000000 -0.000129
vn 0.403156 0.911554 0.080840
vn -0.000097 1.000000 -0.000130
vn -0.000095 1.000000 -0.000129
vn -0.000096 1.000000 -0.000129
vn -0.000482 0.999991 0.004303
vn -0.007897 0.918297 -0.395813
vn 0.004703 0.401964 -0.915644
vn -0.000097 1.000000 -0.000127
vn 0.785152 0.617955 0.040830
vn 0.610851 -0.688907 0.390216
vn -0.018090 0.389544 -0.920830
vn 0.022965 0.988751 -0.147795
vn 0.610977 -0.541153 0.577807
vn 0.777451 0.617533 -0.119262
vn 0.955717 -0.147909 0.254417
vn 0.559055 0.825640 0.075994
vn -0.019513 0.080513 -0.996563
vn 0.013680 0.731959 -0.681211
vn 0.010585 0.927802 -0.372923
vn -0.057424 0.949410 -0.308744
vn -0.152089 0.493686 -0.856238
vn 0.482030 -0.811242 0.330958
vn 0.863575 0.441572 0.243418
vn 0.478526 0.872095 0.102292
vn -0.034566 0.884877 -0.464541
vn -0.000095 1.000000 -0.000128
vn -0.000095 1.000000 -0.000128
vn -0.000097 1.000000 -0.000129
vn 0.127300 0.991805 0.010838
vn 0.000616 1.000000 0.000573
vn -0.000094 1.000000 -0.000129
vn 0.263819 0.964563 0.004304
vn 0.017523 0.999834 -0.004989
vn -0.000096 1.000000 -0.000128
vn 0.168331 0.984815 0.042469
vn 0.395601 0.917906 0.030789
vn 0.824584 -0.079868 0.560073
vn 0.957032 0.173409 0.232419
vn 0.044411 0.998973 0.009022
vn -0.000095 1.000000 -0.000129
vn -0.000095 1.000000 -0.000130
vn -0.000094 1.000000 -0.000127
vn -0.000095 1.000000 -0.000129
vn -0.000095 1.000000 -0.000129
vn -0.000097 1.000000 -0.000130
vn -0.000097 1.000000 -0.000129
vn -0.000096 1.000000 -0.000130
vn -0.000096 1.000000 -0.000128
vn -0.000094 1.000000 -0.000129
vn -0.008016 0.999941 0.007306
vn 0.003215 0.999782 -0.020618
vn -0.000094 1.000000 -0.000128
vn -0.000097 1.000000 -0.000129
vn -0.000095 1.000000 -0.000129
vn -0.000096 1.000000 -0.000129
vn -0.000097 1.000000 -0.000129
vn 0.000897 0.999869 -0.016144
vn 0.000467 1.000000 -0.000045
vn 0.255496 0.966751 0.010648
vn -0.000094 1.000000 -0.000131
vn -0.000094 1.000000 -0.000130
vn -0.000094 1.000000 -0.000128
vn -0.000097 1.000000 -0.000130
vn -0.000095 1.000000 -0.000127
vn -0.000097 1.000000 -0.000129
vn -0.003839 0.999992 0.001031
vn 0.024480 0.999677 0.006804
vn 0.988231 -0.147921 -0.038975
vn 0.971378 0.220997 -0.087094
vn -0.000096 1.000000 -0.000128
vn -0.000095 1.000000 -0.000131
vn -0.000095 1.000000 -0.000128
vn -0.000099 1.000000 -0.000129
vn -0.000096 1.000000 -0.000128
vn -0.000095 1.000000 -0.000127
vn -0.000098 1.000000 -0.000129
vn -0.000096 1.000000 -0.000128
vn -0.000095 1.000000 -0.000130
vn -0.000096 1.000000 -0.000128
vn -0.000096 1.000000 -0.000130
vn -0.000096 1.000000 -0.000128
vn -0.000095 1.000000 -0.000129
vn -0.000098 1.000000 -0.000127
vn -0.000096 1.000000 -0.000131
vn -0.000095 1.000000 -0.000127
vn -0.000098 1.000000 -0.000130
vn -0.000096 1.000000 -0.000128
vn -0.000095 1.000000 -0.000127
vn -0.000095 1.000000 -0.000128
vn -0.000096 1.000000 -0.000129
vn -0.000099 1.000000 -0.000128
vn -0.000099 1.000000 -0.000129
vn -0.000097 1.000000 -0.000127
vn -0.000096 1.000000 -0.000130
vn -0.000096 1.000000 -0.000129
vn -0.000094 1.000000 -0.000129
vn -0.000096 1.000000 -0.000130
vn -0.000094 1.000000 -0.000128
vn -0.000098 1.000000 -0.000128
vn -0.000096 1.000000 -0.000128
vn -0.000097 1.000000 -0.000127
vn -0.000096 1.000000 -0.000129
vn -0.000097 1.000000 -0.000128
vn -0.000095 1.000000 -0.000128
vn -0.000099 1.000000 -0.000127
vn -0.000095 1.000000 -0.000129
vn -0.000096 1.000000 -0.000130
vn -0.000096 1.000000 -0.000128
vn -0.000096 1.000000 -0.000128
vn -0.000097 1.000000 -0.000130
vn -0.000096 1.000000 -0.000129
vn -0.000097 1.000000 -0.000130
vn -0.000096 1.000000 -0.000130
vn -0.000096 1.000000 -0.000129
vn -0.000096 1.000000 -0.000128
vn -0.000097 1.000000 -0.000130
vn -0.000095 1.000000 -0.000127
vn -0.000096 1.000000 -0.000131
vn -0.000096 1.000000 -0.000130
vn -0.018142 0.990656 -0.135171
vn -0.004985 0.999977 0.004615
vn -0.000096 1.000000 -0.000128
vn -0.000096 1.000000 -0.000128
vn 0.860642 0.508102 -0.033574
vn 0.719964 0.693599 -0.023931
vn -0.000095 1.000000 -0.000128
vn 0.016475 0.999861 0.002734
vn -0.000097 1.000000 -0.000128
vn 0.000988 0.999945 0.010488
vn -0.000095 1.000000 -0.000129
vn -0.000095 1.000000 -0.000127
vn -0.000094 1.000000 -0.000128
vn -0.000093 1.000000 -0.000128
vn -0.000094 1.000000 -0.000128
vn -0.000096 1.000000 -0.000128
vn -0.000095 1.000000 -0.000128
vn -0.000097 1.000000 -0.000131
vn -0.000093 1.000000 -0.000126
vn -0.000096 1.000000 -0.000129
vn -0.000095 1.000000 -0.000127
vn -0.000096 1.000000 -0.000127
vn -0.000096 1.000000 -0.000129
vn -0.000094 1.000000 -0.000128
vn -0.000092 1.000000 -0.000128
vn -0.000097 1.000000 -0.000129
vn -0.000096 1.000000 -0.000130
vn -0.000096 1.000000 -0.000128
vn -0.000097 1.000000 -0.000128
vn 0.014166 0.999432 -0.030566
vn -0.004842 0.999988 -0.000825
vn 0.026988 0.826536 -0.562237
vn -0.000097 1.000000 -0.000127
vn -0.000098 1.000000 -0.000129
vn -0.008590 0.958720 -0.284221
vn -0.000097 1.000000 -0.000128
vn -0.044846 0.998494 -0.031597
vn -0.000094 1.000000 -0.000127
vn -0.000096 1.000000 -0.000127
vn -0.000096 1.000000 -0.000128
vn -0.000095 1.000000 -0.000129
vn -0.000096 1.000000 -0.000129
vn -0.000098 1.000000 -0.000128
vn -0.000097 1.000000 -0.000128
vn -0.000097 1.000000 -0.000129
vn 0.040048 0.995383 -0.087226
vn -0.000097 1.000000 -0.000130
vn -0.000096 1.000000 -0.000128
vn -0.000097 1.000000 -0.000130
vn -0.000097 1.000000 -0.000127
vn -0.000097 1.000000 -0.000129
vn -0.000096 1.000000 -0.000128
vn -0.000099 1.000000 -0.000129
vn -0.000096 1.000000 -0.000129
vn -0.000097 1.000000 -0.000127
vn -0.000096 1.000000 -0.000129
vn -0.000096 1.000000 -0.000128
vn -0.000096 1.000000 -0.000129
vn -0.000096 1.000000 -0.000128
vn -0.000097 1.000000 -0.000128
vn -0.000097 1.000000 -0.000131
vn -0.000097 1.000000 -0.000129
vn -0.000097 1.000000 -0.000128
vn -0.000096 1.000000 -0.000127
vn -0.000094 1.000000 -0.000127
vn -0.000096 1.000000 -0.000129
vn -0.000096 1.000000 -0.000130
vn -0.000095 1.000000 -0.000130
vn -0.000094 1.000000 -0.000129
vn -0.000095 1.000000 -0.000129
vn -0.000096 1.000000 -0.000129
vn -0.000097 1.000000 -0.000128
vn -0.000096 1.000000 -0.000127
vn -0.000096 1.000000 -0.000129
vn -0.000096 1.000000 -0.000129
vn -0.000098 1.000000 -0.000127
vn -0.000095 1.000000 -0.000129
vn -0.000095 1.000000 -0.000128
vn -0.000095 1.000000 -0.000128
vn -0.000093 1.000000 -0.000128
vn 0.409577 0.912220 0.010096
vn 0.601267 0.798526 0.028888
vn 0.719994 0.683070 0.122568
vn 0.983175 0.076486 0.165885
vn 0.961560 0.274540 -0.005550
vn 0.977572 -0.066200 0.199928
vn 0.960956 -0.182284 0.208171
vn 0.875615 -0.189992 0.444074
vn 0.453058 0.890946 -0.030886
vn 0.919051 0.393830 -0.015585
vn -0.000098 1.000000 -0.000126
vn -0.000096 1.000000 -0.000129
vn 0.021405 0.999598 0.018590
vn -0.005801 0.999914 0.011737
vn -0.000094 1.000000 -0.000129
vn -0.000093 1.000000 -0.000127
vn -0.000095 1.000000 -0.000131
vn -0.000096 1.000000 -0.000129
vn -0.000097 1.000000 -0.000130
vn -0.000099 1.000000 -0.000131
vn -0.000095 1.000000 -0.000130
vn -0.000096 1.000000 -0.000129
vn -0.000097 1.000000 -0.000130
vn -0.000098 1.000000 -0.000129
vn -0.000096 1.000000 -0.000128
vn -0.000096 1.000000 -0.000129
vn -0.000097 1.000000 -0.000128
vn -0.000099 1.000000 -0.000128
vn -0.000095 1.000000 -0.000129
vn -0.000095 1.000000 -0.000128
vn -0.000098 1.000000 -0.000128
vn -0.000097 1.000000 -0.000129
vn 0.788300 0.613897 -0.041401
vn 0.994740 0.100031 -0.022026
vn 0.993896 -0.109803 0.010709
vn 0.986226 -0.164434 0.017860
vn 0.972284 -0.232638 -0.023320
vn 0.990348 0.138577 -0.002715
vn 0.873245 0.486461 -0.028274
vn 0.714506 0.699462 -0.015296
vn 0.989628 -0.142641 0.017021
vn 0.985792 -0.164574 0.033607
vn 0.980847 -0.194681 0.006178
vn 0.998460 -0.050025 -0.023995
vn 0.983411 -0.179502 0.026106
vn -0.000095 1.000000 -0.000129
vn 0.012686 0.998956 0.043886
vn -0.000096 1.000000 -0.000129
vn -0.000096 1.000000 -0.000126
vn -0.000094 1.000000 -0.000128
vn -0.000098 1.000000 -0.000130
vn -0.000097 1.000000 -0.000129
vn -0.000095 1.000000 -0.000127
vn -0.000097 1.000000 -0.000127
vn 0.000094 1.000000 0.000129
vn -0.000006 1.000000 -0.000001
vn -0.000098 1.000000 -0.000128
vn -0.000028 1.000000 -0.000059
vn -0.000097 1.000000 -0.000127
vn -0.000097 1.000000 -0.000128
vn -0.000064 1.000000 -0.000057
vn -0.000094 1.000000 -0.000130
vn -0.000097 1.000000 -0.000131
vn -0.000043 1.000000 -0.000037
vn -0.000096 1.000000 -0.000129
vn -0.000096 1.000000 -0.000127
vn -0.000098 1.000000 -0.000128
vn 0.000053 1.000000 0.000083
vn -0.000096 1.000000 -0.000130
vn -0.000061 1.000000 -0.000092
vn -0.000095 1.000000 -0.000129
vn -0.000094 1.000000 -0.000130
vn -0.000095 1.000000 -0.000130
vn -0.000095 1.000000 -0.000128
vn -0.000094 1.000000 -0.000128
vn -0.000095 1.000000 -0.000130
vn -0.000097 1.000000 -0.000128
vn -0.000096 1.000000 -0.000130
vn -0.000097 1.000000 -0.000128
vn -0.000014 1.000000 0.000002
vn -0.000095 1.000000 -0.000127
vn -0.000053 1.000000 -0.000064
vn -0.000082 1.000000 -0.000118
vn 0.000093 1.000000 0.000116
vn 0.000026 1.000000 0.000028
vn 0.000017 1.000000 -0.000013
vn -0.000089 1.000000 -0.000107
vn 0.992264 -0.119043 -0.035223
vn -0.000067 1.000000 -0.000091
vn 0.000096 1.000000 0.000127
vn 0.000076 1.000000 0.000097
vn -0.000097 1.000000 -0.000128
vn -0.000097 1.000000 -0.000129
vn -0.000095 1.000000 -0.000128
vn 0.989103 -0.135498 -0.057579
vn 0.000049 1.000000 0.000067
vn 0.000005 1.000000 -0.000000
vn 0.000083 1.000000 0.000116
vn -0.000041 1.000000 -0.000079
vn 0.000031 1.000000 0.000036
vn 0.000096 1.000000 0.000127
vn 0.000097 1.000000 0.000130
vn 0.000096 1.000000 0.000128
vn 0.000096 1.000000 0.000130
vn 0.000098 1.000000 0.000129
vn 0.000097 1.000000 0.000127
vn 0.000096 1.000000 0.000130
vn 0.000095 1.000000 0.000128
vn 0.000095 1.000000 0.000130
vn 0.000096 1.000000 0.000130
vn 0.000096 1.000000 0.000130
vn 0.000096 1.000000 0.000128
vn 0.000096 1.000000 0.000128
vn 0.000097 1.000000 0.000126
vn 0.000097 1.000000 0.000127
vn -0.000077 1.000000 -0.000101
vn -0.000096 1.000000 -0.000127
vn -0.000097 1.000000 -0.000126
vn -0.000097 1.000000 -0.000128
vn -0.000094 1.000000 -0.000129
vn -0.000097 1.000000 -0.000130
vn -0.000098 1.000000 -0.000130
vn 0.000002 1.000000 0.000013
vn -0.000059 1.000000 -0.000048
vn -0.000093 1.000000 -0.000129
vn -0.000093 1.000000 -0.000126
vn 0.992286 -0.108364 -0.060208
vn 0.000097 1.000000 0.000131
vn 0.000094 1.000000 0.000128
vn 0.000095 1.000000 0.000128
vn 0.000094 1.000000 0.000129
vn 0.000097 1.000000 0.000129
vn -0.519685 0.854256 -0.013221
vn 0.000095 1.000000 0.000129
vn -0.000095 1.000000 -0.000130
vn 0.000093 1.000000 0.000129
vn 0.000098 1.000000 0.000129
vn -0.000066 1.000000 -0.000089
vn 0.000097 1.000000 0.000128
vn 0.000098 1.000000 0.000129
vn 0.000096 1.000000 0.000128
vn 0.000094 1.000000 0.000131
vn 0.000094 1.000000 0.000128
vn 0.000096 1.000000 0.000127
vn 0.000095 1.000000 0.000128
vn -0.000048 1.000000 -0.000046
vn 0.000099 1.000000 0.000128
vn 0.000095 1.000000 0.000129
vn 0.000097 1.000000 0.000130
vn 0.000096 1.000000 0.000128
vn 0.000096 1.000000 0.000132
vn 0.000095 1.000000 0.000129
vn 0.000094 1.000000 0.000129
vn 0.000095 1.000000 0.000129
vn 0.000097 1.000000 0.000129
vn 0.000096 1.000000 0.000127
vn 0.000097 1.000000 0.000129
vn 0.000099 1.000000 0.000128
vn 0.000098 1.000000 0.000129
vn 0.000078 1.000000 0.000113
vn 0.000038 1.000000 0.000060
vn 0.000095 1.000000 0.000131
vn 0.000095 1.000000 0.000128
vn 0.000096 1.000000 0.000130
vn 0.000096 1.000000 0.000130
vn 0.000094 1.000000 0.000129
vn -0.004023 0.999991 0.001417
vn 0.000096 1.000000 0.000127
vn 0.000094 1.000000 0.000130
vn 0.000095 1.000000 0.000128
vn 0.000094 1.000000 0.000128
vn 0.000097 1.000000 0.000129
vn 0.000095 1.000000 0.000129
vn 0.000097 1.000000 0.000128
vn 0.000095 1.000000 0.000128
vn 0.000095 1.000000 0.000129
vn -0.006911 0.999976 0.000699
vn 0.000097 1.000000 0.000129
vn 0.000098 1.000000 0.000129
vn 0.000098 1.000000 0.000127
vn 0.000095 1.000000 0.000130
vn 0.000097 1.000000 0.000130
vn 0.000093 1.000000 0.000131
vn -0.142299 0.989817 0.003682
vn 0.000097 1.000000 0.000130
vn 0.000096 1.000000 0.000128
vn 0.000097 1.000000 0.000127
vn 0.000095 1.000000 0.000129
vn 0.000096 1.000000 0.000128
vn 0.000096 1.000000 0.000128
vn 0.000049 1.000000 0.000053
vn 0.000096 1.000000 0.000129
vn 0.000059 1.000000 0.000079
vn 0.000034 1.000000 0.000043
vn 0.000096 1.000000 0.000126
vn 0.000095 1.000000 0.000129
vn 0.000095 1.000000 0.000130
vn 0.000053 1.000000 0.000075
vn 0.000095 1.000000 0.000127
vn 0.000097 1.000000 0.000129
vn 0.000098 1.000000 0.000128
vn -0.003838 0.999989 -0.002853
vn -0.982432 0.185656 -0.018956
vn -0.667282 0.743367 -0.046275
vn -0.132332 0.991191 -0.005374
vn -0.372068 0.927629 -0.032708
vn -0.342503 0.939096 -0.028123
vn -0.084570 0.996158 -0.022734
vn -0.041515 0.999132 0.003417
vn -0.899786 0.434135 -0.043722
vn -0.567729 0.822458 -0.035311
vn -0.444579 0.894691 -0.043332
vn -0.895609 0.443982 -0.027636
vn -0.669614 0.739703 -0.066763
vn -0.892570 0.445123 -0.072002
vn 0.000096 1.000000 0.000129
vn -0.017340 0.999790 -0.010914
vn 0.000099 1.000000 0.000129
vn 0.000098 1.000000 0.000129
vn 0.000097 1.000000 0.000130
vn 0.000096 1.000000 0.000129
vn -0.000055 1.000000 -0.000086
vn 0.000048 1.000000 0.000066
vn 0.000097 1.000000 0.000127
vn -0.000096 1.000000 -0.000128
vn -0.000065 1.000000 -0.000064
vn 0.000095 1.000000 0.000128
vn 0.000096 1.000000 0.000130
vn 0.000096 1.000000 0.000127
vn 0.000096 1.000000 0.000127
vn 0.000094 1.000000 0.000128
vn 0.000096 1.000000 0.000129
vn 0.000095 1.000000 0.000128
vn 0.000098 1.000000 0.000129
vn 0.000096 1.000000 0.000127
vn 0.000096 1.000000 0.000128
vn -0.981030 0.187610 -0.048813
vn 0.000097 1.000000 0.000128
vn -0.008942 0.999956 -0.003004
vn -0.412128 0.910763 -0.025721
vn -0.228962 0.973304 -0.015967
vn -0.026312 0.999650 0.002694
vn -0.024765 0.999690 0.002643
vn -0.357549 0.933892 -0.002154
vn -0.794019 0.600211 -0.096334
vn -0.828065 0.556905 -0.064542
vn -0.995865 0.089192 -0.017242
vn -0.994280 0.087360 0.061448
vn -0.982976 0.176086 -0.052451
vn -0.452749 0.891577 -0.010443
vn -0.884940 0.462065 -0.058118
vn -0.874130 0.485569 -0.010942
vn -0.994267 0.102827 0.029326
vn -0.981243 0.043137 -0.187887
vn -0.735726 0.676622 -0.029828
vn -0.958553 0.088436 -0.270842
vn 0.000096 1.000000 0.000130
vn 0.000009 1.000000 0.000019
vn 0.000050 1.000000 0.000067
vn -0.000094 1.000000 -0.000129
vn -0.000046 1.000000 -0.000077
vn -0.000094 1.000000 -0.000128
vn -0.000095 1.000000 -0.000129
vn -0.000096 1.000000 -0.000126
vn -0.000097 1.000000 -0.000129
vn -0.000094 1.000000 -0.000128
vn -0.000097 1.000000 -0.000126
vn -0.000096 1.000000 -0.000127
vn -0.000098 1.000000 -0.000129
vn -0.000097 1.000000 -0.000131
vn -0.000097 1.000000 -0.000129
vn -0.000096 1.000000 -0.000129
vn -0.000095 1.000000 -0.000129
vn -0.000097 1.000000 -0.000130
vn -0.000096 1.000000 -0.000129
vn -0.000095 1.000000 -0.000128
vn 0.000098 1.000000 0.000127
vn 0.000096 1.000000 0.000128
vn 0.000097 1.000000 0.000129
vn 0.000095 1.000000 0.000129
vn 0.000098 1.000000 0.000129
vn -0.997862 0.044727 -0.047656
vn -0.990424 0.126629 -0.055013
vn 0.000093 1.000000 0.000131
vn -0.447446 0.893231 -0.043935
vn -0.379009 0.917131 0.123383
vn -0.986070 0.010744 -0.165986
vn -0.969306 0.121036 -0.213998
vn -0.666113 0.738739 -0.102753
vn -0.910279 0.314407 -0.269334
vn 0.000098 1.000000 0.000131
vn -0.000097 1.000000 -0.000130
vn -0.000055 1.000000 -0.000082
vn -0.000095 1.000000 -0.000132
vn -0.000093 1.000000 -0.000130
vn -0.000094 1.000000 -0.000130
vn 0.000097 1.000000 0.000129
vn 0.000094 1.000000 0.000126
vn -0.998976 0.038561 -0.023666
vn -0.003297 0.999876 0.015386
vn -0.972319 0.095151 -0.213406
vn -0.976275 -0.006435 -0.216439
vn -0.996126 -0.040558 -0.078020
vn -0.974570 -0.130335 0.182279
vn -0.820502 -0.263304 0.507392
vn 0.000003 1.000000 0.000004
vn 0.000096 1.000000 0.000128
vn 0.000096 1.000000 0.000130
vn 0.000095 1.000000 0.000129
vn 0.000097 1.000000 0.000129
vn 0.000095 1.000000 0.000128
vn 0.000098 1.000000 0.000128
vn 0.000097 1.000000 0.000129
vn 0.000096 1.000000 0.000129
vn -0.999275 0.035257 -0.014383
vn -0.999420 0.025489 -0.022593
vn -0.999629 0.015238 -0.022554
vn -0.999636 0.016023 -0.021690
vn -0.999794 0.009050 -0.018188
vn -0.999190 0.024403 -0.032004
vn -0.999305 0.024732 -0.027876
vn -0.998024 0.058025 -0.024100
vn -0.999526 0.029808 -0.007685
vn -0.998890 0.036129 0.030213
vn -0.999787 0.016918 -0.011850
vn -0.999716 0.014255 -0.019102
vn -0.999390 0.019381 -0.029048
vn -0.999766 0.012235 -0.017866
vn -0.998627 0.033686 -0.040124
vn -0.997204 0.067460 -0.032159
vn -0.998847 0.033643 -0.034260
vn -0.999767 0.011124 -0.018504
vn -0.998838 0.005633 -0.047871
vn -0.999791 0.015743 -0.013030
vn -0.999615 0.015723 -0.022855
vn -0.999725 0.008758 -0.021753
vn -0.040142 0.999172 -0.006600
vn -0.143165 0.989250 -0.029815
vn 0.000054 1.000000 0.000058
vn -0.015402 0.999874 0.003865
vn -0.353206 0.898346 0.261189
vn -0.290720 0.932200 0.215602
vn -0.273942 0.947242 0.166396
vn 0.064905 0.486818 -0.871089
vn -0.094057 0.981773 -0.165151
vn -0.096345 0.945891 -0.309851
vn -0.079657 0.252737 -0.964251
vn -0.024345 0.999154 0.033133
vn -0.193069 0.959426 -0.205492
vn 0.033175 0.089197 -0.995461
vn 0.061109 0.086400 -0.994385
vn 0.063594 0.925515 -0.373334
vn -0.093606 0.301981 -0.948707
vn 0.054282 -0.101705 -0.993333
vn 0.049812 -0.104301 -0.993298
vn 0.052192 0.709347 -0.702924
vn -0.019449 0.871540 -0.489939
vn -0.073312 0.642942 -0.762398
vn -0.000095 1.000000 -0.000129
vn -0.029315 0.995207 -0.093288
vn -0.000082 1.000000 -0.000105
vn -0.000070 1.000000 -0.000075
vn 0.000098 1.000000 0.000129
vn 0.000095 1.000000 0.000127
vn 0.000098 1.000000 0.000129
vn 0.000094 1.000000 0.000130
vn 0.000096 1.000000 0.000129
vn 0.000093 1.000000 0.000127
vn 0.000097 1.000000 0.000126
vn 0.000096 1.000000 0.000130
vn 0.000093 1.000000 0.000129
vn 0.000094 1.000000 0.000129
vn 0.000096 1.000000 0.000128
vn 0.000096 1.000000 0.000129
vn 0.000095 1.000000 0.000130
vn 0.000098 1.000000 0.000129
vn 0.000097 1.000000 0.000129
vn 0.000097 1.000000 0.000129
vn -0.999913 0.007383 -0.010928
vn -0.760748 0.640270 -0.106377
vn -0.302742 0.943359 0.135725
vn -0.000098 1.000000 -0.000131
vn 0.011255 0.999683 0.022541
vn -0.002821 0.998508 -0.054531
vn -0.000096 1.000000 -0.000129
vn -0.000095 1.000000 -0.000126
vn -0.000096 1.000000 -0.000129
vn -0.000097 1.000000 -0.000129
vn 0.000055 1.000000 0.000081
vn -0.999858 0.008700 -0.014437
vn -0.982166 0.187691 -0.011064
vn -0.038266 0.933299 -0.357055
vn -0.818410 0.570556 -0.068348
vn -0.955062 -0.053789 0.291485
vn -0.989171 -0.000223 0.146767
vn -0.995753 -0.075723 0.052369
vn -0.910664 -0.144482 0.387060
vn -0.674153 0.733129 0.089664
vn -0.805205 0.592972 -0.005333
vn -0.000098 1.000000 -0.000130
vn -0.000097 1.000000 -0.000128
vn -0.000068 1.000000 -0.000087
vn -0.000095 1.000000 -0.000130
vn 0.066831 0.994580 -0.079647
vn -0.024216 0.993049 -0.115181
vn -0.006979 0.999916 0.010876
vn -0.002874 0.999853 -0.016898
vn -0.000097 1.000000 -0.000129
vn -0.000098 1.000000 -0.000128
vn -0.000096 1.000000 -0.000124
vn -0.000097 1.000000 -0.000127
vn -0.000095 1.000000 -0.000129
vn -0.000097 1.000000 -0.000127
vn -0.999987 0.001008 -0.004934
vn -0.999216 0.037120 -0.013742
vn -0.999667 0.005138 -0.025296
vn -0.999857 0.003013 -0.016612
vn -0.001744 0.999570 -0.029286
vn 0.008307 0.891715 -0.452522
vn -0.998870 0.037544 -0.029156
vn -0.283689 0.958680 -0.021280
vn -0.803712 0.594639 -0.021256
vn -0.895363 0.444554 -0.026403
vn -0.993821 0.109306 -0.019307
vn -0.999799 0.011535 -0.016393
vn 0.040650 0.384783 -0.922111
vn -0.013775 0.017024 -0.999760
vn 0.002281 0.340304 -0.940313
vn 0.002701 0.024063 -0.999707
vn -0.001957 0.011002 -0.999938
vn -0.020114 0.858268 -0.512807
vn 0.032089 0.999291 -0.019696
vn 0.076001 0.086747 0.993327
vn 0.116089 0.074371 0.990451
vn 0.026340 0.030606 0.999184
vn -0.367430 -0.043460 0.929035
vn -0.394040 -0.029109 0.918632
vn 0.185459 0.070433 0.980125
vn -0.065105 -0.014142 0.997778
vn -0.367813 -0.036474 0.929184
vn -0.408691 -0.075588 0.909537
vn -0.257299 0.678645 -0.687923
vn 0.730550 0.191407 0.655485
vn 0.872746 0.374537 0.313108
vn -0.952471 0.054339 0.299744
vn -0.995741 -0.064366 -0.066001
vn -0.991404 -0.085556 -0.098987
vn -0.992632 0.000918 0.121162
vn -0.999438 -0.032748 0.007108
vn -0.988176 -0.122398 -0.092343
vn -0.996681 -0.069149 -0.042959
vn -0.964577 0.252075 0.077772
vn -0.926264 0.249077 0.282837
vn -0.860112 0.068521 -0.505483
vn -0.890047 0.182313 0.417826
vn -0.936093 0.053449 0.347667
vn -0.854452 0.158745 -0.494684
vn 0.723825 -0.132849 0.677074
vn 0.521938 -0.005860 0.852963
vn 0.674388 -0.017010 0.738182
vn 0.981661 0.006527 0.190524
vn 0.916492 0.275713 0.289871
vn 0.839576 0.238221 -0.488223
vn -0.843829 0.257840 0.470606
vn -0.917655 0.324885 0.228820
vn 0.377258 0.000915 0.926108
vn -0.726095 0.229516 -0.648157
vn -0.029437 0.071131 0.997033
vn 0.034673 -0.134442 0.990315
vn -0.300917 -0.097780 0.948624
vn -0.364292 0.212059 0.906820
vn 0.386896 -0.078096 0.918811
vn -0.862840 -0.073050 0.500170
vn -0.765165 -0.171142 0.620671
vn -0.984110 -0.170121 -0.050865
vn -0.781402 -0.115013 0.613338
vn 0.182704 -0.002197 0.983165
vn -0.048352 -0.082859 0.995388
vn -0.931814 0.340847 -0.124682
vn 0.269727 -0.028707 0.962509
vn -0.449444 0.098541 -0.887857
vn -0.507740 -0.011688 -0.861431
vn -0.930707 0.360422 -0.062298
vn -0.953645 0.071632 -0.292284
vn -0.960489 0.031759 -0.276499
vn -0.967207 0.091579 -0.236904
vn -0.991763 -0.032915 -0.123788
vn -0.948859 0.040075 0.313147
vn -0.986022 0.149308 0.073949
vn -0.984685 0.113634 0.132223
vn -0.981270 0.113234 -0.155846
vn -0.985329 0.148129 -0.084761
vn -0.903086 0.060382 0.425194
vn -0.938531 0.090872 0.333020
vn -0.892185 0.060158 0.447646
vn -0.992555 0.105597 0.060690
vn -0.986027 -0.014892 0.165921
vn -0.934601 0.025714 0.354768
vn -0.941899 0.014572 0.335581
vn -0.920739 0.057633 0.385899
vn -0.997575 -0.037045 -0.058927
vn -0.992012 0.014903 -0.125258
vn -0.953424 0.081979 0.290281
vn -0.997353 -0.047077 0.055422
vn -0.993241 0.113602 0.023813
vn -0.974482 -0.000652 0.224463
vn -0.998306 -0.049430 -0.030680
vn -0.983185 0.142362 0.114365
vn -0.926478 0.376348 0.001031
vn -0.997824 -0.051345 0.041364
vn -0.990230 -0.003198 0.139405
vn -0.992036 -0.098331 -0.078712
vn -0.993083 -0.007324 0.117186
vn -0.993068 -0.092290 -0.072794
vn -0.994883 -0.055810 -0.084222
vn -0.995212 0.079061 -0.057474
vn -0.994199 -0.102118 0.033780
vn -0.933670 0.356800 -0.030896
vn -0.995151 -0.067541 -0.071510
vn -0.967335 0.071930 0.243084
vn -0.985303 0.002339 0.170800
vn 0.338050 0.940588 0.031869
vn -0.996151 -0.079717 -0.036443
vn -0.925579 0.376603 0.038391
vn 0.266169 0.963763 -0.017742
vn 0.016550 0.998461 -0.052931
vn -0.993315 -0.093277 0.068008
vn -0.827855 0.020108 -0.560581
vn -0.996097 -0.086975 -0.015056
vn -0.994791 -0.099801 0.020773
vn -0.921362 0.388706 0.000355
vn -0.995924 -0.062135 -0.065380
vn -0.359447 0.932985 -0.018347
vn -0.602322 0.797652 -0.030995
vn -0.472795 0.879356 -0.056553
vn -0.967541 -0.077507 -0.240536
vn -0.237171 0.971438 -0.007683
vn 0.411692 0.909598 -0.056047
vn 0.821780 0.569182 -0.026645
vn 0.952348 0.304648 -0.014935
vn 0.969752 0.243885 0.010085
vn 0.045483 0.998701 -0.022989
vn 0.244922 0.968544 -0.043987
vn 0.991216 0.127555 -0.034935
vn 0.731911 0.681349 -0.008366
vn 0.914680 0.404174 -0.001880
vn -0.835598 0.549341 0.000782
vn 0.999596 -0.026640 -0.009942
vn 0.799869 0.598863 -0.039652
vn 0.999818 -0.005654 -0.018225
vn 0.537014 0.843570 0.002412
vn -0.514297 0.857608 0.002528
vn 0.993080 0.117274 -0.006234
vn 0.941158 0.334761 -0.046447
vn -0.990747 -0.036444 0.130736
vn -0.982414 -0.007190 -0.186575
vn -0.974814 0.067492 -0.212561
vn -0.810971 0.234793 -0.535908
vn -0.992588 -0.111657 0.047983
vn -0.992264 -0.077451 -0.097021
vn -0.998007 -0.060708 -0.017241
vn -0.994624 -0.102904 -0.011595
vn -0.958119 -0.042373 -0.283219
vn -0.558326 0.068208 -0.826813
vn 0.577042 0.815613 -0.042397
vn -0.352461 0.934168 -0.055683
vn 0.785889 0.618304 -0.008895
vn 0.998510 -0.009056 0.053813
vn 0.997392 -0.058862 0.041767
vn 0.993034 0.113848 0.030353
vn 0.417760 0.908416 0.016012
vn 0.995557 -0.084327 0.041903
vn -0.346000 0.938232 0.002363
vn -0.115448 0.992723 0.034258
vn 0.011514 0.998787 -0.047865
vn -0.697569 0.716483 0.007036
vn -0.776696 0.629493 0.021964
vn -0.918129 0.391405 -0.061974
vn -0.902747 0.321264 -0.286072
vn -0.406495 0.226275 0.885190
vn -0.579184 0.118808 -0.806493
vn -0.616584 0.118759 -0.778280
vn -0.829880 0.342059 0.440789
vn -0.747148 0.226594 -0.624840
vn -0.911101 0.391020 0.130381
vn -0.167571 0.124810 0.977928
vn -0.050257 -0.051993 0.997382
vn -0.997062 -0.074910 -0.016004
vn -0.770088 -0.017951 -0.637685
vn -0.480390 0.081549 -0.873255
vn 0.996135 0.077922 0.040548
vn 0.999146 -0.039068 -0.013438
vn 0.989530 0.039333 -0.138863
vn -0.533232 0.845896 0.011099
vn -0.621995 0.782671 -0.023414
vn 0.941508 0.336905 0.007637
vn 0.997270 0.073845 0.000346
vn 0.808015 0.589074 0.010153
vn -0.995674 0.025911 0.089234
vn -0.737381 0.012292 -0.675365
vn -0.889024 0.060738 -0.453813
vn -0.906740 0.370635 -0.201128
vn 0.998250 -0.050578 0.030646
vn 0.996688 -0.076860 0.026551
vn 0.998510 -0.044693 -0.031297
vn 0.799467 0.467454 0.377278
vn 0.960120 0.247620 -0.129821
vn 0.998089 0.026215 -0.055950
vn 0.697548 0.614257 0.368937
vn 0.082575 0.774506 0.627154
vn -0.318720 0.574707 0.753743
vn -0.855593 0.393870 0.335896
vn -0.458274 0.838702 0.294217
vn -0.897221 0.055910 0.438027
vn -0.366984 0.822115 0.435257
vn -0.615323 -0.074471 0.784749
vn -0.984951 -0.169150 0.035503
vn 0.379203 0.784702 0.490355
vn -0.945914 0.322218 0.037714
vn -0.993039 0.098862 0.064032
vn 0.944848 0.304265 0.121184
vn 0.744000 0.666915 0.041099
vn 0.983258 0.175652 0.048484
vn 0.982565 0.184369 -0.023957
vn 0.410781 0.858112 0.308063
vn 0.939653 0.224170 -0.258455
vn -0.999698 -0.008845 0.022926
vn 0.114424 0.989937 -0.083258
vn 0.279576 0.958985 0.046756
vn 0.132187 0.990913 -0.024844
vn -0.049532 0.998734 -0.008747
vn 0.731060 0.682230 -0.010657
vn -0.993339 -0.092905 0.068169
vn -0.998443 -0.049675 -0.025360
vn -0.847306 0.381904 -0.369082
vn -0.674087 0.734021 -0.082588
vn -0.982639 -0.029917 -0.183097
vn -0.926284 0.374745 0.039534
vn -0.890800 0.446333 -0.085213
vn -0.981971 0.187859 -0.021005
vn 0.018464 0.996962 0.075666
vn -0.581396 0.811075 0.064309
vn -0.988955 0.118709 -0.088746
vn -0.781689 0.430295 0.451452
vn 0.002698 0.005996 -0.999978
vn 0.003101 0.062698 -0.998028
vn 0.019294 0.405523 -0.913881
vn 0.053299 0.532813 -0.844553
vn 0.003276 0.891649 -0.452715
vn -0.005124 0.494318 -0.869266
vn -0.004421 0.118877 -0.992899
vn -0.013115 0.967188 -0.253722
vn 0.003457 0.769862 -0.638200
vn 0.001489 0.015177 -0.999884
vn -0.004842 0.017432 -0.999836
vn -0.000657 0.986324 -0.164816
vn 0.384171 0.363685 0.848614
vn -0.333140 0.920899 0.202393
vn -0.551705 0.726489 0.409677
vn -0.964395 -0.155194 -0.214142
vn -0.840971 0.498510 0.210370
vn 0.211273 0.884985 0.414929
vn 0.300141 0.278558 0.912316
vn -0.127541 0.991261 0.033680
vn 0.297794 0.926014 -0.231986
vn -0.198214 0.939954 -0.277846
vn 0.170630 0.972280 0.159868
vn 0.464737 0.355006 0.811166
vn 0.186913 -0.228479 -0.955437
vn -0.626831 -0.068371 -0.776149
vn 0.167803 0.308621 -0.936267
vn 0.173853 0.272746 -0.946248
vn 0.323598 0.223836 -0.919338
vn -0.514662 0.847000 -0.133094
vn -0.595097 0.700708 -0.393533
vn -0.043659 0.727858 -0.684336
vn -0.252870 -0.127699 -0.959036
vn -0.385450 -0.367638 -0.846327
vn -0.384521 0.529222 -0.756351
vn 0.242411 0.537463 -0.807694
vn 0.024177 -0.113875 -0.993201
vn 0.215388 0.130353 -0.967789
vn -0.330338 0.884865 -0.328466
vn -0.593394 0.340115 -0.729524
vn -0.413796 0.867864 -0.274925
vn -0.141654 0.979037 -0.146355
vn -0.000220 0.012303 -0.999924
vn 0.292344 0.922181 -0.253214
vn -0.698370 0.714025 0.049472
vn -0.115628 0.604170 -0.788422
vn -0.328631 0.132386 -0.935134
vn -0.871021 0.430910 0.235878
vn -0.627935 -0.169674 -0.759545
vn -0.726574 0.583880 -0.362180
vn -0.673827 0.696011 -0.248042
vn -0.907858 0.412677 0.074106
vn -0.968254 0.201887 0.147398
vn -0.927212 0.374047 -0.019135
vn -0.514484 -0.012180 -0.857413
vn -0.651228 0.012607 -0.758777
vn -0.574273 -0.058068 -0.816602
vn -0.797297 0.584778 -0.149507
vn -0.919709 0.271435 -0.283652
vn -0.970035 0.129306 -0.205699
vn -0.982558 0.181287 -0.041404
vn -0.952921 0.226746 -0.201315
vn -0.907608 0.399810 -0.128059
vn -0.941672 0.200996 -0.269915
vn -0.817873 0.561545 -0.125504
vn -0.531503 0.844815 -0.061573
vn -0.166908 0.984367 -0.056240
vn -0.892932 0.241362 -0.380022
vn -0.969134 0.212207 -0.125491
vn -0.954829 0.284697 -0.085140
vn -0.535923 0.840913 -0.075177
vn -0.399317 0.916662 -0.016645
vn -0.053837 0.998545 -0.002989
vn -0.155637 0.987615 -0.019831
vn -0.022474 0.999745 -0.002353
vn -0.183042 0.983105 -0.000020
vn 0.000098 1.000000 0.000130
vn -0.858451 0.368855 -0.356382
vn -0.970797 0.228015 -0.074586
vn -0.941169 0.183024 0.284082
vn -0.975444 0.190648 -0.110284
vn -0.946848 0.131260 -0.293682
vn -0.958826 0.155053 -0.237930
vn -0.919093 0.129327 -0.372214
vn -0.994350 0.100866 -0.033090
vn -0.952123 0.132879 -0.275326
vn -0.955523 0.192919 0.223067
vn -0.960383 0.152515 -0.233244
vn -0.982305 0.122991 -0.141247
vn -0.987076 0.143661 -0.071013
vn -0.831860 0.550997 -0.066427
vn -0.942362 0.326093 -0.074955
vn -0.735818 0.674898 -0.055537
vn -0.929684 0.364753 -0.051412
vn -0.821626 0.568047 -0.047471
vn -0.976801 0.209402 -0.044828
vn -0.267913 0.963248 -0.019380
vn -0.787117 0.262075 0.558357
vn -0.800508 0.030973 0.598521
vn -0.727329 0.221315 0.649625
vn -0.966207 0.254629 -0.040109
vn -0.913528 0.144493 0.380248
vn -0.910478 0.107917 0.399228
vn -0.959500 0.198109 -0.200281
vn -0.928144 0.170815 -0.330713
vn -0.985639 0.110504 -0.127691
vn -0.941105 -0.001693 0.338110
vn -0.934841 0.228731 -0.271579
vn -0.833655 -0.001344 0.552284
vn -0.743221 0.413871 0.525675
vn -0.747959 0.402160 -0.528038
vn -0.581086 0.527993 -0.619324
vn -0.830613 0.474128 -0.292034
vn -0.536425 0.748501 0.389865
vn -0.944658 0.185532 0.270555
vn -0.053152 0.955264 0.290939
vn -0.996829 -0.079404 0.005244
vn -0.902266 0.125559 -0.412494
vn -0.900454 0.155806 -0.406087
vn -0.990188 0.119933 -0.071727
vn -0.259770 0.965540 0.015901
vn 0.445131 0.894448 -0.042670
vn 0.262446 0.964945 -0.001968
vn -0.991906 0.090428 -0.089133
vn -0.966190 0.097885 0.238529
vn -0.927759 0.070062 0.366545
vn -0.791667 0.475867 0.383165
vn -0.994851 0.097751 -0.026761
vn -0.979134 0.122925 -0.161823
vn -0.953896 0.133129 -0.268995
vn -0.997857 0.064385 -0.011686
vn -0.912876 -0.048175 0.405384
vn -0.953127 0.263225 -0.149200
vn -0.944382 -0.049412 0.325116
vn -0.964880 -0.204634 0.164719
vn -0.963909 0.253477 0.081420
vn -0.976176 0.168368 0.136864
vn -0.998266 -0.003421 0.058756
vn -0.490530 0.619436 0.612927
vn -0.625282 0.696253 0.352497
vn -0.994091 -0.098092 -0.046494
vn -0.687414 0.638631 0.345850
vn -0.016504 0.748313 0.663140
vn -0.937263 0.330447 0.111096
vn -0.995266 0.078184 -0.057723
vn 0.642710 0.585539 0.494032
vn -0.930176 0.210487 -0.300779
vn -0.971321 0.214119 -0.103384
vn -0.976887 0.173830 -0.124394
vn -0.934215 0.355663 -0.027303
vn -0.006493 0.999948 0.007849
vn 0.325892 0.945405 0.001950
vn 0.694876 0.718744 0.023538
vn -0.996725 0.049583 -0.063885
vn -0.951682 0.241416 0.189787
vn -0.557382 0.791444 0.250883
vn -0.964954 0.262346 -0.006156
vn -0.891223 0.450744 0.050507
vn -0.978067 0.203112 -0.046151
vn -0.971405 -0.076987 0.224601
vn 0.956100 0.246501 0.158463
vn 0.874309 0.344218 0.342195
vn -0.114522 0.841797 0.527506
vn -0.893830 0.447301 -0.031456
vn -0.964693 0.263187 -0.010005
vn -0.466439 0.884328 -0.019965
vn -0.731430 0.681818 -0.011572
vn 0.898541 0.436415 -0.046534
vn -0.984844 0.095677 -0.144668
vn 0.261629 0.945614 0.193298
vn -0.008500 0.916783 0.399296
vn 0.722509 0.657012 0.215212
vn 0.649379 0.686073 0.328040
vn 0.968292 0.126712 0.215301
vn 0.812991 0.133632 0.566734
vn 0.331872 -0.051646 -0.941910
vn 0.642161 -0.049188 -0.764990
vn 0.961574 0.266083 0.067635
vn 0.769098 0.233901 -0.594793
vn 0.718151 0.173865 0.673817
vn 0.659704 -0.035185 -0.750701
vn 0.950987 0.165888 -0.260970
vn 0.943665 0.296975 -0.145953
vn 0.793698 0.251795 0.553754
vn 0.598404 0.084616 0.796714
vn 0.990307 -0.038519 0.133450
vn 0.880101 0.015025 0.474549
vn 0.735061 0.084386 0.672729
vn 0.737924 0.128426 0.662552
vn 0.996532 -0.048754 -0.067431
vn 0.973918 -0.009530 0.226699
vn 0.475444 0.064145 -0.877404
vn 0.910958 0.391771 -0.129118
vn 0.986837 0.160995 0.015272
vn 0.840657 0.232544 -0.489101
vn 0.899485 0.418849 0.124469
vn 0.522715 0.848479 -0.082781
vn 0.933156 0.034047 0.357856
vn 0.180427 0.982614 -0.043768
vn 0.983771 -0.141869 -0.109852
vn 0.814429 0.219140 0.537292
vn -0.147415 0.989069 -0.003231
vn 0.980393 -0.040742 0.192794
vn 0.935755 0.003436 0.352633
vn 0.906432 0.280485 0.315768
vn 0.988573 -0.150740 -0.001066
vn 0.892248 0.444502 -0.079447
vn 0.997503 0.023866 -0.066467
vn 0.994477 -0.028814 -0.100921
vn 0.863329 0.504146 0.022369
vn 0.754019 0.656769 -0.010458
vn 0.982352 -0.088546 -0.164756
vn 0.995910 0.076398 0.048229
vn 0.972929 0.230667 -0.014245
vn -0.115805 0.993120 -0.017398
vn 0.548145 0.836093 -0.022033
vn 0.270837 0.961995 -0.034825
vn 0.208285 0.977992 -0.012240
vn 0.981048 -0.042471 -0.189054
vn 0.971679 -0.049432 -0.231075
vn 0.977497 -0.070535 -0.198805
vn 0.990301 0.138485 0.011205
vn 0.999813 0.005414 -0.018564
vn -0.753098 0.657356 -0.026941
vn -0.931972 0.362121 0.017225
vn -0.627893 0.777710 -0.030282
vn -0.907673 0.417942 0.038138
vn -0.865743 0.499467 -0.031975
vn -0.231307 0.972735 0.016842
vn -0.998327 0.057058 -0.009361
vn -0.998475 0.048993 0.025428
vn 0.555490 0.831469 -0.009473
vn 0.994346 -0.088044 -0.059363
vn -0.414579 0.908065 -0.059519
vn 0.108095 0.993842 -0.024382
vn 0.860080 0.509777 -0.019761
vn -0.564436 0.825440 -0.007784
vn -0.930477 0.365509 -0.024823
vn 0.897861 0.290738 0.330633
vn -0.473501 0.880399 0.026345
vn -0.999852 0.017037 0.002378
vn 0.784586 0.584630 -0.206477
vn -0.344567 0.938760 0.001730
vn -0.994429 0.103646 0.019183
vn -0.970232 0.242161 0.002654
vn -0.999440 0.032516 0.007883
vn -0.373872 0.927439 -0.008746
vn -0.580701 0.813961 -0.015929
vn -0.927131 0.374480 0.013849
vn -0.296550 0.954222 -0.038963
vn 0.262804 0.963210 -0.056218
vn -0.815822 0.578019 -0.018141
vn -0.891055 0.453772 0.010575
vn -0.999508 0.029250 0.011326
vn 0.999477 -0.031451 0.007470
vn 0.997718 0.066594 -0.011136
vn 0.156768 0.986133 -0.054455
vn -0.845452 0.330046 0.419859
vn 0.091688 -0.004018 0.995780
vn 0.265213 0.008068 0.964156
vn 0.070280 -0.038482 0.996785
vn -0.101797 -0.003542 0.994799
vn 0.309745 0.057395 0.949086
vn 0.141333 0.064089 0.987885
vn 0.302170 0.071339 0.950581
vn 0.373362 0.090664 0.923245
vn 0.335746 0.000416 0.941952
vn 0.052127 -0.004606 0.998630
vn -0.152170 0.011814 0.988284
vn -0.125871 0.072441 0.989398
vn -0.211454 0.042391 0.976468
vn 0.237892 0.023823 0.970999
vn 0.367145 0.047639 0.928943
vn 0.372111 0.043059 0.927189
vn 0.103766 0.001777 0.994600
vn -0.006512 -0.007995 0.999947
vn -0.192545 0.003079 0.981283
vn -0.352873 0.013770 0.935570
vn -0.165670 0.063047 0.984164
vn -0.285467 0.054182 0.956856
vn -0.500123 0.127379 0.856535
vn 0.391972 0.327254 0.859804
vn -0.720573 -0.257488 0.643797
vn -0.563059 0.760207 0.324113
vn -0.007840 0.999934 0.008439
vn -0.792225 -0.607292 -0.059804
vn 0.084268 0.984584 0.153277
vn 0.172912 0.717718 0.674524
vn -0.090283 0.986379 -0.137498
vn -0.078669 0.687978 -0.721455
vn -0.559816 0.799330 -0.218351
vn -0.902178 0.429424 0.040872
vn 0.295139 0.930742 -0.215899
vn -0.000083 1.000000 -0.000114
vn 0.590284 0.801173 -0.098418
vn 0.585677 0.803513 -0.106531
vn 0.145382 0.989183 -0.019504
vn 0.563471 -0.456037 0.688862
vn 0.125531 0.991194 -0.042146
vn -0.000098 1.000000 -0.000131
vn -0.000097 1.000000 -0.000128
vn -0.000095 1.000000 -0.000129
vn -0.000096 1.000000 -0.000127
vn -0.000098 1.000000 -0.000129
vn -0.000094 1.000000 -0.000127
vn -0.000094 1.000000 -0.000128
vn -0.000096 1.000000 -0.000130
vn -0.000097 1.000000 -0.000128
vn -0.000098 1.000000 -0.000129
vn 0.170707 0.984330 -0.044198
vn 0.001434 0.999999 0.000032
vn 0.091714 0.995780 -0.003279
vn 0.600913 0.794250 -0.089835
vn -0.000096 1.000000 -0.000129
vn 0.553661 0.828677 -0.082187
vn 0.241560 0.970107 -0.023250
vn 0.318162 0.947981 -0.010207
vn 0.989016 0.132734 -0.065037
vn 0.833796 0.549001 -0.058147
vn 0.856867 0.514221 -0.036831
vn 0.979753 0.194065 -0.049230
vn 0.992174 0.112287 -0.054604
vn 0.985380 0.149534 -0.081643
vn 0.945136 0.306515 -0.112987
vn 0.842299 0.524815 -0.122889
vn 0.877892 0.458938 -0.136679
vn 0.800685 0.588632 -0.111422
vn 0.959516 0.277693 -0.047065
vn 0.995386 -0.094767 -0.015022
vn 0.999758 0.021898 0.001908
vn 0.403637 0.912674 -0.064054
vn 0.088815 0.996041 -0.003704
vn 0.744216 -0.593873 0.305707
vn 0.614213 -0.661997 0.429537
vn 0.398926 -0.893432 0.206486
vn -0.000096 1.000000 -0.000129
vn -0.004159 0.999988 -0.002742
vn 0.983361 -0.180249 -0.022626
vn 0.997916 -0.062265 0.016933
vn 0.995926 -0.089735 -0.008894
vn 0.995593 -0.093706 0.003602
vn 0.997512 -0.069721 -0.010435
vn 0.996581 -0.076558 -0.031063
vn 0.995965 -0.073480 0.051513
vn 0.996314 -0.083207 -0.020846
vn 0.996770 -0.079830 -0.008718
vn 0.996717 -0.080735 -0.006063
vn 0.999115 -0.041935 -0.003216
vn 0.998107 -0.061243 -0.005600
vn 0.998394 -0.056402 -0.005377
vn 0.998219 -0.059087 -0.008246
vn 0.997545 -0.069259 -0.010322
vn 0.998120 -0.060507 -0.009731
vn 0.997192 -0.074699 -0.005250
vn 0.999474 -0.032025 -0.005121
vn 0.998296 -0.057117 -0.011983
vn 0.998668 -0.049885 -0.013193
vn 0.999040 -0.042463 -0.010808
vn 0.992852 0.118710 0.012366
vn 0.990027 0.133271 -0.045676
vn 0.999375 -0.032474 -0.013943
vn 0.997780 -0.065392 -0.012628
vn 0.998615 -0.050688 -0.014067
vn 0.998318 -0.057639 -0.006297
vn 0.998712 -0.050674 -0.002718
vn 0.998067 -0.062109 0.002124
vn 0.999210 -0.038049 -0.011441
vn 0.996996 -0.076388 0.012824
vn 0.998540 -0.052448 -0.012949
vn 0.999284 -0.031102 -0.021559
vn 0.998895 -0.044165 -0.016062
vn 0.997618 -0.068262 -0.009900
vn 0.814574 0.579878 -0.014518
vn 0.993200 0.116178 0.007502
vn 0.995185 -0.095682 -0.021239
vn 0.997800 -0.064747 -0.014248
vn 0.992860 -0.117100 0.022714
vn 0.994368 -0.102395 0.027329
vn 0.998088 -0.061213 -0.008562
vn 0.995798 -0.091437 -0.005018
vn 0.997246 -0.073384 -0.010747
vn 0.997564 -0.069744 -0.001406
vn 0.995599 -0.091727 -0.019214
vn 0.996023 -0.088634 0.009052
vn 0.756646 0.653683 -0.013635
vn 0.983136 0.177818 -0.042707
vn 0.125749 0.991852 -0.020411
vn -0.367479 0.930026 0.003167
vn 0.101561 0.994789 0.008910
vn 0.798672 0.601291 -0.023924
vn 0.997162 -0.073806 -0.014887
vn 0.998576 -0.052153 -0.011238
vn 0.993870 -0.110094 -0.010118
vn 0.991948 -0.126554 0.004848
vn 0.995143 -0.098330 0.004587
vn 0.992489 -0.118503 0.030390
vn 0.995852 -0.090293 0.011211
vn 0.993571 -0.112317 -0.014215
vn 0.993107 -0.116988 0.007196
vn 0.995770 -0.091867 0.001316
vn 0.992742 -0.117000 -0.027807
vn 0.995470 -0.083479 -0.045499
vn 0.992379 -0.123052 -0.006480
vn 0.993794 -0.109901 0.017204
vn 0.997993 0.055807 -0.029926
vn 0.996736 -0.023064 -0.077365
vn 0.992866 -0.115308 -0.030363
vn 0.860747 0.508774 0.016211
vn 0.999925 0.009593 -0.007585
vn -0.390405 0.919470 -0.046456
vn 0.997544 0.053462 -0.045244
vn 0.999082 -0.042530 -0.005071
vn 0.985200 0.159092 -0.063803
vn -0.306852 0.951332 -0.028459
vn 0.325870 0.945413 -0.001741
vn 0.996487 -0.082721 -0.013083
vn 0.995755 -0.090787 -0.015152
vn 0.987740 -0.155639 -0.012108
vn 0.992692 -0.118829 -0.021035
vn 0.984763 -0.173609 0.010056
vn 0.995723 -0.092303 -0.004102
vn 0.994549 -0.103903 0.008742
vn 0.999195 -0.035422 -0.018835
vn 0.302525 0.952453 -0.036225
vn 0.069978 0.997505 -0.009272
vn -0.000097 1.000000 -0.000130
vn 0.165053 0.986205 -0.012573
vn 0.018886 0.999821 -0.001186
vn 0.476562 0.879082 -0.010159
vn 0.000046 1.000000 0.000069
vn 0.000085 1.000000 0.000117
vn 0.000073 1.000000 0.000071
vn -0.000035 1.000000 -0.000079
vn 0.000094 1.000000 0.000130
vn 0.000096 1.000000 0.000128
vn -0.998142 0.060414 -0.007941
vn -0.921218 0.385615 -0.051550
vn -0.988197 0.150227 -0.029976
vn -0.949350 0.310524 -0.048058
vn -0.884327 0.465480 -0.035971
vn -0.944715 0.323225 -0.055124
vn -0.994175 0.088437 -0.061610
vn -0.987462 0.148176 -0.054437
vn -0.993089 0.071246 -0.093266
vn -0.998185 0.022943 -0.055677
vn -0.996952 -0.006554 -0.077747
vn -0.997560 0.065067 0.025320
vn -0.994075 0.002419 -0.108671
vn -0.683972 0.660569 -0.309567
vn 0.245053 0.003339 0.969504
vn 0.843786 -0.044604 0.534822
vn 0.602582 0.519898 -0.605476
vn 0.550482 0.300598 -0.778852
vn 0.740198 0.455129 -0.494939
vn -0.284923 0.075928 -0.955539
vn 0.753483 0.657311 0.014344
vn -0.997397 0.071527 -0.009156
vn -0.828865 0.558468 -0.033108
vn -0.999859 -0.013440 0.010075
vn -0.995883 -0.075199 0.050615
vn -0.992862 -0.075265 0.092517
vn -0.985956 0.148417 0.076566
vn -0.923914 0.382436 -0.011211
vn -0.735017 0.677359 0.030567
vn -0.986583 0.148576 -0.067670
vn -0.676855 0.734277 -0.052008
vn 0.082122 0.996518 -0.014405
vn -0.970053 0.162855 0.180208
vn -0.926642 0.220955 0.304161
vn -0.943121 0.326269 -0.063797
vn -0.991840 0.046207 0.118816
vn -0.581288 0.813617 -0.011499
vn -0.817137 0.572549 -0.066893
vn -0.948144 0.076797 -0.308424
vn -0.994938 0.072420 -0.069673
vn -0.994637 0.098349 -0.031998
vn -0.622675 0.782251 -0.018946
vn 0.018258 0.999272 -0.033507
vn -0.660484 0.750742 -0.012142
vn 0.766243 0.560120 -0.314859
vn -0.998680 0.051230 -0.003710
vn -0.996946 0.077514 -0.009457
vn -0.996676 0.081349 -0.004326
vn -0.992672 0.119253 -0.019535
vn -0.997065 0.074878 -0.015981
vn -0.990942 0.127068 -0.043446
vn -0.995320 0.093405 -0.024762
vn -0.997799 0.065432 -0.010734
vn -0.986012 0.158249 -0.052321
vn -0.987384 0.156191 -0.026040
vn -0.982266 0.187082 -0.012442
vn -0.966186 0.248611 -0.068390
vn -0.992634 0.116051 -0.034781
vn -0.937490 0.347386 -0.020851
vn -0.995186 0.097411 -0.010783
vn -0.998531 0.053914 -0.005310
vn -0.996416 0.084116 -0.008910
vn -0.997656 0.067813 -0.009137
vn -0.998256 0.058404 -0.008648
vn -0.998226 0.059200 -0.006394
vn -0.998946 0.045742 -0.003697
vn -0.999290 0.037661 -0.000755
vn -0.999175 0.040602 -0.000184
vn -0.995159 0.097032 -0.015603
vn -0.992902 0.118608 -0.008784
vn -0.999035 0.043613 -0.005104
vn -0.998927 0.046190 -0.003335
vn -0.998131 0.059587 -0.013581
vn -0.996618 0.075078 -0.033392
vn -0.986765 0.158089 -0.036095
vn -0.996720 0.079641 -0.014384
vn -0.999424 0.033763 -0.003344
vn -0.998568 0.052999 -0.007274
vn -0.998308 0.049927 -0.029819
vn -0.999176 0.040391 0.004093
vn -0.999373 0.035201 0.003825
vn -0.999027 0.044095 0.000607
vn -0.493659 0.609332 -0.620496
vn 0.171984 0.843462 -0.508914
vn 0.517099 0.807894 0.282694
vn 0.097319 0.914127 0.393575
vn -0.019731 0.637124 0.770509
vn 0.082300 0.657964 0.748538
vn 0.905131 0.385297 0.179678
vn 0.923312 0.294402 0.246624
vn 0.779048 -0.552237 0.296849
vn 0.811882 -0.271975 0.516602
vn 0.578030 -0.666436 0.470897
vn 0.551549 -0.792484 0.260311
vn 0.802244 0.203531 0.561230
vn 0.855818 0.194364 0.479373
vn 0.986176 -0.026853 0.163509
vn 0.837976 -0.081794 0.539543
vn 0.845332 -0.116972 0.521278
vn 0.601009 -0.652231 0.461934
vn 0.792738 0.136976 0.593973
vn 0.937854 0.313969 0.147828
vn 0.895846 0.290070 0.336630
vn 0.901842 0.402973 -0.155862
vn 0.418187 0.543273 -0.727993
vn 0.830058 -0.352063 0.432500
vn 0.100793 0.598053 -0.795093
vn 0.759220 0.290298 0.582506
vn 0.769691 0.297923 0.564639
vn 0.904534 0.121196 0.408815
vn 0.971371 0.057261 0.230564
vn 0.996422 -0.078911 0.030266
vn 0.992000 -0.028816 0.122905
vn 0.923135 0.112166 0.367750
vn 0.729449 0.212127 0.650313
vn 0.743718 0.242242 0.623058
vn 0.790584 0.236523 0.564831
vn 0.989685 -0.137319 -0.040832
vn -0.998299 -0.010982 -0.057250
vn -0.999481 -0.001852 -0.032147
vn -0.998672 -0.039183 -0.033456
vn -0.999777 0.006147 -0.020214
vn -0.997807 -0.063539 0.018571
vn 0.260214 0.325355 -0.909083
vn -0.089874 0.990880 -0.100397
vn 0.945791 0.292617 0.140903
vn 0.886199 0.379899 0.265193
vn 0.875320 0.458003 -0.155073
vn 0.977512 0.100934 0.185155
vn 0.999295 -0.027195 0.025898
vn 0.999346 -0.036000 0.003321
vn 0.994619 0.102731 0.013355
vn 0.830408 0.235656 0.504866
vn 0.769356 0.237847 0.592892
vn 0.707447 0.232643 0.667380
vn 0.822064 0.196605 0.534375
vn 0.922756 0.152962 0.353728
vn 0.998464 -0.003759 0.055273
vn 0.997212 -0.038416 0.063979
vn -0.999001 0.044575 -0.003232
vn -0.998643 0.047364 -0.021661
vn -0.996868 0.079042 0.002650
vn -0.995265 0.097157 0.002822
vn -0.995557 0.090049 -0.027510
vn -0.999024 0.044137 0.001437
vn -0.998600 0.052788 0.003440
vn -0.998710 0.050775 -0.000879
vn -0.998208 0.059697 -0.004226
vn -0.998932 0.046209 0.000092
vn -0.998662 0.049637 -0.014506
vn -0.998420 0.052083 0.021084
vn -0.998968 0.045403 0.000665
vn -0.998084 0.061859 -0.001611
vn -0.998857 0.046154 -0.012439
vn -0.849045 0.525294 -0.056466
vn -0.974649 -0.091091 -0.204356
vn -0.988318 0.152178 0.008287
vn -0.987713 -0.137602 0.074083
vn -0.890711 -0.038656 -0.452924
vn -0.930771 0.345517 -0.119513
vn -0.627155 0.774070 -0.086561
vn 0.172561 0.948128 -0.266976
vn 0.420173 0.823842 -0.380447
vn -0.782839 0.546609 -0.297290
vn 0.753199 0.657719 -0.009825
vn 0.810341 0.585958 -0.000462
vn 0.824006 0.563271 -0.061154
vn 0.703907 0.702591 -0.104316
vn -0.419026 0.892572 -0.166534
vn -0.564200 0.822912 -0.067039
vn 0.104797 0.993396 -0.046715
vn -0.904409 0.423101 0.055045
vn -0.927817 0.362146 0.089481
vn 0.979139 0.193039 -0.063432
vn 0.999361 -0.033764 -0.011689
vn 0.972955 0.121888 0.196217
vn 0.995808 0.091378 0.003947
vn 0.995349 0.096097 0.006706
vn -0.944458 0.172044 -0.280001
vn 0.313525 0.949579 -0.000867
vn -0.327933 0.944566 0.015940
vn -0.294966 0.955451 0.010386
vn 0.795240 0.605645 0.028061
vn -0.206831 -0.968431 0.139152
vn -0.214767 -0.756323 0.617941
vn -0.656390 -0.669639 0.347469
vn 0.206834 -0.968430 -0.139154
vn 0.214772 -0.756327 -0.617934
vn 0.656381 -0.669647 -0.347472
vn -0.788334 0.258544 -0.558287
vn -0.656385 0.669647 -0.347465
vn -0.214769 0.756334 -0.617927
vn 0.788331 -0.258541 -0.558293
vn 0.656381 -0.669647 -0.347472
vn 0.214772 -0.756327 -0.617934
vn -0.788333 -0.258529 0.558295
vn -0.656390 -0.669639 0.347469
vn -0.214767 -0.756323 0.617941
vn -0.991328 -0.000000 0.131414
vn -0.615242 0.000000 0.788338
vn -0.716638 -0.093795 0.691110
vn -0.999878 -0.015581 -0.001133
vn -0.805749 0.000002 -0.592257
vn -0.716661 0.067566 -0.694141
vn -0.615242 0.000000 0.788338
vn 0.142346 0.000000 0.989817
vn -0.000641 -0.117949 0.993019
vn -0.716638 -0.093795 0.691110
vn 0.142346 0.000000 0.989817
vn 0.805749 -0.000000 0.592257
vn 0.716702 -0.069976 0.693860
vn -0.000641 -0.117949 0.993019
vn 0.999889 0.014859 0.001114
vn 0.716702 -0.069976 0.693860
vn 0.805749 -0.000000 0.592257
vn 0.991327 0.000000 -0.131415
vn 0.716663 0.088926 -0.691727
vn 0.615240 0.000003 -0.788340
vn 0.000672 0.111313 -0.993785
vn 0.716663 0.088926 -0.691727
vn 0.615240 0.000003 -0.788340
vn -0.142342 0.000004 -0.989818
vn -0.716661 0.067566 -0.694141
vn -0.805749 0.000002 -0.592257
vn -0.991328 0.000000 0.131413
vn -0.615241 0.000003 0.788339
vn -0.716716 0.068786 0.693964
vn -0.999933 0.011552 -0.000069
vn -0.805750 -0.000000 -0.592255
vn -0.716743 -0.051420 -0.695440
vn -0.615241 0.000003 0.788339
vn 0.142343 0.000004 0.989817
vn -0.000968 0.086361 0.996264
vn -0.716716 0.068786 0.693964
vn 0.142343 0.000004 0.989817
vn 0.805749 0.000002 0.592257
vn 0.716750 0.051721 0.695409
vn -0.000968 0.086361 0.996264
vn 0.999934 -0.011464 0.000066
vn 0.716750 0.051721 0.695409
vn 0.805749 0.000002 0.592257
vn 0.991327 0.000000 -0.131415
vn 0.716710 -0.068184 -0.694030
vn 0.615240 0.000000 -0.788340
vn 0.000981 -0.085536 -0.996335
vn 0.716710 -0.068184 -0.694030
vn 0.615240 0.000000 -0.788340
vn -0.142342 0.000001 -0.989818
vn -0.716743 -0.051420 -0.695440
vn -0.805750 -0.000000 -0.592255
vn -0.991328 0.000000 0.131412
vn -0.615241 0.000000 0.788339
vn -0.716637 -0.093795 0.691110
vn -0.999878 -0.015581 -0.001132
vn -0.805752 0.000002 -0.592253
vn -0.716663 0.067566 -0.694139
vn -0.615241 0.000000 0.788339
vn 0.142343 0.000000 0.989817
vn -0.000642 -0.117949 0.993019
vn -0.716637 -0.093795 0.691110
vn 0.142343 0.000000 0.989817
vn 0.805747 -0.000000 0.592260
vn 0.716698 -0.069977 0.693864
vn -0.000642 -0.117949 0.993019
vn 0.999889 0.014859 0.001115
vn 0.716698 -0.069977 0.693864
vn 0.805747 -0.000000 0.592260
vn 0.991327 0.000000 -0.131416
vn 0.716660 0.088927 -0.691730
vn 0.615237 0.000003 -0.788342
vn 0.000673 0.111313 -0.993785
vn 0.716660 0.088927 -0.691730
vn 0.615237 0.000003 -0.788342
vn -0.142339 0.000004 -0.989818
vn -0.716663 0.067566 -0.694139
vn -0.805752 0.000002 -0.592253
vn -0.991327 0.001017 0.131412
vn -0.615242 0.000634 0.788338
vn -0.716540 0.075171 0.693484
vn -0.999756 0.022081 -0.001042
vn -0.805748 0.000826 -0.592259
vn -0.716561 -0.042573 -0.696224
vn -0.615242 0.000634 0.788338
vn 0.142343 -0.000142 0.989818
vn -0.000836 0.085061 0.996375
vn -0.716540 0.075171 0.693484
vn 0.142343 -0.000142 0.989818
vn 0.805747 -0.000825 0.592259
vn 0.716609 0.043385 0.696125
vn -0.000836 0.085061 0.996375
vn 0.999749 -0.022359 0.001053
vn 0.716609 0.043385 0.696125
vn 0.805747 -0.000825 0.592259
vn 0.991327 -0.001017 -0.131412
vn 0.716518 -0.075307 -0.693492
vn 0.615240 -0.000631 -0.788339
vn 0.000832 -0.084082 -0.996459
vn 0.716518 -0.075307 -0.693492
vn 0.615240 -0.000631 -0.788339
vn -0.142343 0.000146 -0.989817
vn -0.716561 -0.042573 -0.696224
vn -0.805748 0.000826 -0.592259
vn 0.227503 -0.775616 -0.588780
vn 0.528933 -0.776605 0.342221
vn -0.337515 -0.590022 0.733456
vn -0.873989 -0.103396 -0.474819
vn 0.780367 0.368924 -0.504899
vn -0.353396 0.534169 -0.767968
vn -0.528526 0.798882 0.287136
vn 0.355306 0.167973 0.919534
vn 0.227503 -0.775616 -0.588780
vn -0.873989 -0.103396 -0.474819
vn -0.353396 0.534169 -0.767968
vn 0.780367 0.368924 -0.504899
vn -0.873989 -0.103396 -0.474819
vn -0.337515 -0.590022 0.733456
vn -0.528526 0.798882 0.287136
vn -0.353396 0.534169 -0.767968
vn -0.337515 -0.590022 0.733456
vn 0.528933 -0.776605 0.342221
vn 0.355306 0.167973 0.919534
vn -0.528526 0.798882 0.287136
vn 0.528933 -0.776605 0.342221
vn 0.227503 -0.775616 -0.588780
vn 0.780367 0.368924 -0.504899
vn 0.355306 0.167973 0.919534
vn -0.549589 0.731281 0.403955
vn -0.934029 0.335055 -0.123803
vn -0.570132 -0.818070 0.075570
vn -0.579366 -0.336534 0.742347
vn -0.133972 0.338170 0.931500
vn 0.096815 -0.733139 0.673152
vn 0.352667 0.819411 0.451876
vn -0.133972 0.338170 0.931500
vn 0.096815 -0.733139 0.673152
vn 0.758760 -0.336535 0.557698
vn 0.934030 0.335055 0.123803
vn 0.570132 -0.818070 -0.075569
vn 0.549589 0.731281 -0.403955
vn 0.934030 0.335055 0.123803
vn 0.570132 -0.818070 -0.075569
vn 0.579367 -0.336535 -0.742347
vn 0.133972 0.338170 -0.931500
vn -0.096816 -0.733139 -0.673152
vn -0.352668 0.819411 -0.451876
vn 0.133972 0.338170 -0.931500
vn -0.096816 -0.733139 -0.673152
vn -0.758760 -0.336534 -0.557698
vn -0.934029 0.335055 -0.123803
vn -0.570132 -0.818070 0.075570
vn -0.096816 -0.733139 -0.673152
vn 0.579367 -0.336535 -0.742347
vn 0.570132 -0.818070 -0.075569
vn -0.570132 -0.818070 0.075570
vn -0.758760 -0.336534 -0.557698
vn 0.096815 -0.733139 0.673152
vn 0.758760 -0.336535 0.557698
vn -0.579366 -0.336534 0.742347
vn -0.549589 0.731281 0.403955
vn -0.133972 0.338170 0.931500
vn 0.352667 0.819411 0.451876
vn -0.352668 0.819411 -0.451876
vn -0.934029 0.335055 -0.123803
vn 0.549589 0.731281 -0.403955
vn 0.934030 0.335055 0.123803
vn 0.133972 0.338170 -0.931500
vn 0.728954 0.601664 -0.326539
vn 0.256803 0.649183 -0.715971
vn 0.484657 0.812695 0.323473
vn 0.610298 0.331140 0.719641
vn 0.495289 0.053086 -0.867105
vn 0.939024 -0.100646 0.328791
vn 0.830772 -0.450766 -0.326539
vn 0.386396 -0.318923 0.865440
vn 0.256803 0.649183 -0.715971
vn -0.070261 0.943988 -0.322412
vn 0.037585 0.504959 0.862324
vn 0.484657 0.812695 0.323473
vn -0.348068 0.879895 0.323473
vn 0.037585 0.504959 0.862324
vn -0.070261 0.943988 -0.322412
vn -0.258646 0.433708 -0.863134
vn -0.535502 0.441990 0.719641
vn -0.830774 0.450764 -0.326539
vn -0.939025 0.100645 0.328791
vn -0.535502 0.441990 0.719641
vn -0.830774 0.450764 -0.326539
vn -0.687634 -0.073701 -0.722307
vn -0.440368 -0.238936 0.865440
vn -0.728955 -0.601662 -0.326539
vn -0.484658 -0.812694 0.323472
vn -0.185752 -0.469571 -0.863134
vn -0.051916 -0.697513 0.714689
vn -0.484658 -0.812694 0.323472
vn -0.185752 -0.469571 -0.863134
vn 0.070261 -0.943988 -0.322412
vn 0.348067 -0.879895 0.323473
vn 0.357578 -0.599603 -0.715971
vn 0.386396 -0.318923 0.865440
vn 0.830772 -0.450766 -0.326539
vn 0.357578 -0.599603 -0.715971
vn 0.070261 -0.943988 -0.322412
vn -0.185752 -0.469571 -0.863134
vn 0.495289 0.053086 -0.867105
vn 0.830772 -0.450766 -0.326539
vn -0.258646 0.433708 -0.863134
vn -0.687634 -0.073701 -0.722307
vn -0.728955 -0.601662 -0.326539
vn -0.830774 0.450764 -0.326539
vn 0.256803 0.649183 -0.715971
vn -0.070261 0.943988 -0.322412
vn 0.728954 0.601664 -0.326539
vn 0.610298 0.331140 0.719641
vn 0.484657 0.812695 0.323473
vn 0.037585 0.504959 0.862324
vn 0.386396 -0.318923 0.865440
vn 0.939024 -0.100646 0.328791
vn -0.440368 -0.238936 0.865440
vn -0.535502 0.441990 0.719641
vn -0.348068 0.879895 0.323473
vn -0.939025 0.100645 0.328791
vn -0.051916 -0.697513 0.714689
vn -0.484658 -0.812694 0.323472
vn 0.348067 -0.879895 0.323473
vn -0.617021 -0.773343 0.145688
vn -0.024356 -0.787122 -0.616316
vn 0.801158 -0.582635 -0.136684
vn 0.121230 -0.096779 0.987895
vn -0.869899 0.357000 -0.340334
vn -0.433921 0.542554 0.719269
vn 0.543694 0.797102 0.262727
vn 0.564341 0.165707 -0.808740
vn -0.617021 -0.773343 0.145688
vn 0.121230 -0.096779 0.987895
vn -0.433921 0.542554 0.719269
vn -0.869899 0.357000 -0.340334
vn 0.121230 -0.096779 0.987895
vn 0.801158 -0.582635 -0.136684
vn 0.543694 0.797102 0.262727
vn -0.433921 0.542554 0.719269
vn 0.801158 -0.582635 -0.136684
vn -0.024356 -0.787122 -0.616316
vn 0.564341 0.165707 -0.808740
vn 0.543694 0.797102 0.262727
vn -0.024356 -0.787122 -0.616316
vn -0.617021 -0.773343 0.145688
vn -0.869899 0.357000 -0.340334
vn 0.564341 0.165707 -0.808740
vn 0.652899 0.729687 0.203176
vn 0.439250 0.337075 0.832730
vn 0.395849 -0.819898 0.413607
vn 0.941506 -0.335140 0.035330
vn 0.843096 0.336012 -0.419863
vn 0.507575 -0.730685 -0.456582
vn 0.180751 0.820787 -0.541884
vn 0.843096 0.336012 -0.419863
vn 0.507575 -0.730685 -0.456582
vn 0.034793 -0.338066 -0.940479
vn -0.439250 0.337075 -0.832730
vn -0.395849 -0.819898 -0.413607
vn -0.652899 0.729687 -0.203176
vn -0.439250 0.337075 -0.832730
vn -0.395849 -0.819898 -0.413607
vn -0.941506 -0.335140 -0.035331
vn -0.843096 0.336012 0.419863
vn -0.507575 -0.730685 0.456583
vn -0.180751 0.820787 0.541884
vn -0.843096 0.336012 0.419863
vn -0.507575 -0.730685 0.456583
vn -0.034793 -0.338066 0.940479
vn 0.439250 0.337075 0.832730
vn 0.395849 -0.819898 0.413607
vn -0.507575 -0.730685 0.456583
vn -0.941506 -0.335140 -0.035331
vn -0.395849 -0.819898 -0.413607
vn 0.395849 -0.819898 0.413607
vn -0.034793 -0.338066 0.940479
vn 0.507575 -0.730685 -0.456582
vn 0.034793 -0.338066 -0.940479
vn 0.941506 -0.335140 0.035330
vn 0.652899 0.729687 0.203176
vn 0.843096 0.336012 -0.419863
vn 0.180751 0.820787 -0.541884
vn -0.180751 0.820787 0.541884
vn 0.439250 0.337075 0.832730
vn -0.652899 0.729687 -0.203176
vn -0.439250 0.337075 -0.832730
vn -0.843096 0.336012 0.419863
vn -0.690357 0.604559 -0.397385
vn -0.737169 0.647068 0.194640
vn -0.012247 0.822814 -0.568178
vn 0.243953 0.342689 -0.907222
vn -0.995084 0.053555 0.083305
vn -0.282991 -0.104591 -0.953403
vn -0.750377 -0.454060 -0.480379
vn 0.499358 -0.327384 -0.802160
vn -0.737169 0.647068 0.194640
vn -0.227193 0.945033 0.235153
vn 0.694725 0.506061 -0.511136
vn -0.012247 0.822814 -0.568178
vn 0.467197 0.879066 0.094713
vn 0.694725 0.506061 -0.511136
vn -0.227193 0.945033 0.235153
vn -0.571275 0.440455 0.692564
vn 0.896837 0.441576 0.026355
vn 0.218041 0.463558 0.858820
vn 0.816843 0.102140 0.567745
vn 0.896837 0.441576 0.026355
vn 0.218041 0.463558 0.858820
vn -0.199343 -0.077087 0.976893
vn 0.962486 -0.239598 -0.127330
vn 0.155652 -0.615596 0.772538
vn 0.545497 -0.813165 0.202968
vn -0.612621 -0.474214 0.632310
vn 0.621757 -0.697042 -0.357142
vn 0.545497 -0.813165 0.202968
vn -0.612621 -0.474214 0.632310
vn -0.307363 -0.943437 0.124316
vn 0.067651 -0.886526 -0.457706
vn -0.793334 -0.597942 0.114400
vn 0.499358 -0.327384 -0.802160
vn -0.750377 -0.454060 -0.480379
vn -0.793334 -0.597942 0.114400
vn -0.307363 -0.943437 0.124316
vn -0.612621 -0.474214 0.632310
vn -0.995084 0.053555 0.083305
vn -0.750377 -0.454060 -0.480379
vn -0.571275 0.440455 0.692564
vn -0.199343 -0.077087 0.976893
vn 0.155652 -0.615596 0.772538
vn 0.218041 0.463558 0.858820
vn -0.737169 0.647068 0.194640
vn -0.227193 0.945033 0.235153
vn -0.690357 0.604559 -0.397385
vn 0.243953 0.342689 -0.907222
vn -0.012247 0.822814 -0.568178
vn 0.694725 0.506061 -0.511136
vn 0.499358 -0.327384 -0.802160
vn -0.282991 -0.104591 -0.953403
vn 0.962486 -0.239598 -0.127330
vn 0.896837 0.441576 0.026355
vn 0.467197 0.879066 0.094713
vn 0.816843 0.102140 0.567745
vn 0.621757 -0.697042 -0.357142
vn 0.545497 -0.813165 0.202968
vn 0.067651 -0.886526 -0.457706
vn 0.311413 -0.781202 0.541060
vn -0.605669 -0.775528 0.178106
vn -0.354166 -0.594331 -0.722037
vn 0.930747 -0.094710 -0.353185
vn -0.118420 0.369190 0.921778
vn 0.819983 0.530839 0.214099
vn 0.123369 0.806207 -0.578628
vn -0.937322 0.162088 -0.308473
vn 0.311413 -0.781202 0.541060
vn 0.930747 -0.094710 -0.353185
vn 0.819983 0.530839 0.214099
vn -0.118420 0.369190 0.921778
vn 0.930747 -0.094710 -0.353185
vn -0.354166 -0.594331 -0.722037
vn 0.123369 0.806207 -0.578628
vn 0.819983 0.530839 0.214099
vn -0.354166 -0.594331 -0.722037
vn -0.605669 -0.775528 0.178106
vn -0.937322 0.162088 -0.308473
vn 0.123369 0.806207 -0.578628
vn -0.605669 -0.775528 0.178106
vn 0.311413 -0.781202 0.541060
vn -0.118420 0.369190 0.921778
vn -0.937322 0.162088 -0.308473
vn 0.036018 0.733109 -0.679156
vn 0.707657 0.336807 -0.621115
vn 0.311181 -0.819656 -0.480968
vn -0.216862 -0.338144 -0.915767
vn -0.642432 0.336267 -0.688626
vn -0.582567 -0.730976 -0.355373
vn -0.574453 0.818090 -0.027075
vn -0.642432 0.336267 -0.688626
vn -0.582567 -0.730976 -0.355373
vn -0.920171 -0.335077 0.202506
vn -0.707656 0.336807 0.621116
vn -0.311181 -0.819656 0.480968
vn -0.036018 0.733110 0.679156
vn -0.707656 0.336807 0.621116
vn -0.311181 -0.819656 0.480968
vn 0.216863 -0.338144 0.915767
vn 0.642434 0.336267 0.688625
vn 0.582568 -0.730976 0.355372
vn 0.574453 0.818090 0.027075
vn 0.642434 0.336267 0.688625
vn 0.582568 -0.730976 0.355372
vn 0.920172 -0.335076 -0.202504
vn 0.707657 0.336807 -0.621115
vn 0.311181 -0.819656 -0.480968
vn 0.582568 -0.730976 0.355372
vn 0.216863 -0.338144 0.915767
vn -0.311181 -0.819656 0.480968
vn 0.311181 -0.819656 -0.480968
vn 0.920172 -0.335076 -0.202504
vn -0.582567 -0.730976 -0.355373
vn -0.920171 -0.335077 0.202506
vn -0.216862 -0.338144 -0.915767
vn 0.036018 0.733109 -0.679156
vn -0.642432 0.336267 -0.688626
vn -0.574453 0.818090 -0.027075
vn 0.574453 0.818090 0.027075
vn 0.707657 0.336807 -0.621115
vn -0.036018 0.733110 0.679156
vn -0.707656 0.336807 0.621116
vn 0.642434 0.336267 0.688625
vn -0.223385 0.614797 0.756389
vn 0.394226 0.656000 0.643622
vn -0.562208 0.812263 0.155408
vn -0.943823 0.330403 0.005583
vn 0.356419 0.055214 0.932693
vn -0.863517 -0.101737 0.493951
vn -0.292953 -0.462761 0.836679
vn -0.914027 -0.318441 -0.251298
vn 0.394226 0.656000 0.643622
vn 0.295775 0.943365 0.150264
vn -0.694674 0.504744 -0.512505
vn -0.562208 0.812263 0.155408
vn -0.026905 0.886353 -0.462229
vn -0.694674 0.504744 -0.512505
vn 0.295775 0.943365 0.150264
vn 0.832346 0.432548 0.346559
vn -0.214549 0.454253 -0.864652
vn 0.790087 0.452819 -0.413180
vn 0.365744 0.104296 -0.924853
vn -0.214549 0.454253 -0.864652
vn 0.790087 0.452819 -0.413180
vn 0.995319 -0.073898 -0.062283
vn -0.391742 -0.246306 -0.886494
vn 0.723286 -0.603238 -0.336097
vn 0.062569 -0.822392 -0.565470
vn 0.787199 -0.468170 0.401417
vn -0.523681 -0.698964 -0.487040
vn 0.062569 -0.822392 -0.565470
vn 0.787199 -0.468170 0.401417
vn 0.205874 -0.945043 0.253987
vn -0.474611 -0.878516 0.054343
vn 0.329046 -0.609360 0.721394
vn -0.914027 -0.318441 -0.251298
vn -0.292953 -0.462761 0.836679
vn 0.329046 -0.609360 0.721394
vn 0.205874 -0.945043 0.253987
vn 0.787199 -0.468170 0.401417
vn 0.356419 0.055214 0.932693
vn -0.292953 -0.462761 0.836679
vn 0.832346 0.432548 0.346559
vn 0.995319 -0.073898 -0.062283
vn 0.723286 -0.603238 -0.336097
vn 0.790087 0.452819 -0.413180
vn 0.394226 0.656000 0.643622
vn 0.295775 0.943365 0.150264
vn -0.223385 0.614797 0.756389
vn -0.943823 0.330403 0.005583
vn -0.562208 0.812263 0.155408
vn -0.694674 0.504744 -0.512505
vn -0.914027 -0.318441 -0.251298
vn -0.863517 -0.101737 0.493951
vn -0.391742 -0.246306 -0.886494
vn -0.214549 0.454253 -0.864652
vn -0.026905 0.886353 -0.462229
vn 0.365744 0.104296 -0.924853
vn -0.523681 -0.698964 -0.487040
vn 0.062569 -0.822392 -0.565470
vn -0.474611 -0.878516 0.054343
vn -0.440202 -0.780842 -0.443293
vn 0.535766 -0.778597 -0.326715
vn 0.528425 -0.592309 0.608225
vn -0.806904 -0.092107 0.583458
vn -0.127734 0.365475 -0.922015
vn -0.846053 0.533093 0.002416
vn 0.032392 0.806119 0.590866
vn 0.985128 0.161005 0.060005
vn -0.440202 -0.780842 -0.443293
vn -0.806904 -0.092107 0.583458
vn -0.846053 0.533093 0.002416
vn -0.127734 0.365475 -0.922015
vn -0.806904 -0.092107 0.583458
vn 0.528425 -0.592309 0.608225
vn 0.032392 0.806119 0.590866
vn -0.846053 0.533093 0.002416
vn 0.528425 -0.592309 0.608225
vn 0.535766 -0.778597 -0.326715
vn 0.985128 0.161005 0.060005
vn 0.032392 0.806119 0.590866
vn 0.535766 -0.778597 -0.326715
vn -0.440202 -0.780842 -0.443293
vn -0.127734 0.365475 -0.922015
vn 0.985128 0.161005 0.060005
vn 0.146440 0.732688 0.664623
vn -0.522248 0.337566 0.783139
vn -0.172619 -0.820339 0.545203
vn 0.451092 -0.337772 0.826091
vn 0.798665 0.335567 0.499530
vn 0.654410 -0.730176 0.196447
vn 0.562443 0.818373 -0.117996
vn 0.798665 0.335567 0.499530
vn 0.654410 -0.730176 0.196447
vn 0.838735 -0.335388 -0.428996
vn 0.522250 0.337567 -0.783137
vn 0.172620 -0.820339 -0.545203
vn -0.146440 0.732689 -0.664622
vn 0.522250 0.337567 -0.783137
vn 0.172620 -0.820339 -0.545203
vn -0.451094 -0.337772 -0.826090
vn -0.798666 0.335566 -0.499528
vn -0.654410 -0.730175 -0.196448
vn -0.562443 0.818373 0.117995
vn -0.798666 0.335566 -0.499528
vn -0.654410 -0.730175 -0.196448
vn -0.838735 -0.335388 0.428997
vn -0.522248 0.337566 0.783139
vn -0.172619 -0.820339 0.545203
vn -0.654410 -0.730175 -0.196448
vn -0.451094 -0.337772 -0.826090
vn 0.172620 -0.820339 -0.545203
vn -0.172619 -0.820339 0.545203
vn -0.838735 -0.335388 0.428997
vn 0.654410 -0.730176 0.196447
vn 0.838735 -0.335388 -0.428996
vn 0.451092 -0.337772 0.826091
vn 0.146440 0.732688 0.664623
vn 0.798665 0.335567 0.499530
vn 0.562443 0.818373 -0.117996
vn -0.562443 0.818373 0.117995
vn -0.522248 0.337566 0.783139
vn -0.146440 0.732689 -0.664622
vn 0.522250 0.337567 -0.783137
vn -0.798666 0.335566 -0.499528
vn 0.016554 0.616478 -0.787198
vn -0.546825 0.655735 -0.520571
vn 0.499635 0.815251 -0.292799
vn 0.909565 0.333720 -0.247633
vn -0.584000 0.055493 -0.809854
vn 0.704069 -0.102988 -0.702624
vn 0.062849 -0.464521 -0.883329
vn 0.947059 -0.320893 0.010344
vn -0.546825 0.655735 -0.520571
vn -0.323397 0.943643 -0.070374
vn 0.801903 0.505065 0.319157
vn 0.499635 0.815251 -0.292799
vn 0.147245 0.886470 0.438737
vn 0.801903 0.505065 0.319157
vn -0.323397 0.943643 -0.070374
vn -0.892094 0.434471 -0.124112
vn 0.431158 0.454822 0.779256
vn -0.653354 0.456751 0.603745
vn -0.110215 0.104998 0.988346
vn 0.431158 0.454822 0.779256
vn -0.653354 0.456751 0.603745
vn -0.945474 -0.074899 0.316969
vn 0.606256 -0.246952 0.755955
vn -0.608493 -0.607470 0.510605
vn 0.088358 -0.823095 0.560987
vn -0.862555 -0.469464 -0.188686
vn 0.630627 -0.698905 0.337404
vn 0.088358 -0.823095 0.560987
vn -0.862555 -0.469464 -0.188686
vn -0.264392 -0.944936 -0.192855
vn 0.441704 -0.880413 -0.172542
vn -0.504311 -0.609394 -0.611809
vn 0.947059 -0.320893 0.010344
vn 0.062849 -0.464521 -0.883329
vn -0.504311 -0.609394 -0.611809
vn -0.264392 -0.944936 -0.192855
vn -0.862555 -0.469464 -0.188686
vn -0.584000 0.055493 -0.809854
vn 0.062849 -0.464521 -0.883329
vn -0.892094 0.434471 -0.124112
vn -0.945474 -0.074899 0.316969
vn -0.608493 -0.607470 0.510605
vn -0.653354 0.456751 0.603745
vn -0.546825 0.655735 -0.520571
vn -0.323397 0.943643 -0.070374
vn 0.016554 0.616478 -0.787198
vn 0.909565 0.333720 -0.247633
vn 0.499635 0.815251 -0.292799
vn 0.801903 0.505065 0.319157
vn 0.947059 -0.320893 0.010344
vn 0.704069 -0.102988 -0.702624
vn 0.606256 -0.246952 0.755955
vn 0.431158 0.454822 0.779256
vn 0.147245 0.886470 0.438737
vn -0.110215 0.104998 0.988346
vn 0.630627 -0.698905 0.337404
vn 0.088358 -0.823095 0.560987
vn 0.441704 -0.880413 -0.172542
vn -0.999756 0.022081 -0.001042
vn -0.716540 0.075171 0.693484
vn -0.708727 0.330068 0.623507
vn -0.998800 0.048128 -0.009058
vn -0.716561 -0.042573 -0.696224
vn -0.710342 -0.260641 -0.653820
vn -0.765780 0.505139 0.398016
vn -0.988403 -0.121614 -0.090938
vn -0.566119 -0.657505 -0.497189
vn -0.752066 -0.643530 -0.142361
vn -0.985416 0.164876 0.042087
vn -0.554857 0.806512 0.204138
vn -0.646426 0.762976 -0.001031
vn -0.999991 0.000556 -0.004177
vn -0.646401 -0.762981 -0.005058
vn -0.744087 0.666511 -0.045798
vn -0.985524 -0.169029 0.013088
vn -0.539460 -0.839388 0.066414
vn -0.753279 -0.629266 0.191300
vn -0.985474 0.161173 -0.053522
vn -0.556666 0.788493 -0.261536
vn -0.768318 0.486947 -0.415414
vn -0.988292 -0.119685 0.094625
vn -0.566684 -0.645526 0.512021
vn -0.990277 0.061205 -0.124925
vn -0.604201 0.345509 -0.718029
vn -0.716661 0.067566 -0.694141
vn -0.999878 -0.015581 -0.001133
vn -0.796905 -0.263204 0.543751
vn -0.716638 -0.093795 0.691110
vn -0.060561 -0.458483 0.886637
vn 0.000000 -0.786676 0.617366
vn -0.000641 -0.117949 0.993019
vn 0.000672 0.111313 -0.993785
vn -0.716661 0.067566 -0.694141
vn -0.604201 0.345509 -0.718029
vn 0.085323 0.389600 -0.917023
vn -0.000000 0.754529 -0.656266
vn -0.768318 0.486947 -0.415414
vn -0.000000 0.754529 -0.656266
vn -0.768318 0.486947 -0.415414
vn -0.556666 0.788493 -0.261536
vn 0.000000 0.948383 -0.317126
vn -0.046832 0.996214 -0.073246
vn -0.744087 0.666511 -0.045798
vn -0.646426 0.762976 -0.001031
vn 0.046764 0.998899 0.003646
vn -0.554857 0.806512 0.204138
vn 0.000000 0.968607 0.248598
vn -0.716540 0.075171 0.693484
vn -0.000836 0.085061 0.996375
vn -0.087073 0.374778 0.923017
vn -0.708727 0.330068 0.623507
vn -0.000000 0.780706 0.624899
vn -0.765780 0.505139 0.398016
vn -0.554857 0.806512 0.204138
vn 0.000000 0.968607 0.248598
vn 0.716663 0.088926 -0.691727
vn 0.000672 0.111313 -0.993785
vn 0.085323 0.389600 -0.917023
vn 0.707592 0.326773 -0.626524
vn -0.000000 0.754529 -0.656266
vn -0.000836 0.085061 0.996375
vn 0.716609 0.043385 0.696125
vn 0.607647 0.331860 0.721549
vn -0.087073 0.374778 0.923017
vn -0.000000 0.780706 0.624899
vn 0.765780 0.505139 0.398016
vn -0.000000 0.780706 0.624899
vn 0.765780 0.505139 0.398016
vn 0.554857 0.806512 0.204138
vn 0.000000 0.968607 0.248598
vn 0.046764 0.998899 0.003646
vn 0.742979 0.669314 0.000754
vn 0.647640 0.760432 -0.048026
vn -0.046832 0.996214 -0.073246
vn 0.556665 0.788494 -0.261536
vn 0.000000 0.948383 -0.317126
vn -0.000000 0.754529 -0.656266
vn 0.768317 0.486949 -0.415415
vn 0.707592 0.326773 -0.626524
vn 0.999889 0.014859 0.001114
vn 0.716663 0.088926 -0.691727
vn 0.707592 0.326773 -0.626524
vn 0.999503 0.030589 0.007615
vn 0.716702 -0.069976 0.693860
vn 0.706930 -0.289614 0.645270
vn 0.768317 0.486949 -0.415415
vn 0.988292 -0.119686 0.094626
vn 0.566683 -0.645526 0.512022
vn 0.985474 0.161174 -0.053522
vn 0.556665 0.788494 -0.261536
vn 0.647640 0.760432 -0.048026
vn 0.753277 -0.629268 0.191301
vn 0.000000 -0.959515 0.281657
vn 0.999949 0.002899 0.009709
vn 0.647549 -0.759229 0.065203
vn 0.742979 0.669314 0.000754
vn 0.985204 -0.171383 -0.000595
vn 0.538179 -0.842824 -0.003238
vn 0.752066 -0.643530 -0.142361
vn 0.985416 0.164876 0.042087
vn 0.554857 0.806512 0.204138
vn 0.765780 0.505139 0.398016
vn 0.988403 -0.121614 -0.090938
vn 0.566119 -0.657505 -0.497189
vn 0.797828 -0.255677 -0.545985
vn 0.990669 0.050509 0.126581
vn 0.607647 0.331860 0.721549
vn 0.716609 0.043385 0.696125
vn 0.999749 -0.022359 0.001053
vn 0.716518 -0.075307 -0.693492
vn -0.000641 -0.117949 0.993019
vn 0.716702 -0.069976 0.693860
vn 0.706930 -0.289614 0.645270
vn -0.060561 -0.458483 0.886637
vn 0.566683 -0.645526 0.512022
vn 0.000000 -0.786676 0.617366
vn 0.000000 -0.959515 0.281657
vn 0.061827 -0.434580 -0.898509
vn 0.797828 -0.255677 -0.545985
vn 0.716518 -0.075307 -0.693492
vn 0.000832 -0.084082 -0.996459
vn -0.710342 -0.260641 -0.653820
vn -0.716561 -0.042573 -0.696224
vn -0.566119 -0.657505 -0.497189
vn -0.000000 -0.798467 -0.602038
vn -0.566684 -0.645526 0.512021
vn 0.000000 -0.786676 0.617366
vn 0.000000 -0.959515 0.281657
vn -0.753279 -0.629266 0.191300
vn -0.539460 -0.839388 0.066414
vn 0.065478 -0.995505 0.068434
vn 0.647549 -0.759229 0.065203
vn 0.753277 -0.629268 0.191301
vn 0.538179 -0.842824 -0.003238
vn -0.065396 -0.997859 0.000654
vn -0.000000 -0.978521 -0.206146
vn -0.646401 -0.762981 -0.005058
vn 0.752066 -0.643530 -0.142361
vn -0.752066 -0.643530 -0.142361
vn -0.566119 -0.657505 -0.497189
vn -0.000000 -0.798467 -0.602038
vn 0.566119 -0.657505 -0.497189
vn 0.061827 -0.434580 -0.898509
vn 0.797828 -0.255677 -0.545985
vn -0.999933 0.011552 -0.000069
vn -0.716716 0.068786 0.693964
vn -0.710171 0.322546 0.625796
vn -0.999259 0.037780 -0.007409
vn -0.716743 -0.051420 -0.695440
vn -0.709721 -0.267042 -0.651909
vn -0.765781 0.505137 0.398015
vn -0.988404 -0.121610 -0.090935
vn -0.566118 -0.657505 -0.497189
vn -0.752070 -0.643524 -0.142360
vn -0.985416 0.164876 0.042087
vn -0.554858 0.806511 0.204138
vn -0.646429 0.762973 -0.001031
vn -0.999991 0.000556 -0.004177
vn -0.646405 -0.762978 -0.005058
vn -0.744092 0.666506 -0.045797
vn -0.985525 -0.169025 0.013088
vn -0.539457 -0.839390 0.066416
vn -0.753283 -0.629261 0.191299
vn -0.985475 0.161169 -0.053520
vn -0.556670 0.788491 -0.261535
vn -0.768323 0.486943 -0.415411
vn -0.988293 -0.119683 0.094623
vn -0.566681 -0.645527 0.512022
vn -0.990277 0.061203 -0.124921
vn -0.604202 0.345508 -0.718028
vn -0.716663 0.067566 -0.694139
vn -0.999878 -0.015581 -0.001132
vn -0.796908 -0.263203 0.543749
vn -0.716637 -0.093795 0.691110
vn -0.060559 -0.458481 0.886638
vn 0.000001 -0.786677 0.617365
vn -0.000642 -0.117949 0.993019
vn 0.000673 0.111313 -0.993785
vn -0.716663 0.067566 -0.694139
vn -0.604202 0.345508 -0.718028
vn 0.085323 0.389599 -0.917024
vn 0.000001 0.754529 -0.656267
vn -0.768323 0.486943 -0.415411
vn 0.000001 0.754529 -0.656267
vn -0.768323 0.486943 -0.415411
vn -0.556670 0.788491 -0.261535
vn 0.000001 0.948383 -0.317126
vn -0.046832 0.996214 -0.073246
vn -0.744092 0.666506 -0.045797
vn -0.646429 0.762973 -0.001031
vn 0.046765 0.998899 0.003646
vn -0.554858 0.806511 0.204138
vn 0.000001 0.968607 0.248598
vn -0.716716 0.068786 0.693964
vn -0.000968 0.086361 0.996264
vn -0.087136 0.373249 0.923630
vn -0.710171 0.322546 0.625796
vn 0.000001 0.780705 0.624899
vn -0.765781 0.505137 0.398015
vn -0.554858 0.806511 0.204138
vn 0.000001 0.968607 0.248598
vn 0.716660 0.088927 -0.691730
vn 0.000673 0.111313 -0.993785
vn 0.085323 0.389599 -0.917024
vn 0.707591 0.326773 -0.626526
vn 0.000001 0.754529 -0.656267
vn -0.000968 0.086361 0.996264
vn 0.716750 0.051721 0.695409
vn 0.606974 0.337396 0.719546
vn -0.087136 0.373249 0.923630
vn 0.000001 0.780705 0.624899
vn 0.765780 0.505138 0.398016
vn 0.000001 0.780705 0.624899
vn 0.765780 0.505138 0.398016
vn 0.554857 0.806512 0.204138
vn 0.000001 0.968607 0.248598
vn 0.046765 0.998899 0.003646
vn 0.742979 0.669314 0.000753
vn 0.647638 0.760433 -0.048026
vn -0.046832 0.996214 -0.073246
vn 0.556665 0.788494 -0.261536
vn 0.000001 0.948383 -0.317126
vn 0.000001 0.754529 -0.656267
vn 0.768315 0.486950 -0.415417
vn 0.707591 0.326773 -0.626526
vn 0.999889 0.014859 0.001115
vn 0.716660 0.088927 -0.691730
vn 0.707591 0.326773 -0.626526
vn 0.999503 0.030590 0.007616
vn 0.716698 -0.069977 0.693864
vn 0.706926 -0.289616 0.645274
vn 0.768315 0.486950 -0.415417
vn 0.988292 -0.119688 0.094628
vn 0.566677 -0.645530 0.512024
vn 0.985473 0.161176 -0.053523
vn 0.556665 0.788494 -0.261536
vn 0.647638 0.760433 -0.048026
vn 0.753274 -0.629271 0.191302
vn 0.000001 -0.959515 0.281657
vn 0.999949 0.002897 0.009709
vn 0.647543 -0.759234 0.065205
vn 0.742979 0.669314 0.000753
vn 0.985204 -0.171383 -0.000595
vn 0.538178 -0.842825 -0.003238
vn 0.752068 -0.643527 -0.142360
vn 0.985416 0.164877 0.042087
vn 0.554857 0.806512 0.204138
vn 0.765780 0.505138 0.398016
vn 0.988403 -0.121611 -0.090936
vn 0.566119 -0.657505 -0.497189
vn 0.799081 -0.247540 -0.547899
vn 0.990316 0.060423 0.124991
vn 0.606974 0.337396 0.719546
vn 0.716750 0.051721 0.695409
vn 0.999934 -0.011464 0.000066
vn 0.716710 -0.068184 -0.694030
vn -0.000642 -0.117949 0.993019
vn 0.716698 -0.069977 0.693864
vn 0.706926 -0.289616 0.645274
vn -0.060559 -0.458481 0.886638
vn 0.566677 -0.645530 0.512024
vn 0.000001 -0.786677 0.617365
vn 0.000001 -0.959515 0.281657
vn 0.061876 -0.433427 -0.899062
vn 0.799081 -0.247540 -0.547899
vn 0.716710 -0.068184 -0.694030
vn 0.000981 -0.085536 -0.996335
vn -0.709721 -0.267042 -0.651909
vn -0.716743 -0.051420 -0.695440
vn -0.566118 -0.657505 -0.497189
vn 0.000001 -0.798468 -0.602037
vn -0.566681 -0.645527 0.512022
vn 0.000001 -0.786677 0.617365
vn 0.000001 -0.959515 0.281657
vn -0.753283 -0.629261 0.191299
vn -0.539457 -0.839390 0.066416
vn 0.065478 -0.995504 0.068437
vn 0.647543 -0.759234 0.065205
vn 0.753274 -0.629271 0.191302
vn 0.538178 -0.842825 -0.003238
vn -0.065392 -0.997859 0.000653
vn 0.000001 -0.978521 -0.206146
vn -0.646405 -0.762978 -0.005058
vn 0.752068 -0.643527 -0.142360
vn -0.752070 -0.643524 -0.142360
vn -0.566118 -0.657505 -0.497189
vn 0.000001 -0.798468 -0.602037
vn 0.566119 -0.657505 -0.497189
vn 0.061876 -0.433427 -0.899062
vn 0.799081 -0.247540 -0.547899
vn 0.751696 -0.247432 0.611335
vn 0.788330 0.258558 0.558286
vn 0.228163 0.153293 0.961479
vn 0.239093 -0.325738 0.914729
vn 0.579921 -0.593898 0.557652
vn 0.284305 -0.802732 0.524205
vn -0.214767 -0.756323 0.617941
vn -0.228163 -0.153287 0.961480
vn -0.788333 -0.258529 0.558295
vn -0.751703 0.247433 0.611326
vn -0.239090 0.325751 0.914725
vn 0.214777 0.756334 0.617924
vn -0.579922 0.593905 0.557644
vn -0.284301 0.802737 0.524201
vn -0.740429 -0.653442 -0.157409
vn -0.579929 -0.593895 -0.557647
vn -0.284291 -0.802741 -0.524199
vn -0.133741 -0.986862 -0.090642
vn 0.214772 -0.756327 -0.617934
vn -0.620810 -0.773902 0.125183
vn 0.206834 -0.968430 -0.139154
vn -0.206831 -0.968431 0.139152
vn -0.656390 -0.669639 0.347469
vn 0.133741 -0.986862 0.090642
vn -0.214767 -0.756323 0.617941
vn 0.284305 -0.802732 0.524205
vn 0.620802 -0.773907 -0.125192
vn 0.656381 -0.669647 -0.347472
vn 0.740418 -0.653452 0.157419
vn 0.579921 -0.593898 0.557652
vn -0.740423 0.653448 0.157413
vn -0.579922 0.593905 0.557644
vn -0.284301 0.802737 0.524201
vn -0.133741 0.986862 0.090642
vn 0.214777 0.756334 0.617924
vn -0.620806 0.773905 -0.125187
vn 0.206839 0.968428 0.139158
vn 0.656378 0.669656 0.347462
vn 0.620798 0.773909 0.125199
vn 0.133741 0.986862 -0.090642
vn 0.740413 0.653458 -0.157422
vn -0.206834 0.968429 -0.139155
vn -0.656385 0.669647 -0.347465
vn -0.214769 0.756334 -0.617927
vn 0.284311 0.802735 -0.524199
vn 0.579917 0.593911 -0.557643
vn 0.214777 0.756334 0.617924
vn 0.228163 0.153293 0.961479
vn 0.788330 0.258558 0.558286
vn 0.656378 0.669656 0.347462
vn -0.751703 0.247433 0.611326
vn -0.579922 0.593905 0.557644
vn -0.740423 0.653448 0.157413
vn -0.988155 0.108707 0.108314
vn -0.788333 -0.258529 0.558295
vn -0.964638 0.235515 -0.118350
vn -0.620806 0.773905 -0.125187
vn -0.656385 0.669647 -0.347465
vn -0.788334 0.258544 -0.558287
vn -0.988156 -0.108702 -0.108315
vn -0.751713 -0.247413 -0.611321
vn -0.964641 -0.235503 0.118350
vn -0.656390 -0.669639 0.347469
vn -0.620810 -0.773902 0.125183
vn -0.740429 -0.653442 -0.157409
vn -0.579929 -0.593895 -0.557647
vn 0.751695 0.247447 -0.611330
vn 0.579917 0.593911 -0.557643
vn 0.740413 0.653458 -0.157422
vn 0.988154 0.108713 -0.108321
vn 0.788331 -0.258541 -0.558293
vn 0.964632 0.235535 0.118361
vn 0.620798 0.773909 0.125199
vn 0.656378 0.669656 0.347462
vn 0.788330 0.258558 0.558286
vn 0.988154 -0.108709 0.108322
vn 0.751696 -0.247432 0.611335
vn 0.964635 -0.235521 -0.118360
vn 0.656381 -0.669647 -0.347472
vn 0.620802 -0.773907 -0.125192
vn 0.740418 -0.653452 0.157419
vn 0.579921 -0.593898 0.557652
vn -0.589319 -0.807900 -0.000000
vn -0.819424 -0.573188 -0.000000
vn -0.110548 -0.990946 -0.076187
vn -0.110546 -0.990947 0.076184
vn 0.110546 -0.990947 0.076184
vn 0.000000 -0.781393 0.624040
vn 0.000000 -0.781393 0.624040
vn 0.110547 -0.990946 -0.076187
vn 0.000000 -0.781390 -0.624043
vn 0.000000 -0.781390 -0.624043
vn 0.589314 -0.807904 -0.000000
vn 0.819421 -0.573192 -0.000000
vn -0.589315 0.807903 0.000000
vn -0.819421 0.573191 0.000000
vn -0.110546 0.990947 0.076184
vn -0.110546 0.990947 -0.076185
vn 0.110544 0.990947 -0.076184
vn 0.000000 0.781393 -0.624039
vn 0.000000 0.781393 -0.624039
vn 0.110544 0.990947 0.076184
vn 0.000000 0.781394 0.624038
vn 0.000000 0.781394 0.624038
vn 0.589311 0.807906 0.000000
vn 0.819420 0.573193 0.000000
vn 0.000000 0.781393 -0.624039
vn 0.000000 0.781393 -0.624039
vn 0.000000 0.296233 -0.955116
vn 0.000000 0.148117 -0.988970
vn 0.000000 -0.148115 -0.988970
vn 0.000000 -0.296230 -0.955117
vn 0.000000 -0.781390 -0.624043
vn 0.000000 -0.781390 -0.624043
vn -0.819421 0.573191 0.000000
vn -0.589315 0.807903 0.000000
vn -0.978371 0.206857 0.000000
vn -0.994637 0.103429 0.000000
vn -0.994637 -0.103429 0.000000
vn -0.978371 -0.206856 -0.000000
vn -0.819424 -0.573188 -0.000000
vn -0.589319 -0.807900 -0.000000
vn 0.000000 0.781394 0.624038
vn 0.000000 0.781394 0.624038
vn 0.000000 0.296233 0.955116
vn 0.000000 0.148117 0.988970
vn 0.000000 -0.148115 0.988970
vn 0.000000 -0.296231 0.955117
vn 0.000000 -0.781393 0.624040
vn 0.000000 -0.781393 0.624040
vn 0.819420 0.573193 0.000000
vn 0.589311 0.807906 0.000000
vn 0.978371 0.206857 0.000000
vn 0.994637 0.103429 0.000000
vn 0.994637 -0.103427 0.000000
vn 0.978371 -0.206856 -0.000000
vn 0.819421 -0.573192 -0.000000
vn 0.589314 -0.807904 -0.000000
vn 0.000000 -0.841001 0.541034
vn 0.000000 -0.993955 -0.109791
vn 0.000000 -0.993955 0.109791
vn 0.000000 -0.666457 0.745543
vn 0.000000 -0.170079 0.985430
vn -0.000000 0.170074 0.985431
vn -0.000000 0.666456 0.745545
vn 0.000000 -0.170079 0.985430
vn -0.000000 0.170074 0.985431
vn -0.000000 0.841001 0.541034
vn -0.000000 0.993955 0.109790
vn -0.000000 0.993955 -0.109788
vn -0.000000 0.841001 -0.541033
vn -0.000000 0.993955 0.109790
vn -0.000000 0.993955 -0.109788
vn -0.000000 0.666456 -0.745544
vn -0.000000 0.170074 -0.985431
vn 0.000000 -0.170080 -0.985430
vn 0.000000 -0.666459 -0.745542
vn -0.000000 0.170074 -0.985431
vn 0.000000 -0.170080 -0.985430
vn 0.000000 -0.841001 -0.541034
vn 0.000000 -0.993955 -0.109791
vn 0.000000 -0.993955 0.109791
vn 0.552465 -0.833536 -0.000000
vn 0.755598 -0.655036 -0.000000
vn 0.114303 -0.993446 -0.000000
vn -0.114307 -0.993445 -0.000000
vn -0.552465 -0.833536 -0.000000
vn -0.755595 -0.655039 0.000000
vn 0.986550 -0.163457 -0.000000
vn 0.986551 0.163451 -0.000000
vn 0.755598 -0.655036 -0.000000
vn 0.552465 -0.833536 -0.000000
vn 0.755600 0.655033 -0.000000
vn 0.552467 0.833535 -0.000000
vn 0.986551 0.163451 -0.000000
vn 0.986550 -0.163457 -0.000000
vn 0.552467 0.833535 -0.000000
vn 0.755600 0.655033 -0.000000
vn 0.114305 0.993446 -0.000000
vn -0.114307 0.993445 0.000000
vn -0.552468 0.833534 0.000000
vn -0.755599 0.655035 0.000000
vn -0.755599 0.655035 0.000000
vn -0.552468 0.833534 0.000000
vn -0.986551 0.163452 0.000000
vn -0.986550 -0.163458 0.000000
vn -0.755595 -0.655039 0.000000
vn -0.552465 -0.833536 -0.000000
vn 0.552465 -0.833536 -0.000000
vn 0.755596 -0.655038 -0.000000
vn 0.114301 -0.993446 -0.000000
vn -0.114309 -0.993445 -0.000000
vn 0.986550 -0.163462 -0.000000
vn 0.986552 0.163449 -0.000000
vn 0.755596 -0.655038 -0.000000
vn 0.552465 -0.833536 -0.000000
vn 0.755598 0.655035 -0.000000
vn 0.552462 0.833538 0.000000
vn 0.986552 0.163449 -0.000000
vn 0.986550 -0.163462 -0.000000
vn 0.114303 0.993446 0.000000
vn -0.114310 0.993445 0.000000
vn 0.552462 0.833538 0.000000
vn 0.755598 0.655035 -0.000000
vn -0.114310 0.993445 0.000000
vn 0.114303 0.993446 0.000000
vn -0.552469 0.833533 0.000000
vn -0.755599 0.655034 0.000000
vn -0.986551 0.163452 0.000000
vn -0.986550 -0.163458 -0.000000
vn -0.986550 -0.163458 -0.000000
vn -0.986551 0.163452 0.000000
vn -0.755596 -0.655038 -0.000000
vn -0.552466 -0.833535 -0.000000
vn -0.114309 -0.993445 -0.000000
vn 0.114301 -0.993446 -0.000000
vn 0.552461 -0.833539 0.000000
vn 0.755594 -0.655040 -0.000000
vn 0.114298 -0.993446 0.000000
vn -0.114305 -0.993446 0.000000
vn -0.552461 -0.833539 0.000000
vn -0.755595 -0.655039 0.000000
vn 0.986550 -0.163460 -0.000000
vn 0.986551 0.163452 -0.000000
vn 0.755594 -0.655040 -0.000000
vn 0.552461 -0.833539 0.000000
vn 0.755594 0.655040 -0.000000
vn 0.552454 0.833544 0.000000
vn 0.986551 0.163452 -0.000000
vn 0.986550 -0.163460 -0.000000
vn 0.552454 0.833544 0.000000
vn 0.755594 0.655040 -0.000000
vn 0.114298 0.993446 0.000000
vn -0.114305 0.993446 0.000000
vn -0.552461 0.833539 0.000000
vn -0.755595 0.655039 0.000000
vn -0.755595 0.655039 0.000000
vn -0.552461 0.833539 0.000000
vn -0.986551 0.163456 0.000000
vn -0.986551 -0.163456 0.000000
vn -0.755595 -0.655039 0.000000
vn -0.552461 -0.833539 0.000000
vn 0.000000 -0.841000 0.541035
vn 0.000000 -0.993955 -0.109787
vn 0.000000 -0.993954 0.109794
vn 0.000000 -0.666459 0.745542
vn 0.000000 -0.170077 0.985431
vn 0.000000 0.170077 0.985431
vn 0.000000 0.170077 0.985431
vn 0.000000 0.841005 0.541028
vn 0.000000 0.666459 0.745542
vn 0.000000 -0.170077 0.985431
vn 0.000000 0.993955 0.109786
vn 0.000000 0.666459 0.745542
vn 0.000000 0.841005 0.541028
vn 0.000000 0.993955 -0.109786
vn 0.000000 0.841005 -0.541027
vn 0.000000 0.666461 -0.745540
vn 0.000000 0.666461 -0.745540
vn 0.000000 -0.170078 -0.985431
vn 0.000000 0.170078 -0.985431
vn 0.000000 0.841005 -0.541027
vn 0.000000 -0.666455 -0.745545
vn 0.000000 0.170078 -0.985431
vn 0.000000 -0.170078 -0.985431
vn 0.000000 -0.841001 -0.541034
vn 0.000000 -0.993955 -0.109787
vn 0.000000 -0.993954 0.109794
vn 0.552460 -0.833539 -0.000000
vn 0.755596 -0.655038 -0.000000
vn 0.114301 -0.993446 -0.000000
vn -0.114303 -0.993446 0.000000
vn -0.552460 -0.833540 0.000000
vn -0.755595 -0.655039 0.000000
vn 0.986551 -0.163455 -0.000000
vn 0.986551 0.163453 -0.000000
vn 0.755596 -0.655038 -0.000000
vn 0.552460 -0.833539 -0.000000
vn 0.755596 0.655038 -0.000000
vn 0.552458 0.833540 -0.000000
vn 0.986551 0.163453 -0.000000
vn 0.986551 -0.163455 -0.000000
vn 0.552458 0.833540 -0.000000
vn 0.755596 0.655038 -0.000000
vn 0.114301 0.993446 -0.000000
vn -0.114303 0.993446 0.000000
vn -0.552460 0.833540 0.000000
vn -0.755595 0.655039 0.000000
vn -0.755595 0.655039 0.000000
vn -0.552460 0.833540 0.000000
vn -0.986551 0.163456 0.000000
vn -0.986551 -0.163456 0.000000
vn -0.755595 -0.655039 0.000000
vn -0.552460 -0.833540 0.000000
vn -0.751713 -0.247413 -0.611321
vn -0.788334 0.258544 -0.558287
vn -0.228170 0.153298 -0.961477
vn -0.214769 0.756334 -0.617927
vn -0.239093 -0.325742 -0.914728
vn -0.579929 -0.593895 -0.557647
vn -0.284291 -0.802741 -0.524199
vn 0.214772 -0.756327 -0.617934
vn 0.228170 -0.153292 -0.961478
vn 0.788331 -0.258541 -0.558293
vn 0.751695 0.247447 -0.611330
vn 0.239097 0.325760 -0.914720
vn 0.284311 0.802735 -0.524199
vn 0.579917 0.593911 -0.557643
vt -627.906982 418.604614
vt -627.906982 399.099243
vt -627.906982 379.593628
vt -627.906982 360.088135
vt -627.906982 340.582642
vt -627.906982 321.077148
vt -627.906982 301.571655
vt -627.906982 282.066162
vt -627.906982 262.560608
vt -627.906982 243.055115
vt -627.906982 223.549561
vt -627.906982 204.044067
vt -627.906982 184.538574
vt -627.906982 165.033081
vt -627.906982 145.527527
vt -627.906982 126.022034
vt -627.906982 106.516479
vt -627.906982 87.011047
vt -627.906982 67.505493
vt -627.906982 48.000000
vt -627.906982 28.494507
vt -627.906982 8.989014
vt -627.906982 -10.516541
vt -627.906982 -30.022034
vt -627.906982 -49.527527
vt -627.906982 -69.033081
vt -627.906982 -88.538574
vt -627.906982 -108.044067
vt -627.906982 -127.549561
vt -627.906982 -147.055084
vt -627.906982 -166.560608
vt -627.906982 -186.066040
vt -627.906982 -205.571655
vt -627.906982 -225.077148
vt -627.906982 -244.582611
vt -627.906982 -264.088135
vt -627.906982 -283.593628
vt -627.906982 -303.099121
vt -627.906982 -322.604675
vt -607.973450 -322.604675
vt -588.039917 -322.604675
vt -568.106323 -322.604675
vt -548.172791 -322.604675
vt -528.239258 -322.604675
vt -508.305664 -322.604675
vt -488.372070 -322.604675
vt -468.438538 -322.604675
vt -448.504944 -322.604645
vt -428.571472 -322.604675
vt -408.637817 -322.604645
vt -388.704346 -322.604675
vt -368.770752 -322.604675
vt -348.837250 -322.604675
vt -328.903656 -322.604675
vt -308.970154 -322.604675
vt -289.036560 -322.604675
vt -269.103027 -322.604675
vt -249.169464 -322.604675
vt -229.235931 -322.604675
vt -209.302368 -322.604675
vt -189.368835 -322.604675
vt -169.435242 -322.604675
vt -149.501709 -322.604675
vt -129.568146 -322.604675
vt -109.634460 -322.604645
vt -89.700928 -322.604675
vt -69.767365 -322.604645
vt -49.833847 -322.604675
vt -29.900253 -322.604675
vt -9.966736 -322.604675
vt 9.966797 -322.604675
vt 29.900352 -322.604675
vt 49.833908 -322.604675
vt 69.767479 -322.604675
vt 89.701035 -322.604675
vt 109.634605 -322.604675
vt 129.568146 -322.604675
vt 149.501709 -322.604675
vt 169.435242 -322.604675
vt 189.368820 -322.604675
vt 209.302353 -322.604675
vt 229.235931 -322.604675
vt 249.169464 -322.604675
vt 269.103027 -322.604675
vt 289.036560 -322.604675
vt 308.970154 -322.604675
vt 328.903656 -322.604675
vt 348.837250 -322.604675
vt 368.770752 -322.604675
vt 388.704346 -322.604675
vt 408.637878 -322.604675
vt 428.571472 -322.604675
vt 448.504974 -322.604675
vt 468.438568 -322.604675
vt 488.372070 -322.604675
vt 508.305664 -322.604675
vt 528.239197 -322.604675
vt 548.172791 -322.604675
vt 568.106323 -322.604675
vt 588.039917 -322.604675
vt 607.973389 -322.604675
vt 627.906982 -322.604675
vt 627.906982 -303.099152
vt 627.906982 -283.593628
vt 627.906982 -264.088104
vt 627.906982 -244.582611
vt 627.907043 -225.077087
vt 627.906982 -205.571564
vt 627.906982 -186.066040
vt 627.906982 -166.560547
vt 627.906982 -147.055054
vt 627.906982 -127.549500
vt 627.906982 -108.044006
vt 627.906982 -88.538452
vt 627.906982 -69.032959
vt 627.906982 -49.527466
vt 627.906982 -30.021912
vt 627.906982 -10.516418
vt 627.906982 8.989075
vt 627.906982 28.494629
vt 627.906982 48.000122
vt 627.906982 67.505676
vt 627.906982 87.010925
vt 627.906982 106.516418
vt 627.906982 126.022156
vt 627.906982 145.527466
vt 627.906982 165.032959
vt 627.906982 184.538513
vt 627.906982 204.044006
vt 627.906982 223.549561
vt 627.906982 243.055054
vt 627.906982 262.560547
vt 627.906982 282.066040
vt 627.906982 301.571533
vt 627.906982 321.077087
vt 627.906982 340.582642
vt 627.906982 360.088135
vt 627.906982 379.593628
vt 627.906982 399.099243
vt 627.906982 418.604614
vt 607.973450 418.604614
vt 588.039917 418.604614
vt 568.106323 418.604614
vt 548.172791 418.604614
vt 528.239258 418.604614
vt 508.305664 418.604614
vt 488.372131 418.604614
vt 468.438568 418.604614
vt 448.505005 418.604614
vt 428.571472 418.604614
vt 408.637939 418.604614
vt 388.704346 418.604614
vt 368.770844 418.604614
vt 348.837250 418.604614
vt 328.903748 418.604614
vt 308.970154 418.604614
vt 289.036621 418.604614
vt 269.103058 418.604614
vt 249.169525 418.604614
vt 229.235947 418.604614
vt 209.302414 418.604614
vt 189.368881 418.604614
vt 169.435303 418.604614
vt 149.501770 418.604614
vt 129.568207 418.604614
vt 109.634422 418.604614
vt 89.700867 418.604614
vt 69.767334 418.604614
vt 49.833786 418.604614
vt 29.900230 418.604614
vt 9.966675 418.604614
vt -9.966873 418.604614
vt -29.900436 418.604614
vt -49.833984 418.604614
vt -69.767563 418.604614
vt -89.701096 418.604614
vt -109.634674 418.604614
vt -129.568207 418.604614
vt -149.501770 418.604614
vt -169.435303 418.604614
vt -189.368896 418.604614
vt -209.302429 418.604614
vt -229.235992 418.604614
vt -249.169525 418.604614
vt -269.103119 418.604614
vt -289.036621 418.604614
vt -308.970215 418.604614
vt -328.903748 418.604614
vt -348.837250 418.604614
vt -368.770752 418.604614
vt -388.704346 418.604614
vt -408.637878 418.604614
vt -428.571472 418.604614
vt -448.504944 418.604614
vt -468.438538 418.604614
vt -488.372070 418.604614
vt -508.305664 418.604614
vt -528.239197 418.604614
vt -548.172791 418.604614
vt -568.106323 418.604614
vt -588.039917 418.604614
vt -607.973389 418.604614
vt -617.940247 -312.851898
vt -559.833313 -254.335388
vt -384.242432 -78.785828
vt -19.933502 47.999939
vt -403.752563 194.291321
vt -518.272400 309.160583
vt -579.343506 369.840881
vt -617.940186 408.851929
vt 318.936890 -13.778198
vt 478.405334 -173.284149
vt 578.073120 -272.975433
vt 617.940186 -312.851929
vt 438.538239 229.407593
vt 518.272461 309.160645
vt 578.073120 368.975403
vt 617.940186 408.851929
vt -569.418213 -195.818848
vt -591.774292 -234.829895
vt -591.774292 -273.840881
vt -558.139587 -289.176544
vt -498.338867 -261.501617
vt -478.164124 38.247253
vt -378.737549 -200.836823
vt -199.335602 -130.784363
vt 0.000031 -136.900269
vt 159.468536 190.013916
vt -39.867218 232.900208
vt -398.671082 306.611816
vt -516.041931 194.291321
vt -498.338867 362.521118
vt -573.502136 311.324402
vt -578.073120 395.224731
vt -598.915710 399.378906
vt -604.604553 369.840881
vt -538.205994 377.889282
vt 318.936890 -168.352264
vt 473.301758 -0.763672
vt 458.471771 -246.946533
vt 551.775879 -195.818787
vt 534.665283 -98.291260
vt 558.139526 -294.787689
vt 603.936890 -273.840881
vt 609.214233 -293.965332
vt 589.344971 -234.829742
vt 530.217773 194.291260
vt 418.604706 323.218567
vt 573.502197 311.324341
vt 518.272461 364.336426
vt 603.936890 369.840881
vt 609.214294 389.965332
vt 578.073120 394.790771
vt -586.465881 -156.807861
vt -599.475708 -195.818848
vt -611.156799 -234.829895
vt -611.156799 -273.840881
vt -609.472290 -294.229065
vt -558.139587 -307.376434
vt -534.676941 -298.276489
vt -581.602234 -298.276489
vt -548.172913 -298.276489
vt -572.267456 -309.005554
vt -498.338867 -292.865997
vt -438.538147 -263.602875
vt -553.353149 38.247253
vt -358.804016 -260.497070
vt -259.136230 -217.631927
vt -139.534912 -217.631897
vt -39.867050 -225.740601
vt 79.734253 -212.902557
vt 159.468536 304.526550
vt 39.867004 308.902527
vt -59.800781 324.950012
vt -219.269226 239.363098
vt -398.671082 363.051697
vt -299.003418 318.702209
vt -572.399597 194.291321
vt -498.338867 391.448486
vt -601.578735 311.324402
vt -578.073120 409.039063
vt -558.139587 400.541504
vt -598.006653 411.553711
vt -613.315918 389.346436
vt -615.422852 376.707397
vt -598.943176 384.067383
vt -591.973999 373.054321
vt -610.133057 350.335388
vt 318.936890 -245.800446
vt 549.681519 -20.269165
vt 531.224976 77.258301
vt 458.471771 -285.432098
vt 398.671112 -261.798676
vt 590.466125 -195.818787
vt 573.635376 -137.302246
vt 579.755981 -78.785706
vt 558.139526 -310.481720
vt 578.728882 -302.634705
vt 537.550232 -302.634705
vt 617.906006 -273.840881
vt 609.969727 -254.335358
vt 621.094604 -293.346375
vt 598.006653 -307.826294
vt 577.601929 174.785767
vt 571.759888 233.302307
vt 458.471802 363.100952
vt 398.671143 369.349487
vt 299.003387 296.450317
vt 601.578735 311.324341
vt 518.272461 392.385742
vt 617.906006 369.840881
vt 609.969727 350.335388
vt 621.094604 389.346436
vt 598.006714 403.826294
vt 585.073120 405.853760
vt 593.016357 388.329712
vt 581.360596 381.883057
vt 558.139526 400.440552
vt 560.988953 380.199097
vt -567.020203 -98.291321
vt -603.743591 -137.302307
vt -615.364136 -195.818848
vt -610.492676 -215.025848
vt -607.419922 -175.095551
vt -601.465576 -254.335388
vt -616.154724 -284.517517
vt -598.006653 -307.850830
vt -601.465576 -283.303833
vt -594.596436 -294.853119
vt -538.205994 -312.226196
vt -518.272461 -306.951447
vt -502.605469 -307.975555
vt -517.879395 -286.360077
vt -478.405334 -302.724854
vt -438.538147 -293.945587
vt -591.267944 38.247253
vt -568.303467 -20.269287
vt -550.442200 116.269287
vt -378.737549 -289.151733
vt -338.870453 -289.151733
vt -259.136230 -270.591461
vt -179.402039 -263.020966
vt -119.601379 -268.698822
vt -39.867050 -274.685394
vt 39.867126 -260.962280
vt 99.667816 -266.395355
vt 159.468536 362.000977
vt 39.867004 364.206299
vt -19.933655 363.822266
vt -79.734329 370.186279
vt -179.402100 324.827332
vt -398.671082 391.722290
vt -299.003418 369.150574
vt -601.010071 194.291321
vt -570.165649 252.807861
vt -498.338867 406.855591
vt -518.624390 399.151978
vt -478.053345 399.151978
vt -616.549194 311.324402
vt -609.063965 291.585083
vt -609.063965 330.126404
vt -558.139587 412.322754
vt -563.813293 381.787354
vt -615.136292 362.289734
vt -621.695740 350.335388
vt 318.936890 -284.849243
vt 219.269135 -220.180511
vt 589.402222 -20.269165
vt 572.187500 38.247375
vt 578.090332 96.763672
vt 458.471771 -305.354553
vt 498.338867 -283.976074
vt 398.671112 -293.018524
vt 610.456787 -195.818787
vt 601.647461 -137.302246
vt 600.868408 -98.291260
vt 600.868408 -59.280212
vt 578.073120 -315.096069
vt 591.036255 -287.978088
vt 572.541382 -287.934631
vt 518.272461 -305.802002
vt 538.205994 -315.096069
vt 621.589722 -254.335358
vt 610.984253 -234.829803
vt 591.477051 -259.301422
vt 603.699829 174.785767
vt 597.292358 213.796753
vt 597.292358 252.807800
vt 458.471802 391.747681
vt 418.604706 390.951904
vt 378.737610 390.951904
vt 318.936951 356.307617
vt 239.202728 343.296326
vt 616.549194 311.324341
vt 610.120789 330.300476
vt 609.063965 291.585022
vt 518.272461 407.389526
vt 537.504028 399.887695
vt 498.338898 399.812012
vt 621.589722 350.335388
vt 591.477051 355.301453
vt 570.356201 405.553589
vt 558.139526 412.257080
vt 566.307495 391.269043
vt 549.878113 344.672424
vt -595.120300 -78.785828
vt -617.793457 -137.302307
vt -609.920715 -117.796814
vt -601.465576 -225.241730
vt -581.533569 -214.787201
vt -619.948608 -176.313324
vt -585.817810 -178.698822
vt -611.822571 -156.807861
vt -599.144226 -163.429413
vt -598.197144 -149.794312
vt -580.649414 -256.153229
vt -601.465576 -242.175079
vt -614.363281 -248.583282
vt -601.465576 -266.495667
vt -510.502075 -296.800323
vt -503.970886 -277.183807
vt -538.939758 -274.470306
vt -520.759888 -266.865326
vt -489.593262 -309.554077
vt -478.405334 -315.163177
vt -458.471741 -305.169495
vt -478.177856 -277.183807
vt -491.074341 -272.962952
vt -438.538208 -310.008179
vt -417.551270 -301.976898
vt -610.885498 38.247253
vt -590.117188 77.258301
vt -595.711487 -0.763794
vt -595.711487 -39.774780
vt -587.332825 135.774780
vt -378.737549 -307.362946
vt -358.804016 -298.257324
vt -397.254578 -298.257324
vt -370.850464 -298.257324
vt -391.485596 -309.906403
vt -338.870453 -307.362946
vt -315.393951 -298.257324
vt -346.757507 -298.257324
vt -328.898041 -298.257324
vt -259.136230 -297.552979
vt -219.269165 -282.274323
vt -179.402039 -293.646423
vt -139.534912 -292.887573
vt -99.667664 -292.887512
vt -39.867050 -299.681549
vt 0.000031 -283.097565
vt 39.867126 -292.589233
vt 79.734253 -291.849121
vt 119.601379 -291.849121
vt 159.468536 391.180298
vt 99.667648 359.590881
vt 39.867004 392.318481
vt -19.933655 392.120117
vt -59.800781 391.317993
vt -99.667877 391.317993
vt -179.402100 372.245605
vt -398.671082 407.010986
vt -418.833008 399.366577
vt -378.509216 399.366577
vt -299.003418 394.881958
vt -338.870483 378.812622
vt -239.202759 358.725952
vt -616.226685 194.291321
vt -608.618408 174.293396
vt -608.618408 214.289246
vt -599.859985 252.807861
vt -518.272400 411.428467
vt -538.205994 401.575928
vt -515.437012 376.984863
vt -458.471741 401.575928
vt -478.405334 411.428467
vt -481.240723 376.984863
vt -621.007935 291.818909
vt -611.154358 272.313354
vt -587.540405 294.712158
vt -587.540405 327.804138
vt -620.996216 330.829895
vt -576.668152 382.430664
vt -554.918945 354.157166
vt -549.800232 387.783203
vt 318.936890 -305.042480
vt 358.804016 -283.994049
vt 279.069794 -283.994049
vt 219.269135 -271.877533
vt 609.889771 -20.269165
vt 600.900757 38.247375
vt 600.134644 77.258301
vt 600.134644 116.269287
vt 432.798798 -295.393311
vt 478.795715 -295.393311
vt 533.403259 -260.818665
vt 398.671112 -309.490356
vt 417.125946 -305.809326
vt 377.232666 -301.254425
vt 430.527069 -308.974426
vt 444.124237 -304.268280
vt 416.206696 -287.426758
vt 386.073853 -310.261017
vt 436.404449 -266.622131
vt 403.352753 -277.408600
vt 429.787018 -280.404358
vt 443.693146 -285.407227
vt 418.002380 -266.266296
vt 380.353729 -275.799316
vt 427.815735 -234.776703
vt 392.157227 -272.259277
vt 427.483734 -251.947144
vt 443.437805 -252.297760
vt 455.175415 -266.949921
vt 445.618042 -234.628876
vt 408.330048 -242.988342
vt 445.666840 -273.834839
vt 478.761169 -212.908722
vt 436.347656 -190.239716
vt 414.893890 -253.909454
vt 464.693146 -227.588989
vt 436.539673 -213.362213
vt 436.643707 -225.888824
vt 451.106903 -219.504974
vt 600.461426 -170.024445
vt 616.588318 -137.302246
vt 609.117920 -117.639771
vt 609.117920 -153.955627
vt 614.016113 -166.960388
vt 610.094482 -181.125427
vt 596.395630 -183.282715
vt 569.737549 -167.855103
vt 584.848877 -172.489197
vt 582.274231 -153.929443
vt 595.692993 -157.089569
vt 587.641418 -140.583069
vt 585.717590 -117.258850
vt 616.146606 -98.291260
vt 608.507507 -78.785706
vt 616.146606 -59.280212
vt 610.261658 -40.216797
vt 589.904663 -299.523529
vt 590.953491 -274.947845
vt 611.007935 -215.320404
vt 600.164551 -244.046204
vt 567.366089 -249.073334
vt 617.768066 174.785767
vt 609.909546 194.291260
vt 609.909546 155.280212
vt 614.153137 213.796753
vt 605.722778 233.302307
vt 615.781372 226.075134
vt 614.153076 252.807800
vt 610.813538 272.092041
vt 615.781372 240.529480
vt 458.471802 407.025513
vt 438.377808 399.386597
vt 477.675781 399.386597
vt 418.604706 406.574341
vt 398.671143 398.763184
vt 378.737610 406.574341
vt 358.224457 398.763184
vt 318.936951 388.253418
vt 259.136292 378.971924
vt 621.679932 330.829834
vt 587.540405 329.054260
vt 621.007935 291.818787
vt 587.540405 294.712036
vt 534.822205 378.361084
vt 548.128662 388.710083
vt 538.206055 411.886597
vt 498.338898 411.851318
vt 501.697418 378.361084
vt 591.042664 368.282227
vt 560.505798 360.849426
vt -612.964172 -78.785828
vt -610.914429 -98.250122
vt -604.042236 -59.411011
vt -604.042236 -87.686340
vt -588.973633 -105.006409
vt -615.263672 -65.985291
vt -621.557983 -117.796814
vt -569.180359 -233.736542
vt -584.446960 -199.573059
vt -596.049072 -210.547455
vt -597.677734 -183.245270
vt -556.334473 -166.870911
vt -571.614563 -274.178162
vt -615.198303 -261.521637
vt -531.207092 -285.370422
vt -537.590881 -252.162720
vt -458.471741 -316.735840
vt -484.466797 -289.899353
vt -466.735107 -290.057220
vt -452.660828 -292.176788
vt -443.810120 -278.774231
vt -420.174744 -278.485779
vt -460.371033 -264.517670
vt -478.894226 -257.209961
vt -432.044495 -274.361053
vt -464.942200 -276.941315
vt -418.604675 -314.671753
vt -610.270569 77.258301
vt -613.286438 -0.763794
vt -604.498962 -20.269287
vt -604.498962 18.274780
vt -615.390991 -13.444092
vt -615.473450 11.792969
vt -613.286377 -39.774780
vt -615.236450 -52.686829
vt -615.390991 -27.094421
vt -608.791992 135.774780
vt -355.381897 -279.377197
vt -358.804016 -312.470978
vt -405.753296 -309.118561
vt -318.936890 -312.213196
vt -299.003357 -306.953949
vt -292.213257 -274.362488
vt -300.336823 -289.673065
vt -280.350403 -296.822723
vt -319.338043 -269.780884
vt -324.824219 -283.782043
vt -311.212311 -281.040283
vt -285.590790 -309.411377
vt -287.913391 -286.454346
vt -271.410248 -282.359009
vt -259.136230 -312.061462
vt -272.055420 -307.660797
vt -239.202698 -304.130920
vt -179.402039 -309.840729
vt -159.307129 -301.743561
vt -200.533112 -301.743561
vt -191.758362 -310.465515
vt -139.534912 -309.417511
vt -119.601257 -301.152557
vt -99.667664 -309.417450
vt -78.164322 -301.152496
vt -90.504349 -301.152496
vt -39.867050 -313.309845
vt -19.933502 -304.642914
vt 39.867126 -309.251709
vt 59.962227 -300.920471
vt 18.214767 -300.920471
vt 52.150658 -310.479309
vt 27.103638 -310.121033
vt 79.734253 -308.841827
vt 99.667816 -300.345459
vt 67.583885 -310.533081
vt 92.150536 -310.340515
vt 119.601379 -308.841827
vt 141.629791 -300.345459
vt 107.185089 -310.340515
vt 128.977066 -300.345459
vt 159.468536 406.703491
vt 139.060577 398.941895
vt 179.876495 398.941895
vt 99.667648 389.939453
vt 39.867004 407.351074
vt 19.933456 399.792969
vt 59.800560 399.792969
vt -19.933655 407.237793
vt -39.917984 399.678955
vt -0.716522 399.678955
vt -59.800781 406.781616
vt -79.734329 399.049805
vt -99.667877 406.781616
vt -120.012817 399.049805
vt -179.402100 396.496460
vt -418.604675 411.566040
vt -438.538208 401.475464
vt -415.636475 377.386963
vt -358.804016 401.475464
vt -378.737549 411.566040
vt -381.705750 377.386963
vt -299.003418 408.837036
vt -318.936981 400.462158
vt -279.069885 400.462158
vt -219.269226 386.176880
vt -620.721985 174.785828
vt -611.357544 155.280273
vt -586.704834 177.402527
vt -620.721985 213.796814
vt -586.704834 211.180115
vt -611.357544 233.302368
vt -615.579102 252.807861
vt -529.731201 389.732666
vt -500.770386 376.984863
vt -510.892822 388.950928
vt -466.506653 386.178955
vt -448.213440 340.460266
vt -461.455383 361.680969
vt -468.515442 372.994995
vt -479.991089 357.974304
vt -496.322632 331.364441
vt -467.403625 343.227356
vt -492.382813 347.263000
vt -481.371216 336.096741
vt -485.784912 388.950928
vt -587.540405 308.949829
vt -599.170044 299.122131
vt -596.459961 280.468750
vt -598.411560 266.669189
vt -585.012817 258.262817
vt -569.462891 277.653442
vt -573.983765 265.348572
vt -582.680603 281.754272
vt -598.916077 323.275391
vt -597.014832 340.896606
vt -589.538391 356.198608
vt -572.301208 353.947693
vt -563.760742 366.557617
vt -548.993042 367.734924
vt -525.938721 349.591064
vt -534.193909 362.820496
vt -519.466858 362.819885
vt -581.770325 341.954041
vt -509.532043 343.075378
vt -524.662354 328.891052
vt -510.377991 328.815918
vt 318.936890 -316.651703
vt 338.870453 -305.339172
vt 299.003357 -305.339172
vt 259.136230 -299.440186
vt 219.269135 -298.220245
vt 179.402039 -282.554199
vt 621.537964 -20.269165
vt 610.979614 -0.763672
vt 616.164917 38.247375
vt 608.532837 57.910217
vt 608.532837 19.411682
vt 615.733215 77.258301
vt 607.933960 96.763794
vt 615.733276 116.269287
vt 610.390869 135.411926
vt 466.192627 -295.393311
vt 472.687683 -308.645233
vt 524.396545 -282.825531
vt 358.804016 -306.302460
vt 482.398010 -261.162659
vt 470.835175 -273.691986
vt 485.713196 -275.822205
vt 363.234680 -231.717346
vt 621.042969 -117.796753
vt 620.827148 -156.807800
vt 597.304565 -124.401917
vt 594.131714 -73.167175
vt 591.395325 -87.366089
vt 573.502502 -99.453186
vt 620.658752 -78.785706
vt 599.645996 -30.437439
vt 600.461426 -205.859894
vt 581.164917 -215.073059
vt 596.451538 -220.938965
vt 577.413147 -258.921906
vt 580.680725 -245.539459
vt 569.463013 -230.124146
vt 621.550720 194.291260
vt 590.650879 189.681152
vt 621.550720 155.280212
vt 590.650879 159.890320
vt 588.741333 237.537415
vt 583.534668 222.251770
vt 557.760010 206.586304
vt 582.368896 204.934387
vt 568.471191 217.999512
vt 437.105438 374.975464
vt 438.538239 411.579346
vt 475.290588 377.424316
vt 478.405334 411.566162
vt 392.936981 384.056274
vt 407.452454 381.244507
vt 419.170135 363.405334
vt 398.671143 411.187134
vt 358.804047 411.178711
vt 338.870483 401.747925
vt 355.812683 361.589233
vt 318.936951 405.065430
vt 297.115143 396.659424
vt 309.645081 396.659424
vt 259.136292 400.041504
vt 219.269180 379.989990
vt 587.540405 314.631653
vt 599.153503 323.826660
vt 598.248291 340.229004
vt 566.423584 331.351624
vt 599.170044 299.122070
vt 547.271118 274.919922
vt 596.483582 280.630859
vt 572.189880 275.082153
vt 597.921021 266.749390
vt 581.681274 260.496643
vt 583.351318 282.170959
vt 568.410767 293.363831
vt 559.849854 256.671021
vt 577.454407 246.631775
vt 545.918701 309.441711
vt 559.684692 282.028564
vt 553.287903 295.979309
vt 559.851196 308.320129
vt 532.259155 293.216492
vt 569.949097 263.243042
vt 530.340698 389.849731
vt 520.604919 378.361084
vt 536.931396 359.095093
vt 506.044739 390.030151
vt 488.261688 387.245850
vt 548.499146 370.830078
vt 575.003357 352.559631
vt 584.604919 342.584717
vt -601.778076 -107.584229
vt -591.981323 -123.156250
vt -583.841370 -139.099915
vt -573.324646 -116.923828
vt -567.630188 -150.551056
vt -580.254761 -127.219055
vt -580.790833 -227.804230
vt -580.089539 -242.297394
vt -560.726135 -214.723907
vt -573.247803 -167.371613
vt -571.766541 -181.653595
vt -581.592224 -267.902588
vt -581.862366 -284.049774
vt -555.265686 -273.042206
vt -546.147827 -262.839874
vt -569.658325 -261.920807
vt -550.244202 -237.564056
vt -532.786438 -263.647827
vt -514.645569 -242.880829
vt -425.364441 -290.957428
vt -409.408081 -289.175446
vt -472.039246 -266.963867
vt -611.002686 57.759460
vt -600.193909 103.276917
vt -586.401184 -23.848206
vt -580.150757 -7.907593
vt -593.735046 -13.386353
vt -552.395752 6.834595
vt -578.139099 16.993225
vt -564.186401 -4.465515
vt -583.686584 4.909729
vt -566.231812 9.470032
vt -556.594666 22.427551
vt -601.076721 30.376465
vt -615.109497 25.889221
vt -620.837524 135.774780
vt -371.930359 -272.626465
vt -397.199524 -266.112030
vt -406.807373 -275.789124
vt -392.011230 -280.871338
vt -417.315857 -255.747650
vt -379.811401 -250.930328
vt -371.316101 -260.123901
vt -339.447357 -266.738800
vt -239.202698 -316.056396
vt -243.635559 -284.072205
vt -158.607635 -276.805206
vt -159.468475 -314.554413
vt -219.707306 -305.538422
vt -114.649109 -284.925659
vt -129.730652 -280.659302
vt -141.702515 -260.250916
vt -144.216797 -279.089264
vt -132.134674 -268.353882
vt -153.235504 -289.434875
vt -166.921051 -287.798737
vt -178.966064 -278.333710
vt -200.000885 -271.270020
vt -119.601318 -314.193939
vt -79.734161 -314.136444
vt -59.800583 -306.333893
vt -19.933502 -316.389008
vt -26.172150 -287.183472
vt -12.019730 -291.970825
vt 2.373764 -298.890686
vt 9.022018 -309.834564
vt -16.558624 -262.897125
vt -15.027237 -277.549194
vt -26.901459 -271.384186
vt -36.296127 -249.389557
vt 60.354141 -275.691315
vt 104.209969 -283.370422
vt 88.782822 -278.403137
vt 76.541031 -256.368561
vt 74.428841 -278.511169
vt 65.131187 -288.383148
vt 86.402351 -265.307770
vt 139.534927 -313.607849
vt 159.468475 -306.558411
vt 157.189178 -284.386932
vt 153.142487 -296.005829
vt 139.534988 411.293579
vt 119.601318 401.670410
vt 142.239792 376.590576
vt 199.335648 401.670410
vt 179.402100 411.293579
vt 176.697281 376.590576
vt 99.667648 406.004761
vt 80.069801 400.744385
vt 19.933456 411.839111
vt 23.228287 378.262451
vt 59.800560 411.839111
vt 56.505737 378.262451
vt -39.867218 411.766113
vt -41.391174 375.360474
vt -3.273209 377.971191
vt -0.000092 411.752563
vt -85.602859 384.618042
vt -71.172134 382.077148
vt -59.462082 364.617004
vt -79.734329 411.367188
vt -119.601440 411.362793
vt -139.534973 401.622314
vt -128.824829 345.229248
vt -179.402100 409.797119
vt -199.335663 400.810669
vt -401.097351 377.386963
vt -411.133240 389.264160
vt -430.175964 386.494751
vt -448.339966 386.179932
vt -435.402710 361.991699
vt -428.324707 373.290894
vt -416.914429 358.276794
vt -429.428467 343.860352
vt -401.031494 334.831787
vt -404.833618 349.358459
vt -415.392883 338.833862
vt -413.008484 319.621338
vt -386.208984 389.264160
vt -367.166260 386.494751
vt -359.629272 358.303650
vt -351.658478 387.662598
vt -358.407410 373.733398
vt -336.191650 396.347656
vt -371.399109 366.998962
vt -382.504761 347.542908
vt -329.488556 406.474487
vt -318.936981 412.270996
vt -313.352875 382.016235
vt -326.805603 385.941528
vt -279.069885 412.270996
vt -284.653961 382.016235
vt -259.136322 401.320313
vt -219.269226 403.922363
vt -239.108612 401.178711
vt -210.444641 395.049561
vt -200.381989 376.216919
vt -228.151581 395.049561
vt -243.783722 379.962646
vt -598.062378 147.107483
vt -576.860474 156.435425
vt -586.704834 191.905396
vt -598.519958 181.897644
vt -598.519958 206.684998
vt -555.682434 222.954041
vt -595.802246 225.839478
vt -583.400146 239.719299
vt -598.984131 239.150208
vt -566.687195 236.055298
vt -577.950623 224.627319
vt -456.640625 349.943542
vt -570.559143 294.599670
vt -540.559204 288.031738
vt -552.247253 306.443298
vt -556.503967 287.000305
vt -546.969360 263.365173
vt -547.835571 276.756470
vt -553.740601 247.480957
vt -510.271118 238.335876
vt -531.099854 247.214905
vt -542.365356 252.017212
vt -601.286926 358.364319
vt -509.001221 355.714172
vt -542.587219 338.175171
vt 329.056152 -294.945862
vt 344.274597 -290.405701
vt 340.805908 -262.877014
vt 346.651367 -276.123352
vt 363.357147 -260.838348
vt 331.091003 -275.076996
vt 325.153381 -260.380859
vt 297.654846 -263.489655
vt 310.939514 -257.825623
vt 309.532654 -272.937164
vt 294.657776 -279.448029
vt 290.296143 -293.490326
vt 275.348572 -299.777130
vt 305.337830 -291.560547
vt 267.031250 -309.769684
vt 239.202698 -304.589966
vt 219.269135 -312.449341
vt 199.335587 -304.301788
vt 179.394684 -305.300171
vt 599.645996 -9.913574
vt 572.613770 6.582336
vt 584.180786 -4.859680
vt 590.527832 13.124329
vt 566.366638 -11.300598
vt 569.541870 -37.212646
vt 584.875000 -35.073975
vt 579.939209 -55.721802
vt 562.910034 -24.874756
vt 576.475830 -24.411011
vt 584.471741 58.963074
vt 620.673950 57.752930
vt 616.004211 10.081726
vt 593.012085 102.109314
vt 589.746033 87.726990
vt 571.485840 76.209778
vt 585.938477 73.559631
vt 620.301575 96.763672
vt 526.510742 -295.693420
vt 511.558044 -291.918640
vt 542.618408 -284.997620
vt 558.770142 -274.339783
vt 534.667175 -274.182465
vt 369.916138 -310.706604
vt 365.654358 -295.148254
vt 467.655060 -258.733154
vt 477.977844 -242.038483
vt 384.466064 -242.619446
vt 381.787659 -259.132263
vt 587.362305 -103.037781
vt 554.575317 -82.446472
vt 564.957520 -118.407959
vt 571.121033 -198.347412
vt 573.369202 -182.967865
vt 556.416260 -179.049011
vt 542.396851 -148.841980
vt 553.494263 -162.048340
vt 519.452332 -177.847626
vt 566.127319 -151.760986
vt 537.788940 -182.921539
vt 555.866943 -137.254333
vt 536.158691 -165.349823
vt 518.306030 -217.660431
vt 533.088928 -124.398987
vt 532.440552 -202.754822
vt 542.156616 -134.939697
vt 548.773804 -120.076660
vt 525.864807 -190.343781
vt 499.586670 -195.935181
vt 511.968658 -189.581299
vt 499.194031 -173.180359
vt 511.744812 -204.386536
vt 496.476013 -213.381165
vt 537.998230 -111.593933
vt 554.464294 -101.762573
vt 512.994385 -147.163574
vt 528.030457 -142.137024
vt 524.447388 -156.421143
vt 510.191040 -162.345093
vt 488.324829 -150.457825
vt 497.210022 -160.168518
vt 487.230103 -227.711884
vt 504.771942 -228.881531
vt 525.020508 -239.531342
vt 517.112305 -229.993042
vt 580.742920 -226.819519
vt 590.650879 176.517700
vt 601.671875 186.172546
vt 598.226074 200.567261
vt 601.671875 163.398926
vt 547.882690 135.587158
vt 586.163940 136.073364
vt 579.256287 117.008179
vt 445.091095 386.797974
vt 450.750183 374.367188
vt 462.568634 379.522095
vt 470.671478 389.036621
vt 488.767883 344.562805
vt 422.931030 377.261597
vt 402.300018 343.545349
vt 438.739655 352.755920
vt 362.748901 379.804443
vt 379.475891 370.336548
vt 299.003387 409.814087
vt 279.069824 402.476074
vt 281.777130 379.975342
vt 285.604492 391.849121
vt 259.136292 411.998657
vt 239.202728 401.296143
vt 576.259705 323.563538
vt 515.456787 239.531067
vt 542.957397 231.211243
vt 553.844238 220.994019
vt 536.046021 212.938110
vt 549.212158 326.909424
vt 531.975464 321.114990
vt 559.984558 320.735596
vt 532.079102 307.165344
vt 510.107056 332.351318
vt 518.805054 322.380981
vt 543.729614 287.320984
vt 529.371704 368.015930
vt 548.950073 356.861633
vt 563.632263 344.820374
vt -576.867126 -105.342346
vt -581.257996 -88.809082
vt -551.134583 -59.008484
vt -592.894287 -93.202454
vt -574.771545 -65.240601
vt -582.416321 -75.813477
vt -589.473511 -62.660461
vt -513.351318 -125.051208
vt -571.150208 -208.065918
vt -537.741272 -192.705322
vt -554.386902 -186.049652
vt -555.457581 -200.850830
vt -561.094238 -242.487427
vt -549.093018 -249.349213
vt -558.026550 -227.310303
vt -534.737183 -217.714386
vt -547.235840 -211.910156
vt -492.837158 -240.233124
vt -601.076721 48.062622
vt -581.826416 57.491211
vt -600.193909 67.116760
vt -615.001160 96.763794
vt -600.193909 88.316284
vt -598.062378 121.227234
vt -613.380676 121.159790
vt -575.224182 109.413635
vt -585.116577 95.796631
vt -611.450439 108.779724
vt -583.380127 121.628845
vt -588.461243 109.405823
vt -566.026611 124.385071
vt -542.719421 150.119751
vt -551.007629 134.204468
vt -560.529663 149.278931
vt -552.836853 175.378845
vt -573.551941 141.774048
vt -563.645203 164.380920
vt -550.056702 161.836670
vt -567.899719 179.372009
vt -524.847046 169.467407
vt -539.112976 171.139832
vt -530.216614 185.345581
vt -576.367493 169.461487
vt -535.400146 209.261719
vt -528.449463 198.248352
vt -343.450714 -278.055756
vt -320.716797 -210.908569
vt -257.247925 -284.072205
vt -247.379883 -295.418854
vt -230.818848 -291.758972
vt -233.408600 -256.660858
vt -208.750214 -310.563080
vt -212.018982 -294.047058
vt -198.663544 -286.534790
vt -55.114792 -287.183472
vt -6.877457 -309.144379
vt 136.797455 -280.069641
vt 119.339569 -270.226837
vt 163.771332 -228.635895
vt 157.031570 376.590576
vt 146.824158 388.644409
vt 127.306557 385.868286
vt 113.646683 388.987183
vt 105.655991 374.765137
vt 124.808121 358.438232
vt 128.969559 371.887939
vt 112.435333 363.321045
vt 117.802689 377.296387
vt 172.112915 388.644409
vt 195.614105 336.784546
vt 191.630524 385.868286
vt 196.389648 361.550964
vt 206.602264 388.347656
vt 201.105225 375.098267
vt 221.798508 397.601440
vt 79.734100 412.452271
vt 37.484818 378.262451
vt 27.610947 389.950439
vt 52.123070 389.950439
vt 68.620941 347.045227
vt 79.924973 377.306030
vt 92.318878 371.259766
vt 79.299477 360.297913
vt 67.866180 369.233948
vt -33.264694 387.072021
vt -22.197189 377.971191
vt -7.811920 389.510132
vt 10.086487 345.356689
vt 9.877319 387.236694
vt -55.203552 378.023682
vt -75.774170 344.921326
vt -39.936615 352.344238
vt -118.938965 371.242310
vt -99.339111 370.623291
vt -199.335663 412.499023
vt -440.299438 350.328369
vt -398.864014 320.804382
vt -435.218445 322.257019
vt -462.268921 315.924011
vt -468.852661 328.820374
vt -346.005402 405.492676
vt -384.539612 361.602051
vt -300.410492 382.016235
vt -323.131317 356.675049
vt -323.731018 371.463745
vt -311.907013 364.536743
vt -304.424133 341.909729
vt -271.102753 352.467163
vt -268.513580 387.198242
vt -271.890076 369.987915
vt -254.781189 388.254150
vt -285.170135 360.613098
vt -256.390747 361.906372
vt -298.280060 354.846863
vt -285.800323 340.992493
vt -246.318817 368.303345
vt -259.261200 375.304810
vt -295.590698 331.736206
vt -239.202759 412.741699
vt -187.972687 384.371094
vt -218.535065 364.680908
vt -194.755829 348.536499
vt -595.921143 163.581238
vt -567.791931 210.810364
vt -552.192627 197.557129
vt -554.952026 210.116150
vt -534.994141 304.480164
vt -529.336304 316.477417
vt -530.845459 338.899170
vt -541.685059 351.619812
vt -562.622437 335.464600
vt 285.630890 -309.129181
vt 239.202698 -316.354401
vt 251.164307 -309.736572
vt 243.382141 -279.613647
vt 199.335587 -316.166901
vt 204.356171 -285.048889
vt 188.820877 -293.930237
vt 169.158081 -293.923859
vt 602.272095 8.416382
vt 596.330444 25.431458
vt 586.544128 36.144287
vt 576.961060 22.476257
vt 596.064819 -45.067383
vt 596.193848 51.386963
vt 551.801758 93.872803
vt 564.030884 57.084290
vt 498.338867 -306.032928
vt 466.831421 -238.954742
vt 396.306885 -248.699646
vt 568.023315 -86.515503
vt 555.069641 -57.517090
vt 565.669922 -70.174316
vt 550.520020 -39.161560
vt 560.866211 -46.338745
vt 506.089905 -31.668701
vt 529.109070 -30.647034
vt 541.730347 -30.086853
vt 532.468323 -53.377441
vt 544.703552 -50.344849
vt 575.728760 -124.900879
vt 574.988464 -111.526489
vt 581.621887 -203.420105
vt 559.281555 -213.661255
vt 488.857147 -184.739532
vt 468.091003 -193.190674
vt 484.942596 -199.230347
vt 545.962463 -92.055359
vt 535.499817 -74.012695
vt 497.352448 -247.633331
vt 501.187012 -265.714020
vt 511.067780 -276.608154
vt 516.996765 -261.302765
vt 524.928589 -251.861725
vt 547.768005 -237.314026
vt 566.769775 152.132935
vt 598.111694 129.671997
vt 598.531982 145.064575
vt 567.069336 132.207703
vt 500.057617 359.616150
vt 488.772308 370.047607
vt 503.387115 345.358887
vt 406.277405 357.261902
vt 431.860382 363.419800
vt 421.481262 344.346985
vt 461.304871 333.706116
vt 366.945557 390.825195
vt 346.334534 385.906372
vt 332.818848 389.217407
vt 327.020538 372.280518
vt 337.674377 356.856873
vt 343.703491 370.875122
vt 329.390350 319.578674
vt 328.813232 339.266479
vt 366.977814 367.765869
vt 374.536591 340.922729
vt 375.951080 355.806824
vt 387.953278 347.156982
vt 351.948547 339.273071
vt 348.808228 351.309448
vt 270.474670 390.028687
vt 248.466949 389.506714
vt 238.939865 369.187683
vt 233.138931 386.985352
vt 495.644501 275.203918
vt 536.347534 253.930786
vt 544.101746 200.185974
vt 547.665527 172.494019
vt 558.177429 187.922119
vt 541.999207 185.840088
vt 562.637695 173.587952
vt 569.510742 197.512390
vt 526.654480 226.933777
vt 531.859192 240.303711
vt 530.812500 340.580139
vt -542.780762 -116.875793
vt -532.789368 -235.218109
vt -506.838684 -216.044952
vt -520.303894 -224.968506
vt -502.838684 -248.991760
vt -490.181335 -252.265961
vt -451.358337 -218.624268
vt -572.310547 40.884399
vt -593.650269 57.266052
vt -340.051941 -235.478882
vt -243.660858 -268.449310
vt -231.963806 -276.241821
vt -216.810699 -264.207733
vt -200.930786 -207.257446
vt -213.314667 -234.493439
vt -219.815735 -248.791351
vt -198.411774 -249.896545
vt -238.318756 -231.751312
vt -226.267303 -237.230988
vt -205.211914 -260.136780
vt -51.426819 -298.234344
vt -42.368790 -287.183472
vt -66.394745 -294.571930
vt 124.784134 -280.973633
vt 117.072914 -229.449097
vt 142.187195 -250.106293
vt 142.249817 359.135010
vt 134.808029 326.769653
vt 154.398529 339.303406
vt 134.121048 343.965820
vt 152.338776 351.678528
vt 111.345093 339.542236
vt 124.054214 334.951843
vt 177.879745 357.726807
vt 185.475067 367.671875
vt 189.254395 349.379028
vt 173.233765 339.472778
vt 166.589066 350.882263
vt 163.964066 322.939941
vt 149.462997 325.440674
vt 189.848755 306.864868
vt 182.270981 323.540649
vt 174.336914 309.875671
vt 219.269180 410.315552
vt 86.364433 388.985840
vt 70.460136 389.084106
vt 55.485283 357.705627
vt 37.519623 336.554382
vt 53.187744 341.451538
vt 41.882233 350.109619
vt 24.916519 354.876648
vt 50.136749 323.699890
vt 23.662857 340.518616
vt 5.600449 311.300537
vt 25.754562 321.630066
vt 27.836426 366.841248
vt 9.613953 364.949768
vt 93.399918 282.711792
vt 111.453003 307.232239
vt 120.907547 319.658264
vt 135.076904 299.067444
vt 140.945007 312.976807
vt 124.607208 307.033508
vt 22.277847 303.587280
vt -5.116837 363.258728
vt 68.635376 299.898987
vt -5.521652 265.366211
vt 55.660507 308.903870
vt 75.384880 323.474182
vt 62.728493 319.971619
vt 4.590897 287.231323
vt 64.721786 333.715820
vt 10.060547 299.057678
vt -72.058395 358.446655
vt -46.557022 363.479919
vt -113.568390 385.374146
vt -132.252167 384.388184
vt -157.282166 383.966919
vt -139.186005 364.051880
vt -144.852051 389.219604
vt -130.801300 372.543335
vt -109.710144 352.850037
vt -89.865463 355.655457
vt -423.263306 328.102844
vt -437.420837 334.424866
vt -450.198181 325.303284
vt -212.756592 375.638794
vt -229.497833 375.067017
vt -191.918610 363.525146
vt -205.477570 358.328857
vt -544.109436 186.223816
vt -553.385681 342.591675
vt -573.269775 325.741455
vt -558.716248 320.495850
vt -543.988831 318.760254
vt 232.669830 -290.658936
vt 230.617905 -277.951538
vt 241.287659 -245.855316
vt 232.518311 -260.761719
vt 218.940460 -242.741272
vt 218.341537 -257.317993
vt 188.011017 -248.771118
vt 204.193130 -249.436005
vt 229.467987 -248.934570
vt 197.001312 -227.217651
vt 195.355118 -267.283295
vt 196.490234 -239.656219
vt 180.593170 -232.773254
vt 246.848602 -293.031555
vt 207.763962 -296.218597
vt 217.629227 -285.048889
vt 565.592285 89.441528
vt 563.578369 107.755310
vt 567.080017 119.730774
vt 542.138794 114.006226
vt 551.463501 106.096008
vt 574.931763 50.620117
vt 573.670532 64.342468
vt 551.260132 73.077820
vt 523.846802 28.499695
vt 549.932129 21.327759
vt 563.630249 17.581055
vt 551.981567 1.906921
vt 554.689575 -9.581238
vt 491.675140 -295.004517
vt 485.758789 -309.749908
vt 570.498535 -210.099762
vt 545.567627 -208.930298
vt 548.390869 -222.988586
vt 532.475037 -225.256012
vt 453.937592 -173.231873
vt 463.125275 -208.623840
vt 451.778473 -196.457458
vt 458.032562 -185.325714
vt 440.671356 -201.765839
vt 548.737488 -69.861145
vt 497.436432 -69.064270
vt 560.265198 -238.696930
vt 577.045959 161.135315
vt 574.966553 142.291321
vt 558.911987 142.049927
vt 550.906555 156.391968
vt 412.271179 334.840881
vt 389.718140 315.013855
vt 403.234528 322.379517
vt 387.303467 331.001282
vt 453.901886 347.826538
vt 471.509186 348.056824
vt 475.843048 362.425964
vt 487.514252 357.263184
vt 294.976929 331.038940
vt 388.594666 360.531555
vt 340.383606 329.753296
vt 358.205475 299.471252
vt 358.222534 319.866638
vt 374.502136 320.891724
vt 376.211121 302.682068
vt 365.677185 309.662720
vt 377.922607 240.992981
vt 415.631317 273.067932
vt 412.249756 298.431885
vt 411.518555 311.827332
vt 372.445190 271.709290
vt 393.807617 296.971619
vt 369.580658 287.772949
vt 399.798889 307.814148
vt 404.079163 284.435181
vt 385.508545 282.326050
vt 393.166595 259.557861
vt 385.078796 269.509521
vt 376.314423 256.552734
vt 324.734436 251.457275
vt 351.304871 246.104858
vt 365.384064 247.560059
vt 401.825836 270.591553
vt 219.235474 356.617615
vt 212.673187 368.313293
vt 257.588531 356.430054
vt 511.527924 289.137329
vt 547.372437 261.530090
vt 577.893921 187.693298
vt 525.081421 352.742737
vt -558.060852 -111.705627
vt -559.677979 -131.908630
vt -505.007080 -231.131256
vt -469.184204 -235.021271
vt -580.489624 30.223206
vt -345.125519 -251.212830
vt -324.160980 -249.288086
vt -362.353638 -236.972473
vt -357.148865 -248.217224
vt -192.118347 -261.110291
vt -191.275482 -228.080994
vt 113.045868 -250.124817
vt 93.771194 -247.269958
vt 134.270126 -264.148590
vt 153.341263 -265.647949
vt 127.617188 -251.144684
vt -157.852631 402.287720
vt -166.865936 392.837769
vt -126.007019 359.043396
vt -156.933563 342.019470
vt -109.340729 364.546936
vt -102.540619 307.084778
vt -536.502075 327.977783
vt 231.877014 -231.646973
vt 280.086914 -209.936676
vt 257.754578 -224.728088
vt 245.976593 -232.529053
vt 239.974152 -210.079132
vt 231.632385 -219.251251
vt 210.548737 -231.336243
vt 206.714539 -272.690979
vt 176.844391 -263.913971
vt 168.156631 -247.072113
vt 167.570480 -274.682037
vt 154.243393 -240.641907
vt 140.260498 -219.761444
vt 156.856369 -253.255463
vt 133.817383 -235.404114
vt 150.595062 -227.962921
vt 192.257584 -280.015686
vt 553.295898 122.591553
vt 471.058868 144.479553
vt 510.070587 156.549744
vt 526.040649 171.188660
vt 537.443604 162.059326
vt 532.345093 96.920227
vt 562.280640 68.782166
vt 543.022156 83.696899
vt 538.792358 50.026978
vt 532.704102 9.691162
vt 517.166626 -66.165710
vt 313.400330 328.962341
vt 315.291748 342.812561
vt 302.427612 314.377625
vt 318.806274 301.958496
vt 316.241394 315.488098
vt 343.906738 309.680908
vt 331.134186 306.542297
vt 334.648956 278.219666
vt 329.538239 291.964844
vt 311.824738 277.555908
vt 345.362335 290.025818
vt 353.080841 272.257813
vt 357.102600 258.847961
vt 339.604370 260.908081
vt 363.805542 332.388977
vt 251.913818 368.143738
vt 243.804657 356.290100
vt 264.825256 326.863403
vt 279.897491 309.390320
vt 292.236267 307.033569
vt 271.016968 366.832092
vt 276.822479 345.468811
vt 296.809998 355.044556
vt 269.482300 354.944519
vt 286.012634 365.531555
vt 304.578186 373.844604
vt 315.453674 368.102417
vt 520.709961 297.192078
vt 484.586487 309.359680
vt 517.128113 266.733459
vt -570.986511 -138.102051
vt -534.303589 -143.417053
vt -465.319641 -249.931427
vt -328.306183 -261.077576
vt -302.909058 -255.100403
vt -321.503662 -230.182251
vt -352.898651 -210.903503
vt -385.637207 -225.747192
vt -200.602356 -237.104980
vt 110.756729 -261.877777
vt 105.017982 -237.831177
vt 99.950897 -217.684174
vt 75.999084 -234.478455
vt 148.213409 -276.465485
vt -143.537964 349.393250
vt -111.338074 329.150818
vt -93.320160 336.503967
vt 520.761902 131.250732
vt 477.997467 90.153564
vt 549.914917 58.908203
vt 536.660767 64.101746
vt 554.605164 41.628906
vt 500.690460 56.941284
vt 519.901245 54.364868
vt 540.514709 34.183899
vt 561.587219 30.531799
vt 535.238770 22.374573
vt 544.413452 10.926819
vt 502.559204 6.985107
vt 528.740295 -64.465454
vt 514.874817 -47.874756
vt 526.151367 -42.697571
vt 494.176300 -48.610840
vt 505.930786 -58.284485
vt 510.668488 -90.533752
vt 516.817505 -110.817139
vt 515.290833 -129.030823
vt 483.918396 -117.230347
vt 498.972443 -136.175964
vt 501.276672 -118.685303
vt 500.735840 -148.366486
vt 481.724670 -134.427185
vt 503.493744 -103.782532
vt 417.002747 -117.432556
vt 464.011261 -151.094208
vt 476.046692 -146.138977
vt 311.205505 290.933044
vt 357.066895 284.549866
vt 255.298096 340.200439
vt 279.694031 330.446411
vt 290.059387 343.487244
vt 501.396606 303.697449
vt 497.689301 320.475281
vt 496.685303 333.799316
vt 479.007385 329.089417
vt 487.957428 291.583130
vt 499.389313 286.954895
vt 449.975220 293.588562
vt 432.599091 306.613342
vt 469.211884 297.236328
vt 466.047180 315.642212
vt 446.858307 320.258972
vt 441.754730 336.246582
vt 457.822327 304.753052
vt 433.037018 324.655334
vt 445.349335 307.562805
vt 508.565155 276.494873
vt 524.022156 280.358582
vt 531.767578 267.882874
vt -544.435425 -132.028687
vt -550.776855 -147.871643
vt -528.919067 -128.425476
vt -315.115540 -257.973175
vt -304.849091 -268.778259
vt -277.808258 -253.763123
vt -273.564362 -267.827271
vt -334.441345 -220.001160
vt -310.593079 -241.437469
vt -291.154327 -239.497345
vt -351.886292 -226.019775
vt -368.710632 -219.554504
vt -365.862549 -205.984283
vt -346.237091 -138.221313
vt -359.395630 -171.133789
vt -366.104492 -187.914154
vt -380.418640 -213.781891
vt -416.825806 -202.472168
vt -399.945313 -212.386200
vt -340.424011 -188.450043
vt -399.218994 -168.178162
vt -353.163574 -183.356689
vt -355.095093 -197.149963
vt -335.287933 -203.818909
vt -385.041077 -182.038330
vt -372.652527 -175.564911
vt -375.265076 -145.702454
vt -370.379028 -160.320496
vt -353.672028 -154.335449
vt -386.605591 -157.618622
vt -339.605530 -168.502533
vt -360.945557 -141.207214
vt -360.537659 -105.496887
vt -374.465271 -123.195251
vt -376.686646 -236.942017
vt 120.775864 -205.718353
vt 81.707672 -245.288879
vt 91.149330 -230.608521
vt 34.863052 -216.245819
vt 56.606400 -245.910309
vt -116.218292 341.391541
vt -98.816620 347.382813
vt -97.811249 321.757019
vt -77.440018 307.092346
vt -80.370590 324.502930
vt -89.991547 311.138123
vt -69.924454 317.309326
vt -40.551956 287.830322
vt -57.510941 300.305298
vt 535.287109 127.384705
vt 532.821899 144.942383
vt 523.715454 113.127930
vt 524.338623 156.415344
vt 517.092773 144.608704
vt 494.091034 139.117310
vt 505.251160 92.895508
vt 502.652130 118.997192
vt 518.082214 99.727295
vt 506.406494 106.190796
vt 486.967163 107.445374
vt 517.925171 84.557129
vt 502.539734 74.973083
vt 518.270081 69.418884
vt 514.541504 120.934875
vt 492.210083 85.702148
vt 478.218994 65.946045
vt 489.519928 72.775085
vt 508.106995 39.332214
vt 527.056702 42.222839
vt 517.136841 13.850037
vt 503.717529 23.435730
vt 519.205322 -9.452576
vt 536.953674 -7.788086
vt 484.376007 16.531494
vt 513.897095 1.819336
vt 528.941711 -17.814087
vt 537.692322 -41.026672
vt 480.295044 -26.189819
vt 521.887817 -80.475159
vt 508.632355 -76.976318
vt 521.391846 -98.356628
vt 441.711761 -67.459778
vt 428.393219 287.676758
vt 465.245667 265.605957
vt 478.338959 277.075562
vt 462.435516 282.022217
vt 442.988434 270.244568
vt 455.029999 272.305847
vt -290.032654 -260.551025
vt -271.256927 -234.258423
vt -302.178864 -221.318298
vt -421.097107 -229.072876
vt -404.091064 -187.343536
vt -307.908539 -179.793671
vt -322.347961 -190.951904
vt -323.771301 -174.188141
vt -300.985779 -134.955994
vt -323.721283 -149.157135
vt -338.748047 -151.448975
vt -328.212036 -161.663727
vt -356.323792 -123.142273
vt -325.292114 -113.297668
vt -343.199280 -110.682190
vt -336.203033 -125.391052
vt -324.320190 -44.034546
vt -332.514435 -138.614502
vt -317.001984 -134.614563
vt -341.981354 -75.029480
vt -347.264832 -92.696106
vt -324.094635 -90.002136
vt -362.981689 -78.372375
vt -336.259338 -86.364075
vt -332.675507 -101.239563
vt -351.677277 -81.753113
vt -360.884460 -91.855774
vt -383.353821 -101.871155
vt -422.499451 -127.556335
vt -407.234802 -145.790100
vt -399.100403 -155.506683
vt 113.233109 -216.695648
vt 57.718002 -220.202423
vt 55.227074 -261.210205
vt 35.125015 -238.854706
vt -70.264526 332.954468
vt -54.852097 342.260742
vt -83.183990 257.573486
vt -33.671249 314.949036
vt -38.024185 333.442200
vt -46.028000 321.799377
vt -12.496216 329.692139
vt -13.138107 347.427673
vt -26.002670 326.513000
vt -26.220963 351.610535
vt -2.189941 338.944519
vt 1.072495 324.944214
vt 14.304443 329.922180
vt 486.779388 124.124756
vt 481.248566 136.101257
vt 452.266388 114.473267
vt 468.502045 122.949463
vt 467.588318 104.912354
vt 439.018219 76.184692
vt 476.319244 113.511780
vt 457.280975 86.592651
vt 454.140533 100.419067
vt 488.264801 1.848450
vt 482.935913 -11.788635
vt 494.790558 -21.405273
vt 502.464874 -8.247192
vt 491.218689 -34.934326
vt 510.100128 -19.056702
vt 484.771271 39.870117
vt 496.310822 34.035217
vt 469.725739 -62.994568
vt 475.841766 -45.417725
vt 452.856903 -47.272461
vt 464.758331 -51.413635
vt 455.259186 -62.343933
vt 459.810822 -94.892761
vt 461.801971 -78.021667
vt 456.643005 -122.489258
vt 464.696991 -135.666138
vt 470.857422 -122.850952
vt 471.528381 -106.424438
vt 445.495789 -84.650208
vt 480.856873 -78.466675
vt 493.595184 -89.854980
vt 457.811523 -108.643311
vt 437.594849 -113.909424
vt 410.807495 -83.274231
vt 474.355560 -91.832581
vt 485.846191 -102.513855
vt 428.331940 -79.416687
vt 423.375702 -98.635742
vt 434.130829 -91.160706
vt 445.971771 -99.901245
vt 424.007019 298.586304
vt 437.847595 295.512268
vt 429.531494 273.803772
vt 423.846405 249.538757
vt 433.123047 260.163757
vt 408.996643 256.049133
vt 397.277588 240.641235
vt -279.792755 -242.243958
vt -257.312408 -249.794769
vt -246.139832 -255.941010
vt -314.097290 -220.831726
vt -301.580292 -233.387695
vt -284.803406 -223.213501
vt -271.818695 -221.117676
vt -274.391296 -186.943085
vt -281.140594 -204.635284
vt -264.144562 -200.985535
vt -292.592834 -190.132965
vt -231.319366 -166.273346
vt -297.417511 -205.715912
vt -250.943176 -180.592773
vt -307.813080 -194.839081
vt -261.450653 -188.260071
vt -403.112976 -230.120117
vt -391.804199 -240.908203
vt -406.500305 -244.992249
vt -392.507996 -253.936951
vt -413.774780 -216.605347
vt -432.797485 -213.315948
vt -404.150269 -200.217834
vt -357.415466 -45.705750
vt -372.957703 -110.052307
vt -391.282532 -133.865479
vt -440.955261 -169.236847
vt 70.680359 -222.446411
vt 43.840797 -248.547546
vt 49.044189 -232.705353
vt -1.371521 -227.971619
vt 11.433746 -255.498932
vt -63.282272 274.694641
vt -42.617813 302.786743
vt 457.177460 65.547607
vt 469.427338 77.970398
vt 484.771088 -60.596497
vt 463.221252 -32.365112
vt 466.857788 -16.116638
vt 409.575043 16.955078
vt 440.314392 4.053040
vt 456.186951 -2.609009
vt 435.681183 -24.274414
vt 458.284973 24.629028
vt 448.102600 -32.910400
vt 449.849152 -17.147278
vt 437.382111 -10.010010
vt 420.860046 0.772217
vt 412.503906 -49.246277
vt 432.570862 -46.019897
vt 452.714935 11.358215
vt 416.300049 -66.491821
vt 423.848816 -55.789612
vt 429.268402 -67.000122
vt 432.413574 -145.565887
vt 449.196320 -142.706451
vt 438.447754 -130.301270
vt 443.378510 -159.240997
vt 422.379974 -132.774536
vt 416.614502 -169.467316
vt 437.961700 -174.309113
vt 455.905640 -160.766602
vt 428.353699 -160.054657
vt 410.401306 -149.691711
vt 425.206970 -181.063873
vt 388.443420 -199.322235
vt 405.194824 -186.910278
vt 426.349548 -110.122742
vt 387.739227 248.473389
vt 386.144623 160.721985
vt -254.806488 -233.519531
vt -245.472809 -242.797455
vt -438.195129 -229.546570
vt -452.561707 -238.668762
vt -429.243713 -243.833069
vt -429.340149 -255.857452
vt -391.299377 -194.592957
vt -373.979370 -59.690918
vt -354.665375 -62.981934
vt -337.156891 -57.249268
vt -323.075745 -70.614685
vt -341.083832 -40.592590
vt -323.851654 -57.331787
vt -241.005066 -59.156555
vt -282.229340 -49.208374
vt -303.685669 -49.964355
vt -304.514923 94.966492
vt -375.742432 41.469055
vt -362.372681 -1.234070
vt -355.562134 -22.987061
vt -351.888153 -34.721741
vt -379.216858 -134.294250
vt -390.071716 -117.185974
vt -414.256531 -97.446350
vt -405.623718 -124.440674
vt -399.420227 -103.954346
vt -412.462463 -134.660095
vt -430.196655 -149.074402
vt -416.456360 -113.027405
vt -467.530701 -97.870605
vt -443.440552 -110.325012
vt -430.358093 -115.766479
vt -444.987549 -132.491760
vt -392.972961 -90.681641
vt -448.523682 -193.431976
vt -424.768738 -182.862000
vt 18.568283 -227.740570
vt 26.809021 -252.200897
vt 16.585327 -242.026947
vt -54.791809 286.236938
vt -72.150116 290.111694
vt -80.769852 274.894775
vt -91.557938 291.055542
vt 451.163635 76.099976
vt 468.005554 49.518494
vt 469.288086 13.999390
vt 474.632904 28.369141
vt 464.127380 36.690186
vt 432.599518 44.408081
vt 447.560608 37.269470
vt 438.137054 21.926636
vt 446.134949 53.528625
vt 429.013245 11.745789
vt 456.095978 46.209961
vt 431.092102 61.249146
vt 398.264465 49.822754
vt 416.110870 51.420166
vt 404.061920 85.542542
vt 425.886230 103.803406
vt 440.448669 105.745300
vt 434.978241 91.195129
vt 419.316315 89.483398
vt 415.836487 71.459229
vt 408.586426 34.994812
vt 426.419952 78.763916
vt 397.684937 68.247192
vt 422.589844 26.715271
vt 408.268188 61.334167
vt 322.439148 105.814453
vt 420.749115 39.434570
vt 345.256958 57.376709
vt 372.420715 58.231201
vt 386.858215 58.685303
vt 376.003662 86.064636
vt 379.229187 71.502075
vt 389.953003 81.515808
vt 358.078339 74.455811
vt 377.207520 -17.642395
vt 420.209839 -33.156677
vt 420.758209 -16.196533
vt 396.447784 -31.666260
vt 398.672791 -7.579285
vt 408.837585 -24.300049
vt 408.027710 -37.212341
vt 411.366882 -7.655457
vt 442.224457 -54.572632
vt 408.635345 -216.487823
vt 423.126556 -219.737335
vt 419.820557 -200.543854
vt 413.261688 -229.793152
vt 395.445129 -228.531128
vt 393.798035 -213.482330
vt 403.835388 -202.057312
vt 372.951599 -213.272858
vt 379.677979 -227.565918
vt 375.036499 -163.718018
vt 386.882996 201.354187
vt -449.893738 -253.578918
vt -389.701843 -206.366425
vt -373.737549 -72.126404
vt -291.067596 -82.017273
vt -383.019592 -32.182068
vt -367.478943 -33.758972
vt -373.541870 -16.143860
vt -376.498169 -45.278809
vt -395.401123 11.869690
vt -380.666626 0.831848
vt -369.231262 20.063110
vt -403.383789 -14.139893
vt -370.608582 7.866577
vt -388.656860 -18.031250
vt -394.716675 -2.570129
vt -449.725464 -151.605469
vt -432.398865 -136.150940
vt -463.730896 -120.046326
vt -444.754333 -206.611725
vt -433.086975 -196.146027
vt -415.614319 -190.567810
vt -412.254639 -175.066284
vt -438.859070 -183.173859
vt 30.671104 -227.600342
vt -153.471588 260.411499
vt 481.051117 52.796509
vt 358.750916 60.598755
vt 352.002289 103.481689
vt 331.963928 80.708008
vt 416.724731 -189.203125
vt 334.370514 -204.729370
vt 386.811890 -179.610291
vt 387.263123 222.272278
vt -292.447845 -64.050537
vt -308.235931 -65.120361
vt -304.172638 29.261658
vt -385.692139 26.749329
vt -382.344543 13.957642
vt -427.772949 65.916321
vt -416.265259 36.090942
vt -402.329895 26.998047
vt -397.452820 49.697449
vt -404.247742 39.283752
vt -388.860229 39.613403
vt -439.059387 -157.296844
vt -425.275452 -165.605988
vt -412.004639 -161.031342
vt -450.825439 -120.946960
vt -457.256714 -107.523560
vt -489.499329 -113.048340
vt -462.366272 -138.328003
vt -480.399414 -130.482239
vt -486.101563 -173.581146
vt -470.340515 -158.575897
vt -461.651611 -150.303650
vt -124.691223 280.130859
vt -103.713928 269.263672
vt -91.120102 267.508423
vt 489.584564 60.963440
vt 360.641785 90.141296
vt 344.974609 89.462646
vt 337.028870 102.216797
vt 343.666260 71.922974
vt 352.492859 -214.276581
vt 393.739807 -188.960358
vt 400.676422 -171.492523
vt 387.477478 234.069763
vt 360.177368 220.448669
vt 365.954102 233.394897
vt 414.923035 211.307129
vt -339.004883 40.950500
vt -303.470428 -10.348511
vt -327.826630 -18.568848
vt -330.568085 -31.920593
vt -310.548065 -29.263306
vt -341.381348 -22.743042
vt -340.647888 -1.029663
vt -474.989685 -110.562073
vt -496.915649 -128.011292
vt -509.470581 -150.612793
vt -518.497437 -138.907837
vt -505.359192 -138.108826
vt -489.051758 -150.398773
vt -489.990112 -138.153442
vt -465.284302 -179.666901
vt -451.613220 -177.966003
vt -109.708344 290.396606
vt -133.335907 308.814392
vt -112.375946 278.223328
vt -124.451477 295.847534
vt -117.828003 309.912781
vt 363.018890 -219.821899
vt 361.500549 -188.873291
vt 333.727600 -227.923126
vt 374.347473 212.044495
vt 374.917419 224.593567
vt 344.705353 178.213745
vt 338.713989 140.432739
vt 334.043823 121.493530
vt 365.949036 189.501648
vt 374.256165 199.242676
vt 404.306213 224.895020
vt 397.625488 211.621460
vt 421.401245 227.310486
vt 428.821411 237.742859
vt -357.456543 35.337952
vt -314.831696 -16.878845
vt -319.522614 4.430420
vt -312.382080 -41.359253
vt -293.468323 -35.089355
vt -251.785767 -13.442017
vt -298.832245 -22.865662
vt -275.000000 -19.696533
vt -278.282410 -34.533813
vt -259.963348 -47.329041
vt -268.208893 -71.224854
vt -278.808380 -62.502319
vt -351.429199 -9.750427
vt -351.652374 13.971252
vt -333.682220 15.617065
vt -318.139618 20.735596
vt -343.760040 26.725525
vt -329.514282 29.870728
vt -499.125427 -163.459656
vt -522.979431 -172.079803
vt -512.534424 -163.668732
vt -526.570007 -156.930023
vt -539.422913 -167.976563
vt -505.014709 -184.477661
vt -539.998657 -155.043243
vt -542.559021 -180.611389
vt -482.703918 -161.369873
vt -475.486633 -144.854980
vt -473.928223 -170.587585
vt -470.959106 -203.663177
vt -456.905884 -164.339111
vt 362.214478 -203.425079
vt 374.415344 -195.533112
vt 347.953064 -196.831329
vt 342.988098 -172.868744
vt 333.357910 -187.359741
vt 349.531799 -184.008545
vt 361.188293 -172.485809
vt 330.175842 -174.799622
vt 306.299988 -197.651459
vt 372.772888 -180.461761
vt 321.450287 -196.768250
vt 313.057922 -183.191406
vt 315.045654 -217.288666
vt 339.753723 -216.484375
vt 348.626984 -228.685913
vt 340.333862 -244.778961
vt 329.352295 -239.360413
vt 351.330261 -253.547333
vt 363.962341 -246.275055
vt 352.445068 -240.836823
vt 356.561890 125.986267
vt 412.418152 239.547241
vt -368.782410 31.892883
vt -328.245178 -5.419006
vt -300.003357 9.524292
vt -238.795532 -34.507019
vt -255.991333 -62.070129
vt -521.307495 -188.871735
vt -526.434937 -204.032166
vt -509.553406 -200.051758
vt -490.555359 -205.053986
vt -489.287415 -222.799805
vt -481.948242 -233.372223
vt -480.127808 -213.227142
vt -462.246460 -193.054474
vt -479.316101 -189.017700
vt -491.918030 -185.347534
vt 297.637146 -213.275665
vt 283.766815 -238.387543
vt 298.351135 -246.711517
vt 263.262817 -245.836334
vt 286.587952 -223.559235
vt 272.089050 -222.115967
vt 302.791199 -229.891144
vt 317.085754 -231.531677
vt 344.248901 129.022522
vt -308.125458 0.702454
vt -285.375275 -3.266602
vt -246.135864 -46.272827
vt -498.246155 -195.685455
vt 252.289307 -262.116882
vt 279.062622 -257.383087
vt 283.645996 -270.687317
vt 267.290283 -268.880341
vt 259.131775 -282.701508
vt 271.009888 -235.216675
vt -287.597046 -16.160522
vt -267.006287 -3.157715
vt -200.836029 78.367371
vt -230.341797 34.699646
vt -245.323944 12.526428
vt -253.299500 0.722839
vt 252.279068 -250.271484
vt 241.962662 -267.875427
vt 275.038574 -246.306274
vt -275.082397 25.097534
vt -264.160339 12.937561
vt -279.098450 10.505249
vt -290.388367 21.864380
vt 384.933594 -289.279755
vt 22.104141 -278.726532
vt 27.067825 -265.926880
vt 38.638382 -276.775757
vt 12.550629 -288.490082
vt 26.823303 -290.991302
vt 9.026642 -270.669434
vt -2.050354 -261.135620
vt -1.056259 -244.567017
vt -20.092621 -236.627960
vt -22.439346 -250.315979
vt -10.436646 -252.318329
vt -19.798401 -212.691986
vt -33.076889 -236.809387
vt -26.344391 -224.581329
vt 8.703232 -196.459106
vt 8.434814 -213.740021
vt 22.566360 -205.316986
vt -5.372467 -204.883026
vt 40.905235 -161.338196
vt -16.825516 -169.774261
vt -8.014420 -217.231781
vt 27.881912 -181.720551
vt -22.234970 -190.961395
vt 20.957535 -192.557617
vt 40.915489 -197.053528
vt -5.051819 -184.064453
vt -10.884537 -194.386353
vt 7.684143 -161.575989
vt -2.997955 -170.376984
vt 11.419388 -178.832489
vt -9.165344 -152.952087
vt 3.277161 -149.414063
vt 24.203461 -148.710663
vt -98.364899 -91.377625
vt -64.601959 -137.863586
vt -38.113251 -149.925507
vt -24.146057 -156.285614
vt -22.340469 -133.803955
vt -11.916748 -140.738525
vt -39.772079 -203.929657
vt 47.755623 -209.761108
vt 65.650497 -191.934082
vt 54.046028 -198.180450
vt 50.947281 -178.521057
vt 23.968185 -165.446777
vt 134.072464 -20.751892
vt -41.395203 -174.785309
vt -29.949371 -168.166016
vt -44.205627 -128.188354
vt 1.601379 -43.203064
vt -27.247162 -202.525299
vt -89.126129 -214.620453
vt 65.740417 -207.547638
vt 38.595245 -174.214050
vt 83.117073 -88.147827
vt -37.126816 -189.164948
vt -68.611801 -190.687500
vt -52.672348 -193.999115
vt -65.215683 -214.357025
vt -62.629150 -201.907501
vt -78.359894 -203.090332
vt -120.152557 -160.210907
vt -105.921112 -188.146606
vt -94.082764 -199.200653
vt -86.577209 -179.296387
vt -115.888092 -210.686920
vt -106.983551 -201.150574
vt -50.324448 -141.625671
vt -63.585251 -162.978577
vt -51.118469 -155.926666
vt -57.734863 -178.350250
vt -72.278625 -175.086395
vt -34.892151 -137.300354
vt -67.836411 -104.708740
vt -21.597687 -85.536377
vt 57.441513 -122.107544
vt -50.179749 -214.790039
vt -102.963104 -169.046844
vt -84.659668 -157.022003
vt -60.248993 -120.703735
vt -27.772995 -109.580872
vt -47.528366 -104.872498
vt -48.724442 -116.937622
vt 44.197037 -139.625244
vt 86.731613 -154.059906
vt -117.683594 -176.545990
vt -165.393860 -175.403015
vt -141.438293 -171.782257
vt -128.697083 -169.856506
vt -90.733856 -167.718842
vt -71.499680 -150.720917
vt -103.307892 -148.579437
vt -86.381012 -134.458435
vt -73.958786 -126.357971
vt -91.697601 -112.730164
vt -31.239716 -123.079102
vt -8.770798 -118.039978
vt -34.731506 -94.978516
vt -63.594177 -40.975342
vt -45.564835 -66.053955
vt -36.224258 -79.046570
vt -18.815170 -59.537903
vt -57.834045 -84.728271
vt -24.384552 -72.089966
vt -47.243347 -92.018372
vt 36.663727 -149.589172
vt 23.223740 -120.012756
vt 66.788651 -142.940216
vt 71.724312 -170.510773
vt -108.615814 -158.905457
vt -90.975708 -146.156403
vt -78.167511 -113.477417
vt -82.856110 -97.483154
vt -70.445480 -90.908752
vt -75.425995 -64.788635
vt -69.359818 -77.166870
vt -60.483551 -65.141357
vt -86.894058 -78.084351
vt -52.179550 -51.789307
vt -67.690903 -53.785889
vt -34.731094 -52.364197
vt -155.450928 -30.522156
vt -33.633194 -64.364685
vt -18.906342 -38.497437
vt -123.688568 -57.929993
vt -96.746384 -41.579834
vt -83.551620 -50.855896
vt -107.447845 -71.944153
vt -98.462250 -58.043091
vt -111.032501 -48.411926
vt -121.031677 -9.150818
vt -131.297302 -34.639282
vt -123.516388 -44.985535
vt -88.120407 -65.432861
vt -139.949890 -116.079651
vt -106.278778 -127.812561
vt -12.437485 -100.704224
vt 8.065216 -105.423340
vt 7.033249 -122.159973
vt 15.734863 -135.359985
vt 30.620781 -133.122986
vt 40.463165 -118.927856
vt 54.122299 -92.912048
vt 51.292870 -108.020142
vt 72.787491 -107.024048
vt 30.306854 -96.270874
vt 38.537674 -106.186096
vt 56.401932 -135.087219
vt 53.890793 -152.200897
vt 67.179901 -157.097229
vt 56.423553 -165.808838
vt 63.336525 -179.705383
vt 93.694145 -188.312195
vt -10.518234 -48.981567
vt 1.868988 5.004089
vt -41.888077 -28.233643
vt -50.441010 -38.522827
vt -125.886017 -92.401245
vt -94.235825 -124.865784
vt -121.286713 -140.555542
vt 68.971558 -92.671448
vt 76.445625 -126.094055
vt 21.547211 -106.585022
vt 78.896599 -184.116882
vt 78.475258 -198.534180
vt 90.577156 -171.112000
vt 93.054939 -203.800751
vt 107.477173 -196.638489
vt 151.522858 -148.408051
vt 119.510483 -155.627380
vt 102.904495 -159.372314
vt 128.267090 -180.467651
vt 105.109833 -130.461304
vt 114.344894 -171.411896
vt 120.468018 -191.890442
vt 141.529770 -197.896790
vt 158.154419 -209.283966
vt 98.823715 -144.521423
vt 113.221138 -142.523071
vt 90.177032 -132.220337
vt 133.047531 -141.068909
vt 95.151749 -110.187988
vt 102.377823 -177.856049
vt 181.756149 -209.200043
vt 174.651535 -220.664856
vt -3.654800 -19.069580
vt -32.758392 -38.652466
vt -111.898346 -107.790222
vt -112.341858 -86.070923
vt -125.718018 -75.106262
vt -155.650452 -62.861633
vt -141.084534 -51.225220
vt -146.643433 -83.551331
vt -140.055756 -67.447632
vt -156.642487 -46.685120
vt -134.428711 -83.669983
vt -196.976349 -35.586182
vt -175.713684 -37.153748
vt -109.771576 -138.908142
vt -123.422607 -122.830750
vt -138.718567 -151.421814
vt 68.270248 -117.776428
vt 133.640320 -208.407959
vt 153.984787 -174.658478
vt 146.048859 -209.128296
vt 80.452568 -141.877747
vt 136.920609 -158.243164
vt 127.004425 -167.179047
vt 140.015503 -172.647034
vt 145.366776 -184.996399
vt 149.928360 -161.798248
vt 167.525253 -81.199707
vt 84.984268 -101.434021
vt 83.073990 -114.936707
vt 130.629181 -105.344116
vt -6.707458 -32.373535
vt -103.240753 -116.160095
vt -100.184692 -103.663025
vt -127.193085 -107.640808
vt -141.749878 -99.497192
vt -177.775177 -101.829041
vt -159.172577 -109.777344
vt -144.320862 -38.134827
vt -181.589478 15.071838
vt -188.673248 -67.950684
vt -127.036041 -150.747711
vt -137.667450 -133.692688
vt -168.902313 -140.736572
vt -152.268219 -141.722778
vt -159.718750 -126.614197
vt -161.550079 -157.503265
vt -180.083008 -123.418823
vt -147.357941 -125.994080
vt -154.194031 -168.445465
vt 113.695435 -113.661804
vt 128.988144 -123.399475
vt 110.701118 -86.169495
vt 97.322708 -92.925720
vt 109.401688 -100.220276
vt 122.575294 -134.173767
vt 161.004608 -117.207153
vt 144.100388 -115.670776
vt 151.204514 -131.270142
vt 154.283310 -97.395874
vt 139.011185 -130.397827
vt 143.039246 -103.105042
vt 136.487152 -76.273804
vt 134.445984 -90.987854
vt 123.903091 -82.026733
vt 116.561127 -49.326904
vt 112.094818 -67.503845
vt 95.492737 -74.859558
vt 127.933258 -61.758362
vt 155.750549 -55.143860
vt 136.900436 -42.138062
vt 142.861557 -62.739258
vt 152.511566 -75.552551
vt -169.067932 -81.008179
vt -184.526428 -11.701904
vt -187.377228 -50.370850
vt -213.819763 -57.030518
vt -172.953064 -60.271973
vt -201.735840 -49.184875
vt -217.907776 -35.892517
vt -177.069580 -71.775269
vt -188.369873 -86.545166
vt -176.950012 -89.942993
vt -207.791565 -77.562317
vt -201.296326 -106.819702
vt -195.913757 -77.368530
vt -190.582123 -99.392700
vt -203.644043 -91.991211
vt -238.759583 -94.274536
vt -220.607239 -102.276978
vt -245.300293 -77.061951
vt -261.584442 -93.098877
vt -226.579071 -79.796997
vt -249.913300 -88.663879
vt -226.876740 -91.909302
vt -218.278351 -69.490417
vt -234.727234 -70.130371
vt -185.168640 -138.970337
vt -205.340820 -157.529114
vt -198.156525 -145.095673
vt -183.442871 -161.889923
vt -173.857361 -152.904724
vt -171.717529 -113.394836
vt 175.510651 -101.239929
vt 122.297333 -33.189026
vt 74.206650 24.134644
vt 73.801361 -25.039612
vt 60.985039 -58.112732
vt 61.278862 -76.247009
vt 97.328766 -33.402405
vt 78.208000 -71.168884
vt 33.744827 -67.623596
vt 6.805756 -69.717407
vt 0.803131 -57.127686
vt -8.742615 -71.518738
vt 19.293411 -56.037598
vt 0.996475 -87.578308
vt 109.851997 -37.853760
vt 96.235870 -54.123230
vt 45.229149 -79.223816
vt 40.788414 -44.032288
vt 18.209000 -83.301514
vt 107.586365 -56.758911
vt 88.724800 -64.235535
vt 48.080101 -64.916443
vt 41.739639 -91.223938
vt 32.477852 -54.398193
vt 31.699554 -81.133362
vt 20.371475 -69.907898
vt 160.469299 -28.141418
vt 146.681702 -87.018921
vt -159.148926 -93.682800
vt -157.121643 -75.807495
vt -185.604614 -26.326843
vt -169.379425 -20.170776
vt -147.380951 -5.116760
vt -168.022736 0.035706
vt -155.788940 -16.430359
vt -139.336273 -19.876465
vt -125.764374 -22.056213
vt -110.633514 -30.893738
vt -134.268860 -7.542297
vt -117.632477 74.093079
vt -133.224335 34.757690
vt -137.121368 13.691040
vt -80.804474 -6.495911
vt -92.870926 -22.176941
vt -169.271179 -48.108337
vt -207.748779 -14.783997
vt -229.186920 -47.792114
vt -226.875854 -60.221497
vt -202.241547 -64.781982
vt -193.110046 -118.212463
vt -244.207489 -131.221313
vt -214.579315 -119.968994
vt -219.451111 -141.083496
vt -232.907990 -116.340942
vt -211.511963 -131.796021
vt -229.608215 -130.577026
vt -232.379639 -104.391785
vt -251.159088 -109.547668
vt -244.412384 -119.335388
vt -198.833160 -182.011719
vt 165.962601 -93.433472
vt 248.962646 -60.360596
vt 80.697739 -42.914429
vt 21.386978 -34.540405
vt 7.708267 -28.679077
vt 24.483017 -8.423340
vt 10.468994 -13.891541
vt 21.435181 -21.304077
vt 145.689453 -30.095764
vt 154.655640 -41.039001
vt -181.499969 1.514099
vt -203.801971 8.145996
vt -105.659668 18.764832
vt -158.913422 28.616028
vt -154.350159 10.887085
vt -167.353394 16.991943
vt -79.610031 -33.721436
vt -63.461090 -19.373962
vt -79.383331 -20.072510
vt -68.339539 -30.145020
vt -101.218567 -3.270386
vt -207.557159 -27.875122
vt -227.237549 -18.403442
vt -235.679169 -2.586731
vt -224.939484 14.901123
vt -220.289764 -156.079163
vt -214.644379 -173.251038
vt -236.412079 -147.656250
vt -230.572815 -187.902679
vt -268.896790 -152.998199
vt -266.216064 -170.849243
vt -225.975586 -176.916443
vt -243.672638 -203.902863
vt -213.723083 -190.236694
vt -253.422211 -145.658295
vt -289.238068 -165.179657
vt -201.658661 -194.486938
vt -175.906281 -199.425110
vt -272.051666 -126.364502
vt -250.466492 -163.003754
vt -294.951599 -177.113678
vt -279.283539 -174.334656
vt -265.987305 -139.149841
vt -283.812592 -139.773865
vt -296.067108 -150.439087
vt -310.413269 -160.995209
vt -309.754608 -146.786774
vt -196.077271 -168.172974
vt -182.079529 -178.879242
vt -171.691437 -186.958344
vt -153.481750 -200.060669
vt -151.501068 -184.200439
vt -131.676361 -194.730011
vt -138.796875 -184.208832
vt -119.204315 -189.851532
vt 209.592072 -76.048523
vt 84.927467 -31.014771
vt 97.331787 0.013367
vt 86.982101 -13.842590
vt 113.941216 -13.484924
vt 77.433777 4.082825
vt 100.454346 -13.112366
vt 62.484024 -39.673767
vt 48.893303 -17.470154
vt 36.363579 -27.976685
vt 52.906380 -48.175537
vt 59.908684 -25.988892
vt 65.743423 -9.246765
vt 35.996132 -14.813965
vt 44.855247 14.712341
vt 37.198128 0.917603
vt 53.308861 0.997437
vt 21.357864 18.732666
vt 24.189545 5.300720
vt 48.663086 -33.224548
vt 60.905243 15.142456
vt 75.613655 -56.703369
vt 14.034973 -44.674927
vt -122.295959 21.842285
vt -123.390503 6.275330
vt -144.706390 25.987915
vt -48.592484 18.767700
vt -108.120514 -16.334106
vt -91.890793 -10.448059
vt -88.541443 10.749756
vt -67.571548 9.799133
vt -78.959534 53.502197
vt -78.296158 4.987732
vt -88.472687 33.184326
vt -93.717346 21.983032
vt -110.535492 42.874695
vt -120.358337 34.563049
vt -228.009979 -30.048584
vt -240.547882 -21.049805
vt -236.152679 22.477722
vt -254.610901 38.746033
vt -261.253967 26.533142
vt -218.420624 -1.143921
vt -208.454681 30.035522
vt -243.165131 -190.955658
vt -244.532867 -218.507111
vt -222.841461 -212.457336
vt -223.549225 -199.185699
vt -268.702698 -109.138672
vt -279.095734 -94.927002
vt -271.372559 -84.123047
vt -302.127411 -104.279602
vt -292.382385 -95.242493
vt -307.322540 -87.079285
vt -286.146362 -111.739807
vt -308.676208 -119.882751
vt -301.902161 -75.855347
vt -289.242126 -126.111694
vt -282.514160 -153.333374
vt -187.793060 -191.796295
vt -165.368103 -223.526581
vt -140.873138 -204.373444
vt 189.236496 -84.159546
vt 90.326866 16.443420
vt 122.327278 104.252563
vt 102.112442 61.883972
vt 91.817001 40.305603
vt 86.267616 28.674500
vt 13.114792 -1.282471
vt -110.202881 6.383972
vt -66.149155 -4.876587
vt -77.527969 21.933411
vt -94.875320 48.568176
vt -93.605072 72.607910
vt -107.859833 59.898865
vt -89.806229 60.353760
vt -128.966980 55.828003
vt -117.413300 52.678040
vt -220.601501 26.721130
vt -195.718475 21.303406
vt -184.682190 51.054626
vt -193.932007 37.563293
vt -176.559937 32.552612
vt -206.881714 56.358337
vt -206.013245 43.098083
vt -209.531189 -219.780365
vt -280.371002 -75.128784
vt -153.806885 -214.639374
vt -166.743805 -209.773499
vt -182.390625 -214.396790
vt 188.081238 -51.662537
vt 172.907837 -41.507202
vt 172.472366 -58.571045
vt 162.111633 -66.614746
vt 185.981720 -68.006226
vt 174.007660 -70.761841
vt 197.053696 -74.179871
vt 140.632355 28.938354
vt 116.654694 17.959900
vt 103.045013 27.809082
vt 103.763680 12.463867
vt 115.757706 2.197815
vt 135.261765 8.994446
vt 121.519150 39.009277
vt 106.790695 42.466980
vt -158.685120 86.919189
vt -150.246887 49.162476
vt -164.911835 43.247192
vt -165.401367 65.596863
vt -189.048004 -204.042236
vt 129.676239 21.193604
vt 129.435516 -5.669556
vt 152.173721 -6.932800
vt 150.729553 71.274109
vt -139.813934 75.208557
vt -137.773560 46.642151
vt -179.586212 81.783813
vt -171.984650 54.272461
vt -181.805603 66.364746
vt -194.099335 60.749268
vt 156.024490 14.098450
vt 201.448944 -2.475464
vt 183.426331 -19.247742
vt 173.723312 -28.277588
vt 189.019653 -34.986145
vt 168.050735 -12.454041
vt 220.081055 -45.098633
vt 202.260925 -21.417175
vt 182.609375 -0.300659
vt 164.092712 1.752991
vt 203.213242 -44.149414
vt 205.534790 -60.272522
vt 193.769653 -12.292908
vt 197.891174 49.393066
vt 212.336090 -32.381165
vt 194.859314 23.128845
vt 193.235336 9.060791
vt 140.257599 51.399719
vt -129.031647 68.517517
vt -153.836060 73.672852
vt -145.503601 62.375061
vt -167.575256 78.000549
vt -188.537140 163.316040
vt 144.235397 17.273071
vt 147.294510 4.828735
vt 134.285919 40.066284
vt 169.023636 48.938782
vt 125.387268 71.931091
vt -196.814789 121.149841
vt 155.160263 56.243469
vt 154.868225 38.881470
vt 153.012100 26.376404
vt 173.955399 25.006287
vt 180.292725 13.040283
vt 167.464355 36.143066
vt 184.490036 38.606445
vt 124.154877 55.387695
vt 114.832382 64.399780
vt 107.028458 86.498596
vt 137.896057 65.340088
vt -193.292023 99.238525
vt -191.278015 86.711548
vt -173.202759 100.904663
vt -184.231232 111.934082
vt -143.952301 141.180969
vt -174.343597 138.634094
vt -183.089447 126.692078
vt -193.920776 143.798096
vt -147.533936 113.022461
vt -164.415131 122.189270
vt -181.579041 150.895325
vt -160.422333 155.114563
vt -269.035309 175.018433
vt -158.066956 102.088623
vt -139.692719 94.928284
vt -150.490204 127.705505
vt -110.293579 197.667542
vt -229.520111 164.118958
vt -146.737854 85.111328
vt -128.202881 84.997437
vt -159.275665 140.026001
vt -131.819733 172.222961
vt -209.130951 158.494995
vt -143.195038 158.776917
vt -197.519989 155.292297
vt -207.919739 199.716431
vt -227.481079 131.739807
vt -203.057129 178.945007
vt -211.717682 140.598755
vt -222.103699 151.235046
vt -212.903931 124.255615
vt -201.205170 133.219849
vt -238.112030 93.095337
vt -228.761536 111.307556
vt -223.851990 185.031799
vt -216.433716 171.790955
vt -271.186676 124.222534
vt -216.418793 93.464050
vt -211.733337 187.868774
vt -235.218750 213.349487
vt -246.421326 179.924316
vt -251.836243 111.648071
vt -227.364075 99.083557
vt -226.886627 70.995117
vt -213.433502 108.719666
vt -224.158051 201.349121
vt -214.143646 219.382568
vt -241.179993 196.757568
vt -235.907227 185.883179
vt -261.266144 193.779114
vt -240.383148 105.767822
vt -240.139526 122.276855
vt -248.508118 146.669434
vt -255.407501 127.328491
vt -240.397644 135.820129
vt -235.818512 151.916809
vt -247.967194 163.328430
vt -256.651398 172.507324
vt -215.138672 79.194824
vt -227.600464 84.533508
vt -200.877960 109.257751
vt -171.702423 221.996338
vt -227.604309 226.577209
vt -272.891113 265.209351
vt -247.750732 248.820435
vt -234.753296 240.347412
vt -252.615570 227.152405
vt -248.492767 308.356567
vt -222.215240 329.236816
vt -210.623566 341.928650
vt -252.031891 210.023376
vt -264.021545 328.246887
vt -280.810699 320.902527
vt -227.585327 345.780823
vt -201.345917 321.815796
vt -272.377106 338.949280
vt -255.006653 343.897888
vt -286.506165 291.682983
vt -266.256897 310.494751
vt -217.162231 352.406616
vt -198.553497 335.300110
vt -210.218475 329.919312
vt -244.541595 327.448303
vt -241.316864 345.143188
vt -288.384552 307.213989
vt -276.129089 300.817139
vt -270.025269 283.421082
vt -233.879242 334.594299
vt -251.128387 271.116089
vt -225.408905 265.062256
vt -234.795929 254.487427
vt -259.028168 295.689453
vt -263.332581 273.036560
vt -259.379486 258.459045
vt -278.018799 238.047913
vt -262.626221 242.707703
vt -237.981140 288.899109
vt -276.640076 213.265442
vt -273.623810 251.282959
vt -319.098053 259.036499
vt -296.953735 251.682983
vt -264.994568 206.645386
vt -193.819397 235.244019
vt -180.209595 195.248535
vt -157.073425 181.710510
vt -154.122620 167.830139
vt -172.076752 171.267151
vt -170.596222 185.138977
vt -158.632751 203.943298
vt -186.347687 179.797180
vt -194.924561 192.149231
vt -185.127930 285.095337
vt -254.620514 319.579468
vt -232.306458 314.961426
vt -236.555206 302.237549
vt -211.138733 292.774963
vt -225.054565 294.262634
vt -226.579407 279.678772
vt -237.477356 271.450928
vt -215.864075 314.042786
vt -250.944580 284.731689
vt -283.539673 192.014038
vt -207.443298 231.749084
vt -194.260529 214.857178
vt -172.178864 158.912720
vt -172.632629 207.565430
vt -137.963989 194.221863
vt -140.588623 230.764038
vt -187.967072 305.783081
vt -271.952698 187.215637
vt -319.203796 215.338684
vt -313.835175 151.472351
vt -205.528717 211.291077
vt -185.015991 224.855347
vt -151.015137 193.306519
vt -154.535583 220.666992
vt -143.577911 209.118713
vt -125.555817 207.404175
vt -158.378693 240.656372
vt -176.556854 240.947998
vt -100.760712 229.440613
vt -133.567566 218.765320
vt -116.561859 222.252075
vt -167.266449 253.351074
vt -168.812469 273.378357
vt -190.578186 261.131470
vt -148.527130 288.354614
vt -180.214752 253.368835
vt -135.260345 288.152222
vt -142.129272 272.813477
vt -102.680573 212.700012
vt -118.796265 248.124146
vt -120.838806 264.294189
vt -155.400116 276.437683
vt -57.655624 180.453613
vt -69.530396 217.378662
vt -113.091461 235.584290
vt -99.198608 248.021790
vt -127.444489 236.622192
vt -136.724274 252.601807
vt -86.713760 219.349304
vt -148.717987 248.743652
vt -80.994171 193.320068
vt -75.912949 237.626953
vt -79.389099 207.315796
vt -63.006866 198.347107
vt -95.064438 199.398926
vt -86.565720 245.042236
vt -69.441147 186.675964
vt -95.074509 155.470276
vt -73.808105 164.132263
vt -96.205399 177.434814
vt -108.897766 118.945374
vt -129.194458 125.697144
vt -121.914917 103.884705
vt -27.113388 199.334534
vt -88.126984 232.204346
vt -119.600220 150.350464
vt -44.927155 194.007141
vt -129.815826 158.992859
vt -40.984390 213.269897
vt -51.744110 205.437317
vt -189.641541 317.984253
vt -203.161041 305.706360
vt -196.948730 292.947327
vt -203.827087 275.024353
vt -298.203552 208.520630
vt -294.099731 168.314941
vt -182.278290 271.845520
vt -164.083923 306.489990
vt -165.502960 289.799194
vt -175.816681 299.081787
vt -108.950562 257.049744
vt -133.151917 264.385681
vt -58.312149 232.044922
vt -55.850189 218.538208
vt -50.116455 254.614441
vt -45.921600 271.391479
vt -63.364929 246.652527
vt -62.773483 260.671997
vt -49.513992 241.622864
vt -27.296158 257.821533
vt -36.181427 246.672241
vt -5.675217 231.128723
vt -19.213882 242.265320
vt -29.052704 274.977722
vt -39.355408 260.836792
vt -23.206451 223.613831
vt -2.953156 248.235596
vt -18.420105 267.398315
vt -13.731155 285.223633
vt -6.401855 299.994202
vt -25.011581 299.207336
vt -10.125656 314.704346
vt 57.999710 229.766785
vt -3.643234 277.768555
vt -21.936661 311.151611
vt 42.660583 267.897339
vt 50.703506 287.911438
vt 26.255722 234.817871
vt 18.903625 260.270569
vt 10.990173 273.349060
vt 27.473709 274.389465
vt 20.997940 288.298279
vt 35.832993 286.743408
vt 9.774139 237.440430
vt 5.747955 258.298096
vt 33.371040 298.638306
vt 19.698898 246.712097
vt 38.529701 249.338440
vt 31.916771 260.549561
vt 42.346092 233.664734
vt 62.523232 253.737061
vt 29.811104 171.593567
vt 49.595764 256.614502
vt 42.601921 201.311768
vt 52.965416 242.930115
vt 46.638268 217.521179
vt 13.517212 207.862976
vt 29.969055 213.064758
vt 15.957214 223.197327
vt 1.639969 217.614197
vt -5.398697 196.931885
vt -87.324814 166.880676
vt -81.303101 179.416443
vt -98.401245 96.717285
vt -112.735199 89.415894
vt -105.294678 78.593872
vt -121.051117 116.293945
vt -134.988586 107.712952
vt -110.009857 165.712708
vt -111.686432 181.676514
vt -123.483185 190.760193
vt -129.627563 140.059265
vt -113.900879 134.766541
vt -91.369690 133.189880
vt -105.997345 146.491150
vt -102.946625 129.528931
vt -214.450867 281.029541
vt -208.665039 257.146790
vt -203.496918 244.667175
vt -221.100586 252.508545
vt -286.030121 204.568359
vt -290.509033 224.923462
vt -291.892883 238.745972
vt -308.197327 230.133118
vt -306.849945 217.639282
vt -333.171509 237.221558
vt -322.030914 228.933350
vt -316.331726 243.572510
vt -283.166565 177.645508
vt -305.256317 187.488464
vt -28.104309 234.415344
vt -28.338959 211.985718
vt 71.028900 276.912903
vt 57.791779 269.425171
vt -20.995865 155.295227
vt -29.985306 176.491028
vt -33.590637 188.546570
vt 13.499969 186.060486
vt 26.491745 196.661377
vt 26.117859 183.858154
vt -108.571106 105.507263
vt -79.096466 146.678894
vt -47.801117 105.876221
vt -49.489868 147.235962
vt -67.124710 123.458130
vt -64.383316 151.748657
vt -67.807816 137.802429
vt -52.508545 164.106384
vt -63.151505 169.739258
vt -37.187927 158.142456
vt -44.217361 175.700867
vt -90.398697 114.088562
vt -295.696259 195.981262
vt -312.096100 201.480652
vt -357.082947 187.158997
vt -335.787048 198.081482
vt -324.526398 203.856995
vt -312.813171 170.258728
vt -304.381683 160.379028
vt -292.335114 138.122620
vt -323.193756 185.083618
vt -340.454437 180.959778
vt -331.949463 161.878784
vt -320.268219 161.243286
vt -329.740204 174.299500
vt -12.622787 210.929260
vt 63.767876 287.774475
vt -17.540024 186.528687
vt -14.817902 170.419556
vt 7.989212 152.279419
vt -6.062988 158.019409
vt 6.943497 169.790039
vt -2.876465 181.701721
vt 19.084198 161.728516
vt 52.278450 111.514160
vt 45.875984 143.360535
vt 34.594124 155.628052
vt 23.760010 134.343018
vt 21.205978 147.998901
vt 66.436218 173.590210
vt 33.139359 142.968750
vt 48.349564 168.448181
vt 74.074646 203.459106
vt 62.110443 154.425659
vt 53.074448 186.208984
vt 62.335236 214.350952
vt 68.358833 189.009705
vt 114.068329 175.480713
vt 58.439125 200.038330
vt 92.824249 187.687073
vt 80.812660 192.438538
vt 39.348495 187.873474
vt 7.197525 196.966736
vt -71.974472 95.072021
vt -80.924423 124.145508
vt -75.785477 109.813171
vt -84.958511 99.578491
vt -62.125778 105.481384
vt -83.057449 84.097717
vt -59.753754 71.646790
vt -69.482422 81.471741
vt -77.097382 68.461609
vt -52.681519 88.378784
vt -33.545197 70.429688
vt -46.424927 75.873657
vt -31.414948 91.876404
vt -42.860916 95.068909
vt -345.560211 117.217957
vt 49.365868 155.682190
vt 66.262238 130.892273
vt 90.908722 157.995850
vt -95.102768 85.089966
vt -19.445847 122.475281
vt -6.141159 137.757385
vt -333.629089 137.986267
vt 58.880310 141.722839
vt 75.867371 161.390930
vt 75.682938 144.687195
vt 86.434875 173.191895
vt 100.682831 169.130005
vt 122.302902 140.293701
vt 114.612885 157.051086
vt 95.833908 120.811707
vt 102.109001 141.169861
vt 146.016052 161.318909
vt 82.446442 129.954102
vt 129.292114 166.707703
vt 76.148865 106.359436
vt 88.740791 141.762634
vt 133.601349 151.435791
vt 151.197937 122.292664
vt 151.141006 142.142273
vt 142.896271 180.282288
vt 83.448753 117.048828
vt 94.816833 101.448181
vt -30.742050 109.253540
vt -39.779190 128.411011
vt -54.415009 131.251831
vt -54.790604 117.604187
vt -31.561661 142.673462
vt -40.969162 116.139404
vt -18.426727 142.411377
vt 6.239700 113.545898
vt -11.412704 104.175659
vt 8.942566 137.216125
vt 0.993347 126.134399
vt -326.999908 149.525513
vt 102.606079 153.641479
vt 111.614243 127.093811
vt 108.585785 111.740479
vt 110.527893 98.951660
vt 131.055054 122.279053
vt 238.590546 132.468201
vt 183.749374 161.130005
vt 124.701157 230.243896
vt 78.672241 78.016357
vt -9.644028 78.884766
vt -7.855865 116.650024
vt 141.137329 106.271484
vt 133.477448 89.002625
vt 174.376007 96.568481
vt 120.543732 84.679138
vt 152.953613 90.696899
vt 141.119797 132.188660
vt 164.856964 156.080994
vt 138.388809 206.934753
vt 91.619057 86.373718
vt 78.625305 92.296082
vt 91.763680 71.942688
vt 53.173698 85.072449
vt 76.458153 56.098267
vt 75.068878 40.135071
vt 66.911774 85.117615
vt 59.998543 98.539551
vt 60.102882 66.797852
vt 52.301346 36.528076
vt 52.630753 24.237000
vt 64.580978 32.676819
vt 61.944351 49.319336
vt -23.579788 80.268982
vt -15.458862 91.185425
vt 5.999359 92.686035
vt 143.907639 81.894043
vt 167.626602 79.177979
vt 168.129364 64.049316
vt 183.328339 57.367065
vt 207.051605 83.407593
vt 187.312286 81.542786
vt 179.962540 70.337830
vt 198.245422 67.325012
vt 160.018539 106.936157
vt 186.033478 127.837158
vt 169.050156 122.335327
vt 181.923035 111.562195
vt 172.734238 139.926453
vt 160.100342 132.243103
vt 211.569519 112.731140
vt 189.295746 144.785767
vt 196.573898 116.518494
vt 194.560623 98.337524
vt 209.175751 134.833801
vt 196.621445 134.587463
vt 170.106430 174.308899
vt 237.610016 230.538269
vt 156.308762 176.418274
vt 206.911194 198.758484
vt 191.195465 182.489380
vt 182.540024 173.529175
vt 176.194397 189.887939
vt 190.132538 199.241333
vt 199.601990 236.536316
vt 199.034943 216.830566
vt 145.710922 194.465698
vt 126.080177 191.322449
vt 126.127602 178.811707
vt 90.354889 54.248413
vt 72.298141 67.589417
vt 0.428146 103.181519
vt 22.036667 58.741821
vt 42.050827 54.286072
vt 28.832077 102.854309
vt 209.392960 98.056702
vt 263.272308 81.933533
vt 239.646164 101.068115
vt 224.140762 103.367920
vt 228.894958 82.001892
vt 234.026184 116.596985
vt 216.995468 67.510498
vt 223.447296 128.231262
vt 246.031586 55.799072
vt 233.351349 66.211304
vt 223.470978 41.251526
vt 249.135040 72.505798
vt 232.416718 52.145813
vt 248.838165 88.264465
vt 212.192902 163.191895
vt 223.755157 147.622131
vt 198.347397 156.970581
vt 200.245285 171.264099
vt 216.171280 181.958130
vt 221.153381 215.717957
vt 166.141006 227.638123
vt 157.757355 209.924011
vt 174.767624 207.075867
vt 117.793243 210.514038
vt 109.219673 191.631958
vt 9.109238 73.394775
vt 28.062057 38.629272
vt 43.785614 71.061829
vt 35.663788 86.654663
vt 44.998001 98.398071
vt 20.891525 89.965271
vt 25.180450 74.489868
vt 15.081024 103.012695
vt 209.782196 148.847229
vt 203.765228 186.072327
vt 267.079285 175.196777
vt 209.817657 210.777588
vt 225.180573 197.876099
vt 241.561386 178.096313
vt 240.554550 210.721680
vt 229.602158 184.865051
vt 228.092743 168.248779
vt 242.931717 194.466858
vt 248.298920 154.746887
vt 255.291061 185.189636
vt 291.863770 216.383789
vt 276.117615 197.808533
vt 267.815491 188.014771
vt 240.663208 165.190369
vt 254.867798 167.562805
vt 258.625885 205.063232
vt 273.431702 216.046936
vt 281.967224 253.455872
vt 255.894440 224.216064
vt 282.328308 233.695251
vt 218.814987 234.861511
vt 184.192764 227.118713
vt 174.932571 219.235779
vt 145.278336 226.670959
vt 127.123657 203.157959
vt 129.607742 217.451721
vt 92.127563 230.574463
vt 75.155846 226.274170
vt 87.228386 214.268921
vt 79.468422 244.894775
vt 66.466248 240.549133
vt 97.899811 202.635437
vt 103.242348 218.346130
vt 108.453308 234.248047
vt 124.755020 265.429688
vt 120.421059 247.843384
vt 137.456924 242.666260
vt 102.233040 261.652832
vt 114.309814 258.676636
vt 97.209259 246.104248
vt -4.944672 60.162781
vt -19.082718 65.748108
vt 30.676193 50.371277
vt 34.583397 25.354065
vt 40.527641 41.569397
vt 293.413239 139.431641
vt 273.069885 152.030273
vt 232.510803 219.653564
vt 237.470840 146.210754
vt 255.007278 251.251404
vt 306.418762 235.682739
vt 268.964417 229.365540
vt 258.083923 237.820129
vt 271.332550 243.641602
vt 208.399841 226.422119
vt 212.562363 274.174255
vt 155.966599 221.612488
vt 77.328690 261.452087
vt 89.816925 257.078613
vt 83.938942 273.159424
vt 2.417740 35.772583
vt 8.569000 59.889099
vt 311.709656 125.889771
vt 232.722321 252.306213
vt 294.818726 229.293274
vt 294.062805 244.390198
vt 308.511719 251.773010
vt 316.860291 263.804565
vt 328.848450 267.194275
vt 210.780884 253.737305
vt -6.255325 46.460815
vt 15.856689 31.664063
vt 14.193054 46.287903
vt 5.046204 20.336548
vt -21.724472 17.888550
vt -7.966522 15.037598
vt -13.359238 31.833252
vt -19.020813 -3.685974
vt 321.834381 118.396118
vt 324.866821 133.801880
vt 319.467834 162.850403
vt 326.075134 149.052429
vt 342.277161 159.233215
vt 308.331848 149.036804
vt 293.976257 172.005249
vt 283.044434 183.520935
vt 306.500366 194.840942
vt 291.311646 196.351929
vt 297.826599 184.745789
vt 309.209351 174.353699
vt 303.334290 161.883728
vt 326.603333 179.539490
vt 288.121277 157.205139
vt 279.979919 168.984070
vt 305.643188 136.824524
vt 331.882751 167.412292
vt 337.551849 204.785706
vt 315.330688 185.585876
vt 327.241150 194.260010
vt 340.703735 191.385315
vt 229.949371 240.250854
vt 245.400314 284.220581
vt 209.771713 242.160095
vt 222.403748 263.020264
vt 238.713104 268.401733
vt 244.122620 257.225647
vt 228.053284 282.230896
vt 233.332657 312.817566
vt 210.531754 296.999451
vt 235.175522 296.750549
vt 247.101578 324.274048
vt 216.249756 286.005188
vt 222.920395 303.484070
vt 213.945740 323.970642
vt 231.546814 328.966187
vt 256.612854 303.807190
vt 198.147278 320.888855
vt 224.036484 342.188782
vt 208.754715 345.117126
vt 246.166214 311.395874
vt 203.270508 308.389954
vt 214.623810 312.058594
vt 173.404953 267.291443
vt 178.233765 288.488098
vt 175.713562 246.376587
vt 186.995346 239.848267
vt -5.849258 -5.895508
vt -35.588211 5.194519
vt -47.856140 -8.982666
vt -35.148544 18.631958
vt -41.649155 40.625122
vt -46.420395 57.926453
vt -49.525055 4.858032
vt -51.367828 -20.621887
vt -27.763153 35.395935
vt -33.466644 52.190186
vt -61.171936 44.549805
vt -73.828857 36.480713
vt -62.459030 25.845642
vt -50.828323 31.509460
vt -21.069824 -21.098633
vt -32.597000 -10.915283
vt 358.353760 146.448425
vt 273.858582 280.932007
vt 258.232330 270.029968
vt 193.902618 265.504700
vt 156.667862 282.252686
vt 194.889801 290.819702
vt 188.136292 278.406311
vt 155.594131 254.740601
vt 152.307587 240.018066
vt 164.848557 240.112671
vt -59.994705 58.073792
vt 346.950623 148.609619
vt 382.286133 134.043152
vt 260.334106 288.674255
vt 273.443176 295.890076
vt 286.385620 288.764709
vt 289.097015 270.494568
vt 302.436768 264.900635
vt 298.235748 281.187073
vt 267.969025 258.691589
vt 276.434296 268.349915
vt 205.725311 264.474121
vt 182.900360 257.754700
vt 196.385773 251.078186
vt 169.176132 279.403137
vt 165.398697 292.467896
vt 148.896271 294.542847
vt 136.553726 280.211731
vt 117.739563 287.903259
vt 111.633011 273.805298
vt 141.569199 264.108765
vt 124.546082 277.696228
vt 132.375488 254.756348
vt 154.679245 268.553284
vt 167.959839 256.105530
vt 367.764038 135.314819
vt 376.238556 148.536255
vt 365.285004 167.559937
vt 366.359802 155.513489
vt 103.709930 294.027100
vt 91.132156 310.274963
vt 380.286377 178.086853
vt 412.415009 179.255249
vt 403.485291 194.736938
vt 396.524414 173.894348
vt 391.025208 187.611023
vt 358.035767 178.760254
vt 103.345276 323.453674
vt 89.618225 340.312439
vt 89.365593 324.160645
vt 100.306900 334.997620
vt 80.606560 348.316223
vt 77.574669 310.093445
vt 83.931007 295.503174
vt -121.268250 -239.925568
vt -127.918030 -253.674713
vt -142.076111 -238.344452
vt -152.252319 -228.625183
vt -166.331818 -245.424744
vt -130.917358 -229.201355
vt -176.882660 -233.990143
vt -163.309814 -261.321747
vt -152.985077 -251.123291
vt -448.532654 370.522949
vt -351.680115 311.710144
vt -375.702942 314.021545
vt -542.574036 234.256531
vt -542.384521 220.783997
vt -523.486450 224.361328
vt -530.167847 234.830444
vt -499.021606 214.461609
vt -509.317200 224.197876
vt -516.565186 210.118286
vt -507.271912 274.241577
vt -527.783020 271.801208
vt -519.497864 289.582336
vt -515.699097 257.654114
vt -519.205505 246.247192
vt -529.636780 283.485779
vt 367.191162 -273.617737
vt 551.343140 -257.717590
vt 540.612610 -249.082825
vt 546.748169 -269.740967
vt 556.768799 240.381348
vt 544.440186 243.963928
vt -558.538513 -78.867798
vt -569.015198 -85.856567
vt -543.919861 -95.077576
vt -561.845581 -66.325073
vt -556.197754 -91.453552
vt -523.616272 -104.945374
vt -523.162109 -117.386780
vt -538.135803 -75.164490
vt -536.493103 -105.618286
vt -506.534180 -108.897461
vt -491.938843 -86.029480
vt -484.443420 -98.972290
vt -498.058594 -98.215271
vt -515.344849 -81.904480
vt -512.529968 -95.920105
vt -549.438110 -70.950806
vt -529.664307 -88.421753
vt -567.923035 -43.274841
vt -575.407593 -31.892700
vt -491.347351 120.593384
vt -520.894714 128.638428
vt -535.098328 136.035217
vt -534.543152 119.765686
vt -519.101318 149.417786
vt -533.377258 76.567261
vt -512.575989 100.908508
vt -538.102600 98.054688
vt -520.797302 113.554932
vt -505.463745 114.527649
vt -561.221191 88.839050
vt -571.918945 96.610657
vt -574.933350 81.212646
vt -558.630371 103.653931
vt -556.221252 63.708923
vt -562.762512 75.469910
vt -548.067078 75.943665
vt -547.969116 89.200317
vt -530.697144 156.942810
vt -502.605591 137.527039
vt -524.260864 89.835388
vt -501.091187 64.149719
vt -526.256470 102.239441
vt -515.748718 74.220825
vt -528.021790 49.408875
vt -497.178894 85.545593
vt -492.018372 102.695984
vt -515.615112 58.713379
vt -528.794983 63.363647
vt -505.633423 32.479980
vt -542.608032 55.599487
vt -503.448120 48.327148
vt -516.037720 41.989014
vt -492.611572 38.758545
vt -528.221680 18.211487
vt -484.786926 55.483154
vt -518.878540 28.434326
vt -510.779907 87.311462
vt -503.927307 75.723938
vt -460.202087 83.770874
vt -541.334900 27.542725
vt -486.205750 72.483521
vt -457.087036 56.236389
vt -465.737366 110.671936
vt -541.040161 14.077271
vt -523.752808 -25.550415
vt -528.168701 -3.892212
vt -505.082336 6.971313
vt -486.117981 17.871094
vt -539.667603 41.513489
vt -471.190369 65.177307
vt -480.253296 111.216125
vt -476.149780 93.166931
vt -546.059753 -11.577759
vt -470.522888 50.636475
vt -458.214050 70.052307
vt -443.494202 64.299133
vt -439.059753 41.333740
vt -434.503723 54.124268
vt -458.192810 34.480652
vt -463.025940 97.209839
vt -431.940002 96.725586
vt -447.320801 107.377075
vt -437.199280 80.327820
vt -484.964661 84.666321
vt -410.921021 143.507690
vt -449.854736 146.330627
vt -425.769714 122.066223
vt -453.395203 126.541138
vt -473.458679 130.505981
vt -433.723206 110.581299
vt -439.752625 123.253235
vt -567.573730 54.628357
vt -514.405029 138.545410
vt -508.596680 126.594238
vt -525.723877 -51.870850
vt -519.280151 7.181030
vt -510.460876 -11.561035
vt -499.866577 19.844299
vt -540.681519 0.569275
vt -533.456543 -16.249634
vt -547.256226 -34.141174
vt -451.177551 45.030029
vt -470.594788 23.552063
vt -439.315857 0.557434
vt -418.453064 10.462830
vt -409.174805 -0.770569
vt -424.924927 -15.531677
vt -452.450134 15.462463
vt -407.198730 15.617249
vt -472.784302 78.662903
vt -464.611328 122.530273
vt -461.513733 138.205078
vt -479.013245 175.741577
vt -479.337769 152.742859
vt -487.748108 135.195618
vt -536.904846 -60.866760
vt -522.347046 -67.514099
vt -539.310120 -46.430969
vt -528.232056 -38.448975
vt -492.613403 -52.909546
vt -507.479126 -38.428711
vt -509.297913 -56.511169
vt -497.745667 -69.580933
vt -503.067627 -80.708984
vt -512.291260 17.679382
vt -554.636780 -22.436401
vt -554.476929 -45.751099
vt -425.517578 -1.581238
vt -412.228882 -44.636963
vt -394.559387 -55.861511
vt -471.519531 -14.580872
vt -472.430359 4.518921
vt -434.735352 17.833252
vt -422.272034 23.696289
vt -445.119019 28.052307
vt -500.953064 165.466736
vt -535.992859 -28.560974
vt -510.187622 -25.130005
vt -488.718262 -27.682495
vt -413.317383 -27.790039
vt -398.173523 -30.020630
vt -392.202209 -42.358704
vt -416.522522 -70.915771
vt -400.639160 -75.903625
vt -405.467529 -63.495789
vt -411.869019 -83.880371
vt -437.233276 -85.667175
vt -431.558777 -100.205872
vt -452.305176 -91.959534
vt -457.886963 -57.392700
vt -476.768616 -66.912964
vt -450.950806 -74.006714
vt -486.419678 -74.831787
vt -472.143799 -82.390015
vt -434.127014 -68.113892
vt -463.605652 -69.535034
vt -459.901489 -82.358948
vt -423.226379 -56.330261
vt -434.656616 -36.371521
vt -424.702881 -43.923462
vt -425.679810 -27.871277
vt -439.374512 -52.325806
vt -385.739258 -65.675781
vt -490.542297 -7.295227
vt -456.691406 -4.302124
vt -453.043091 -25.400085
vt -460.750916 6.906372
vt -459.768127 -15.698608
vt -444.857849 -13.120239
vt -513.854004 161.769653
vt -503.966919 151.626282
vt -494.270142 -39.739502
vt -473.791565 -43.852600
vt -498.486938 -18.281311
vt -483.323730 -16.924622
vt -478.894897 -5.360962
vt -491.856628 5.907898
vt -452.179382 -41.893860
vt -463.768738 -34.231262
vt -491.451782 147.759888
vt -480.134888 -54.756042
vt -160.341492 363.007751
vt -176.301453 352.806091
vt -182.915802 339.377930
vt -169.340881 334.956482
vt -154.326569 323.010559
vt -140.321960 332.680908
vt -164.287628 351.596191
vt -141.482391 319.385498
vt -126.576965 324.782898
vt -150.193146 372.229248
vt -166.488342 374.607788
vt -167.187073 319.464478
vt 260.008759 -203.876923
vt 272.958435 -158.720551
vt 287.464844 -180.039642
vt 299.748474 -185.780426
vt 287.529053 -195.914368
vt 270.340515 -188.046417
vt 272.005646 -200.419922
vt 274.017456 -173.594879
vt 232.595551 -169.069214
vt 252.808273 -175.892120
vt 256.017365 -189.985168
vt 252.029602 -213.561737
vt 200.288269 -138.323059
vt 179.030014 -158.473633
vt 164.085983 -156.694092
vt 174.122574 -136.047180
vt 163.546127 -129.424500
vt 249.678909 -151.811493
vt 210.538803 -108.022217
vt 178.801422 -118.802490
vt 187.787094 -130.497559
vt 187.022614 -145.616882
vt 201.830902 -121.960632
vt 205.383087 -165.943695
vt 199.574341 -152.734955
vt 223.121124 -146.677765
vt 192.655304 -106.539001
vt 222.837006 -125.394714
vt 202.736008 -93.548157
vt 186.513275 -96.026428
vt 211.122101 -131.090515
vt 245.356384 -164.616882
vt 259.518127 -163.357422
vt 235.453369 -154.141815
vt 239.647400 -135.159119
vt 245.119492 -96.581360
vt 227.935303 -135.970093
vt 229.576813 -107.584229
vt 221.300827 -90.728699
vt 232.739105 -95.572083
vt 240.421875 -77.768677
vt 225.073853 -75.709839
vt 236.900253 -120.536011
vt 274.639435 -121.015808
vt 255.721603 -124.569763
vt 221.109406 -60.643677
vt 234.948822 -51.921631
vt 234.245667 -65.573486
vt 267.930878 -13.006409
vt 254.600586 -35.142883
vt 233.844894 -27.999329
vt 247.574158 -46.811035
vt 231.374481 -40.099976
vt 220.882523 -11.130615
vt 209.011688 -11.639526
vt 253.249939 -138.312561
vt 262.057251 -106.167542
vt 249.285751 -16.860474
vt 221.797287 -23.842346
vt 220.930573 15.122070
vt 206.521942 14.654785
vt 213.266815 29.055420
vt 209.741882 42.371460
vt 217.578339 53.726318
vt 206.273865 58.196899
vt 248.138092 -111.004517
vt 314.317566 -74.638000
vt 266.961639 -79.990417
vt 260.388672 -23.546509
vt 290.469147 -45.803162
vt 273.472107 -37.319519
vt 264.148987 -51.958435
vt 292.652588 -20.160034
vt 262.173828 -66.313721
vt 253.857361 -76.901489
vt 283.825409 -66.410522
vt 286.469391 -32.548096
vt 278.991028 -21.078308
vt 235.170837 -13.565796
vt 248.308105 10.833679
vt 230.468307 1.978210
vt 245.045013 -3.145874
vt 244.798950 33.196350
vt 260.257935 0.673767
vt 215.089188 2.006348
vt 258.880219 -92.024353
vt 287.477234 -97.382080
vt 273.479462 -93.098022
vt 276.897858 -106.938965
vt 284.521484 -82.029541
vt 301.500305 -86.721497
vt 298.907593 -71.131775
vt 311.140045 -52.986450
vt 319.894073 -125.470154
vt 306.632263 -108.025452
vt 291.435883 -116.490967
vt 299.390656 -98.499817
vt 288.907227 -140.541748
vt 305.024292 -123.011169
vt 285.536438 -128.029053
vt 271.129028 -138.620667
vt 279.105408 -148.027893
vt 296.461548 -160.592926
vt 284.253174 -165.391266
vt 305.266113 -171.520264
vt 278.334503 -53.265625
vt 298.039795 -57.350891
vt 356.020386 -57.458862
vt 385.597076 -65.733337
vt 400.834717 -70.720337
vt 397.537872 -55.021179
vt 306.078735 -34.217773
vt 338.277405 -97.731506
vt 319.625122 -93.107422
vt 263.032715 -149.490753
vt 309.804993 -144.117126
vt 333.020996 -60.834167
vt 302.218719 -45.325500
vt 306.598816 -20.280762
vt 323.111450 -109.260925
vt 300.591309 -135.109680
vt 298.309265 -148.448151
vt 309.970886 -157.892639
vt 336.691345 -146.611359
vt 331.101593 -160.166473
vt 322.923523 -148.863953
vt 351.755859 -156.882477
vt 363.806152 -123.025513
vt 341.690033 -121.372559
vt 353.341461 -138.373901
vt 366.759460 -148.845581
vt 352.426025 -126.508057
vt 340.986786 -134.347656
vt 388.635803 -146.410065
vt 319.987183 -62.747009
vt 332.322815 -79.461182
vt 346.209656 -70.655090
vt 366.847961 -75.753601
vt 386.653259 -92.224121
vt 397.264954 -83.794250
vt 403.612976 -102.679321
vt 328.807068 -38.155396
vt 353.842834 -107.551392
vt 373.137390 -106.072815
vt 354.500885 -89.262146
vt 362.869965 -98.719727
vt 342.590485 -86.220276
vt 335.761505 -110.161499
vt 389.769165 -161.297211
vt 402.062195 -131.180176
vt 376.256165 -134.680420
vt 370.989136 -60.951172
vt 368.342285 -38.470337
vt 380.738525 -79.193481
vt 373.374634 -90.393677
vt 412.309631 -94.867432
vt 316.528137 -41.466675
vt 388.755981 -107.796204
vt 379.521515 -119.850647
vt 400.161133 -116.784119
vt 388.714142 -129.649109
vt 400.261169 -143.125610
vt 411.752502 -137.948975
vt 499.754456 254.148376
vt 485.494293 262.293762
vt 474.983032 227.336243
vt 484.273804 243.601685
vt 500.725494 215.160889
vt 473.689850 253.678650
vt 452.104706 247.349854
vt 499.403473 238.028809
vt 511.866272 225.063965
vt 517.466675 207.545471
vt 496.879547 184.497070
vt 513.177307 190.658264
vt 500.476318 199.619019
vt 481.444824 207.697083
vt 509.955139 174.545288
vt 523.598328 183.559204
vt 513.616455 253.296692
vt 456.834595 229.673401
vt 448.184998 195.219116
vt 467.410706 240.167480
vt 447.917999 213.598999
vt 431.314117 213.984863
vt 463.622955 204.635254
vt 426.114441 194.307373
vt 469.750671 177.225281
vt 470.992065 215.140503
vt 414.731232 190.907349
vt 474.838348 192.752625
vt 488.088257 194.576843
vt 459.223328 217.838135
vt 461.020935 188.682861
vt 440.530151 164.314575
vt 453.693237 174.045288
vt 456.844788 156.013611
vt 436.992584 137.179138
vt 431.054504 120.619385
vt 472.630096 160.941345
vt 453.540344 131.820374
vt 443.576538 150.119141
vt 412.974304 151.365723
vt 428.236176 149.779419
vt 422.156799 165.500244
vt 418.899414 134.160828
vt 484.826935 151.471313
vt 497.925049 151.642883
vt 491.162262 167.871399
vt 443.483643 123.838623
vt 458.454163 143.471497
vt 400.867889 159.795898
vt 392.619873 146.167053
vt 400.609528 128.891235
vt 390.324677 106.318420
vt 386.299438 93.974670
vt 407.716888 102.888794
vt 371.055908 106.353455
vt 373.856934 121.339600
vt 432.239349 178.790466
vt 483.609009 179.764709
vt 410.242004 167.388977
vt 414.589935 118.066467
vt 437.355682 189.777283
vt 401.073669 115.050293
vt 388.119141 121.024475
vt 487.540588 220.585388
vt 404.710846 141.273438
vt 360.231201 113.528625
vt -375.179871 -89.996765
vt 390.940765 -19.011292
vt 373.437622 18.323914
vt 380.288025 38.458008
vt 357.138306 37.484863
vt 393.013672 25.094421
vt 393.168884 37.983093
vt 381.455078 26.828491
vt 395.211700 8.648193
vt 407.243774 4.414856
vt 383.156006 -2.405945
vt 382.808502 10.074097
vt 368.409973 45.183716
vt -414.752258 53.807434
vt -424.760010 45.739258
vt -259.934387 -29.405823
vt -466.514160 -220.035858
vt -76.745834 -253.069946
vt -71.876984 -273.897430
vt -84.488724 -285.270905
vt -99.412201 -271.406403
vt -55.786407 -270.813873
vt -44.984589 -261.063019
vt -57.284500 -242.838165
vt -54.022781 -228.740479
vt -65.908340 -261.519287
vt -85.042099 -265.992218
vt -99.355621 -247.678436
vt -113.304413 -252.259949
vt -108.625061 -263.477875
vt -75.155914 -232.469971
vt -55.584656 -254.953979
vt -69.478058 -243.269531
vt -77.114471 -219.611084
vt -86.051529 -241.990387
vt -99.212189 -229.611115
vt -103.022369 -216.159149
vt -114.804901 -226.000549
vt -108.461487 -238.571930
vt 202.809006 -206.845154
vt 193.072388 -215.083557
vt 206.634323 -218.949707
vt 222.144928 -199.804657
vt 189.762421 -185.492371
vt 214.590439 -209.129303
vt 238.334167 -192.318237
vt 247.950867 -200.386414
vt 224.396423 -183.425781
vt 218.632355 -170.614319
vt 207.024536 -183.539276
vt 199.490387 -194.210693
vt 240.335358 -179.491516
vt -197.260193 -4.784668
vt -284.688538 61.682800
vt -288.506744 41.912170
vt -271.422791 41.785400
vt -316.321350 -102.080261
vt -275.830200 95.900757
vt -239.613312 53.894409
vt -241.759705 41.021118
vt -222.872467 50.144104
vt -217.701569 38.823853
vt -218.219421 61.851746
vt -248.598816 73.867737
vt -259.861328 57.720215
vt -238.542847 66.383850
vt -257.227753 91.047546
vt -250.833679 50.004761
vt -273.009613 55.098328
vt -263.839325 103.783691
vt -270.985809 76.391052
vt -289.737976 82.091003
vt -260.362427 70.071167
vt -290.206360 96.470886
vt -282.410095 111.521118
vt -285.467926 125.532532
vt -310.614044 119.984619
vt -298.820862 109.607117
vt -298.845245 126.403870
vt -311.601166 135.792236
vt -317.448425 65.205505
vt -321.064728 46.712891
vt -316.683289 34.052917
vt -303.522125 52.882263
vt -300.698944 40.985291
vt -301.133667 69.612000
vt -312.945557 80.939453
vt -328.446930 99.803284
vt -317.341187 93.128357
vt -282.221893 73.121887
vt -268.074432 226.171570
vt -301.737396 274.296814
vt -310.805054 297.141968
vt -297.805725 298.195435
vt -142.940979 180.974304
vt -148.446228 304.164124
vt -339.210541 217.967712
vt -384.967957 242.893616
vt -352.969757 205.361206
vt -362.534729 229.612793
vt -378.752502 201.621521
vt -353.104431 219.320129
vt -347.890991 233.563232
vt -368.704407 214.493591
vt -365.143860 198.546387
vt -378.940002 227.488831
vt -409.459412 224.428223
vt -394.628235 230.231750
vt -395.811829 211.403809
vt -391.569214 199.036499
vt -385.655212 165.838989
vt -391.892517 181.853394
vt -374.333496 183.494385
vt -416.563660 170.201965
vt -400.956909 169.101135
vt -407.954590 181.074768
vt -409.601135 157.730164
vt -430.374268 154.312683
vt -431.484192 137.702209
vt -419.153381 133.346497
vt -386.454102 106.586670
vt -398.596680 125.107422
vt -401.769775 80.822510
vt -412.456421 69.331177
vt -396.953430 65.628601
vt -418.495300 85.661987
vt -382.197510 57.192688
vt -405.198425 100.295044
vt -418.375122 108.448853
vt -405.963196 113.782959
vt -382.686340 214.527344
vt -446.929993 182.649109
vt -427.215332 187.480713
vt -370.744995 130.126770
vt -389.387573 144.603149
vt -355.599976 62.371277
vt -367.759949 53.932983
vt -392.170959 92.550781
vt -364.111877 89.304443
vt -377.689392 94.834595
vt -382.283203 76.908447
vt -363.891052 109.279297
vt -369.253906 69.066528
vt -445.835510 164.283936
vt -431.624817 169.346130
vt -461.543640 172.562988
vt -472.099731 164.142334
vt -462.979675 152.735718
vt -445.376831 218.948853
vt -383.603821 121.696228
vt -399.826477 137.611206
vt -368.760925 151.923828
vt -355.142334 166.963013
vt -363.795471 176.322754
vt -351.381042 48.501099
vt -335.923798 59.918762
vt -348.607605 99.121704
vt -347.247681 79.822510
vt -330.137177 81.626770
vt -338.774323 106.770508
vt -328.278259 121.015442
vt -338.259735 91.548950
vt -337.776428 72.037903
vt -320.038910 110.343201
vt -323.104523 131.975647
vt -358.741943 122.522522
vt -440.873352 200.573059
vt -421.263000 207.360474
vt -469.758911 203.233643
vt -429.330017 198.944885
vt -408.113464 206.713501
vt -433.859558 212.031677
vt -467.886292 187.299622
vt -454.857239 206.885681
vt -381.145874 154.100525
vt -376.730713 141.660400
vt -349.809296 148.447998
vt -358.104309 136.804443
vt -342.640869 168.549255
vt -371.941284 165.275818
vt -359.700989 77.411560
vt -416.727905 195.171570
vt -455.574707 193.236328
vt -271.328308 147.045349
vt -262.078888 158.674805
vt -278.813751 161.739502
vt -265.244934 135.671265
vt -284.752533 149.460510
vt 40.199791 125.652588
vt 53.868546 125.101318
vt 25.922241 118.538452
vt 14.267624 124.994141
vt 38.718155 112.158142
vt 65.838936 116.463135
vt 297.630981 82.042908
vt 258.874329 136.883789
vt 265.762695 110.116394
vt 254.050247 101.707703
vt 251.296387 120.222229
vt 260.289001 149.783325
vt 276.400055 134.683716
vt 266.221252 124.504395
vt 313.405060 215.275757
vt 324.341431 207.413391
vt 335.392914 228.452759
vt 302.214844 207.672913
vt 320.135132 228.979126
vt 266.668457 313.216187
vt -183.117859 -248.073761
vt -326.575256 324.498962
vt -361.659729 333.982361
vt -383.637634 329.862305
vt -371.541077 326.013916
vt -582.698425 -48.520813
vt -447.211304 91.999756
vt -493.683167 192.690613
vt -481.030579 188.818665
vt -504.279663 201.632263
vt -505.733459 181.325928
vt -518.443909 180.479797
vt -492.781677 176.579895
vt -485.380676 206.266479
vt -474.178162 240.363586
vt -491.838623 232.478333
vt -474.314148 221.519409
vt -459.818176 220.541382
vt -492.118042 256.108337
vt -503.577576 261.930298
vt -487.308105 220.231873
vt -498.254517 244.219116
vt 230.419983 27.387695
vt 235.275024 14.692139
vt 327.730164 -136.348450
vt 342.780640 -47.289856
vt 355.912109 -43.896423
vt 382.088379 -48.248108
vt 393.373840 -43.512634
vt 382.069458 -33.723389
vt 438.408112 247.526672
vt 317.391846 27.238647
vt 299.854675 6.236450
vt 299.732239 -7.910889
vt 280.143372 2.835205
vt 284.404022 36.960938
vt 267.897888 21.767212
vt 287.459961 19.250610
vt 302.883392 21.530457
vt 269.380493 9.299927
vt 263.877258 42.697937
vt 266.116577 62.354919
vt 254.240356 23.221191
vt 272.365173 33.476868
vt 251.233734 44.180420
vt 277.297638 51.125122
vt 304.044678 55.679749
vt 283.929108 68.908997
vt 291.366516 49.318970
vt 304.578552 38.513794
vt 297.823425 68.127991
vt 316.616791 69.741699
vt 330.760925 63.151672
vt 330.981689 42.624573
vt 280.438049 86.265198
vt 272.224182 73.238159
vt 315.060547 88.141724
vt 316.703827 47.482239
vt 294.687286 107.171753
vt 282.200043 118.705261
vt 268.944580 95.633789
vt 282.311218 100.297668
vt 327.347504 93.145874
vt 302.746277 95.378967
vt 296.982605 122.183594
vt 340.263123 20.731934
vt 344.752991 43.581421
vt 330.384277 29.457520
vt 190.075348 -169.727112
vt 172.535919 -175.894867
vt 174.070633 -193.398865
vt 159.953568 -188.395325
vt 169.940826 -205.177216
vt 153.428055 -198.355103
vt -288.737976 265.233765
vt -289.090576 278.582275
vt -305.956512 261.591431
vt -321.761017 279.571167
vt -309.804474 284.316956
vt -298.098480 286.322510
vt -333.208466 298.910156
vt -350.406891 265.416321
vt -359.814941 248.647339
vt -322.465668 292.211670
vt -321.106903 309.427307
vt -308.244934 309.750732
vt -336.776581 313.489258
vt -343.840485 330.265503
vt -354.480713 323.827209
vt -330.592346 341.201294
vt -350.011047 345.255310
vt -317.345734 335.552979
vt -342.005432 361.225464
vt -333.659912 267.588074
vt -337.507507 283.307861
vt -340.191101 252.295837
vt -377.890991 269.812317
vt -371.200134 240.562561
vt -373.235168 255.487183
vt -364.360657 266.290649
vt -365.154846 290.992249
vt -349.172821 294.915527
vt -354.068573 280.344910
vt -345.559265 131.028687
vt 345.522614 217.444824
vt 354.781799 202.775818
vt 350.298492 231.394592
vt 353.201782 190.333496
vt 336.877686 243.112061
vt -368.173218 346.771545
vt -458.275818 276.575928
vt -427.365051 289.394226
vt -415.619568 302.338562
vt -425.101929 312.609802
vt -402.876709 278.974915
vt -411.848816 252.387146
vt -406.516907 238.761230
vt -430.265015 237.324646
vt -404.336670 293.335510
vt -384.707336 292.805908
vt -374.103210 300.823975
vt -375.761108 282.950867
vt -388.934998 278.344543
vt -396.656067 262.068054
vt -385.868103 255.494446
vt 347.582581 -16.366577
vt 345.814606 -31.926514
vt 359.854553 -25.641357
vt 362.984802 -3.310303
vt 365.490906 -15.046509
vt 344.925842 2.380554
vt 358.019226 12.431152
vt 324.121277 6.862549
vt 311.852325 11.807434
vt 333.830688 -8.753601
vt 330.445435 -23.305237
vt 362.007355 25.113708
vt 335.636658 9.788391
vt 312.065002 -1.907349
vt 308.804810 111.432312
vt -482.952881 279.166199
vt -497.335266 298.022644
vt -483.093811 313.421387
vt -500.579224 314.807434
vt -510.333618 298.836243
vt -480.033447 296.306091
vt -469.788086 285.742432
vt -451.290283 297.161499
vt -439.697937 307.431641
vt -471.714233 306.624939
vt -442.735596 282.780518
vt -438.802917 294.808594
vt -442.060913 258.527039
vt -446.853149 270.529846
vt -463.852966 296.819946
vt -471.957825 260.986389
vt -457.029785 259.508667
vt -480.322083 251.455994
vt -483.886414 266.186829
vt -421.031250 270.293457
vt -409.229309 265.038025
vt -415.780090 282.635254
vt -426.843445 256.005371
vt -424.380920 223.586548
vt -496.533386 283.721130
vt -454.201538 239.722900
vt -463.920898 248.428589
vt -464.437988 232.307190
vt -442.858887 232.279846
vt 0.787489 0.874155
vt 0.787489 0.876445
vt 0.788723 0.875851
vt 0.434400 0.633001
vt 0.434400 0.630711
vt 0.433166 0.631305
vt 0.789520 0.625802
vt 0.789087 0.627515
vt 0.787851 0.628114
vt 0.432646 0.606137
vt 0.433078 0.604424
vt 0.434314 0.603825
vt 0.789520 0.606137
vt 0.789087 0.604424
vt 0.787851 0.603825
vt 0.905349 0.163689
vt 0.912613 0.163689
vt 0.912613 0.879133
vt 0.905349 0.879133
vt 0.898086 0.163689
vt 0.898086 0.879133
vt 0.912613 0.163689
vt 0.919877 0.163689
vt 0.919877 0.879133
vt 0.912613 0.879133
vt 0.861767 0.163689
vt 0.869031 0.163689
vt 0.869031 0.879133
vt 0.861767 0.879133
vt 0.876295 0.879133
vt 0.869031 0.879133
vt 0.869031 0.163689
vt 0.876295 0.163689
vt 0.883558 0.879133
vt 0.883558 0.163689
vt 0.890822 0.879133
vt 0.883558 0.879133
vt 0.883558 0.163689
vt 0.890822 0.163689
vt 0.898086 0.879133
vt 0.898086 0.163689
vt 0.905349 0.163689
vt 0.912613 0.163689
vt 0.912613 0.879133
vt 0.905349 0.879133
vt 0.898086 0.163689
vt 0.898086 0.879133
vt 0.912613 0.163689
vt 0.919877 0.163689
vt 0.919877 0.879133
vt 0.912613 0.879133
vt 0.861767 0.163689
vt 0.869031 0.163689
vt 0.869031 0.879133
vt 0.861767 0.879133
vt 0.876295 0.879133
vt 0.869031 0.879133
vt 0.869031 0.163689
vt 0.876295 0.163689
vt 0.883558 0.879133
vt 0.883558 0.163689
vt 0.890822 0.879133
vt 0.883558 0.879133
vt 0.883558 0.163689
vt 0.890822 0.163689
vt 0.898086 0.879133
vt 0.898086 0.163689
vt 0.905349 0.163689
vt 0.912613 0.163689
vt 0.912613 0.879133
vt 0.905349 0.879133
vt 0.898086 0.163689
vt 0.898086 0.879133
vt 0.912613 0.163689
vt 0.919877 0.163689
vt 0.919877 0.879133
vt 0.912613 0.879133
vt 0.861767 0.163689
vt 0.869031 0.163689
vt 0.869031 0.879133
vt 0.861767 0.879133
vt 0.876295 0.879133
vt 0.869031 0.879133
vt 0.869031 0.163689
vt 0.876295 0.163689
vt 0.883558 0.879133
vt 0.883558 0.163689
vt 0.890822 0.879133
vt 0.883558 0.879133
vt 0.883558 0.163689
vt 0.890822 0.163689
vt 0.898086 0.879133
vt 0.898086 0.163689
vt 0.905349 0.163689
vt 0.912613 0.163689
vt 0.912613 0.879133
vt 0.905349 0.879133
vt 0.898086 0.163689
vt 0.898086 0.879133
vt 0.912613 0.163689
vt 0.919877 0.163689
vt 0.919877 0.879133
vt 0.912613 0.879133
vt 0.861767 0.163689
vt 0.869031 0.163689
vt 0.869031 0.879133
vt 0.861767 0.879133
vt 0.876295 0.879133
vt 0.869031 0.879133
vt 0.869031 0.163689
vt 0.876295 0.163689
vt 0.883558 0.879133
vt 0.883558 0.163689
vt 0.890822 0.879133
vt 0.883558 0.879133
vt 0.883558 0.163689
vt 0.890822 0.163689
vt 0.898086 0.879133
vt 0.898086 0.163689
vt 0.854540 0.958844
vt 0.854540 0.996132
vt 0.878904 0.996132
vt 0.878904 0.958844
vt 0.805394 0.958851
vt 0.850819 0.958851
vt 0.850819 0.996139
vt 0.805394 0.996139
vt 0.885694 0.892072
vt 0.908047 0.892072
vt 0.887324 0.954473
vt 0.845647 0.954473
vt 0.805168 0.879704
vt 0.840207 0.879704
vt 0.840207 0.953349
vt 0.805168 0.953349
vt 0.908047 0.892072
vt 0.885694 0.892072
vt 0.845647 0.954473
vt 0.887324 0.954473
vt 0.840207 0.879704
vt 0.805168 0.879704
vt 0.805168 0.953349
vt 0.840207 0.953349
vt 0.709177 0.894895
vt 0.680585 0.894895
vt 0.680585 0.883034
vt 0.709177 0.883034
vt 0.737769 0.894895
vt 0.737769 0.883034
vt 0.537625 0.894895
vt 0.509033 0.894895
vt 0.509033 0.883034
vt 0.537625 0.883034
vt 0.566217 0.894895
vt 0.566217 0.883034
vt 0.594809 0.894895
vt 0.566217 0.894895
vt 0.566217 0.883034
vt 0.594809 0.883034
vt 0.623401 0.894895
vt 0.623401 0.883034
vt 0.651993 0.894895
vt 0.623401 0.894895
vt 0.623401 0.883034
vt 0.651993 0.883034
vt 0.680585 0.894895
vt 0.680585 0.883034
vt 0.506518 0.914573
vt 0.496436 0.890231
vt 0.472093 0.880148
vt 0.472093 0.948998
vt 0.496436 0.938915
vt 0.437668 0.914573
vt 0.447751 0.890231
vt 0.447751 0.938915
vt 0.447751 0.938915
vt 0.437668 0.914573
vt 0.447751 0.890231
vt 0.496436 0.938915
vt 0.472093 0.948998
vt 0.496436 0.890231
vt 0.472093 0.880148
vt 0.506518 0.914573
vt 0.756436 0.901541
vt 0.771784 0.901541
vt 0.771784 0.918759
vt 0.756436 0.918759
vt 0.741088 0.901541
vt 0.741088 0.918759
vt 0.725740 0.901541
vt 0.725740 0.918759
vt 0.771784 0.901541
vt 0.787132 0.901541
vt 0.787132 0.918759
vt 0.771784 0.918759
vt 0.618306 0.918759
vt 0.602958 0.918759
vt 0.602958 0.901541
vt 0.618306 0.901541
vt 0.633654 0.918759
vt 0.633654 0.901541
vt 0.649002 0.918759
vt 0.633654 0.918759
vt 0.633654 0.901541
vt 0.649002 0.901541
vt 0.664349 0.918759
vt 0.664349 0.901541
vt 0.679697 0.918759
vt 0.679697 0.901541
vt 0.695045 0.918759
vt 0.679697 0.918759
vt 0.679697 0.901541
vt 0.695045 0.901541
vt 0.710393 0.918759
vt 0.710393 0.901541
vt 0.725740 0.918759
vt 0.725740 0.901541
vt 0.661302 0.957935
vt 0.664514 0.945948
vt 0.661302 0.933960
vt 0.640539 0.969923
vt 0.652527 0.966711
vt 0.619776 0.933960
vt 0.640539 0.921973
vt 0.652527 0.925185
vt 0.628552 0.925185
vt 0.619776 0.957935
vt 0.616564 0.945948
vt 0.628552 0.966711
vt 0.628552 0.966711
vt 0.619776 0.957935
vt 0.616564 0.945948
vt 0.652527 0.966711
vt 0.640539 0.969923
vt 0.652527 0.925185
vt 0.628552 0.925185
vt 0.619776 0.933960
vt 0.640539 0.921973
vt 0.664514 0.945948
vt 0.661302 0.933960
vt 0.661302 0.957935
vt 0.854540 0.958844
vt 0.854540 0.996132
vt 0.878904 0.996132
vt 0.878904 0.958844
vt 0.805394 0.958851
vt 0.850819 0.958851
vt 0.850819 0.996139
vt 0.805394 0.996139
vt 0.885694 0.892072
vt 0.908047 0.892072
vt 0.887324 0.954473
vt 0.845647 0.954473
vt 0.805168 0.879704
vt 0.840207 0.879704
vt 0.840207 0.953349
vt 0.805168 0.953349
vt 0.908047 0.892072
vt 0.885694 0.892072
vt 0.845647 0.954473
vt 0.887324 0.954473
vt 0.840207 0.879704
vt 0.805168 0.879704
vt 0.805168 0.953349
vt 0.840207 0.953349
vt 0.709177 0.894895
vt 0.680585 0.894895
vt 0.680585 0.883034
vt 0.709177 0.883034
vt 0.737769 0.894895
vt 0.737769 0.883034
vt 0.537625 0.894895
vt 0.509033 0.894895
vt 0.509033 0.883034
vt 0.537625 0.883034
vt 0.566217 0.894895
vt 0.566217 0.883034
vt 0.594809 0.894895
vt 0.566217 0.894895
vt 0.566217 0.883034
vt 0.594809 0.883034
vt 0.623401 0.894895
vt 0.623401 0.883034
vt 0.651993 0.894895
vt 0.623401 0.894895
vt 0.623401 0.883034
vt 0.651993 0.883034
vt 0.680585 0.894895
vt 0.680585 0.883034
vt 0.506518 0.914573
vt 0.496436 0.890231
vt 0.472093 0.880148
vt 0.472093 0.948998
vt 0.496436 0.938915
vt 0.437668 0.914573
vt 0.447751 0.890231
vt 0.447751 0.938915
vt 0.447751 0.938915
vt 0.437668 0.914573
vt 0.447751 0.890231
vt 0.496436 0.938915
vt 0.472093 0.948998
vt 0.496436 0.890231
vt 0.472093 0.880148
vt 0.506518 0.914573
vt 0.756436 0.901541
vt 0.771784 0.901541
vt 0.771784 0.918759
vt 0.756436 0.918759
vt 0.741088 0.901541
vt 0.741088 0.918759
vt 0.725740 0.901541
vt 0.725740 0.918759
vt 0.771784 0.901541
vt 0.787132 0.901541
vt 0.787132 0.918759
vt 0.771784 0.918759
vt 0.618306 0.918759
vt 0.602958 0.918759
vt 0.602958 0.901541
vt 0.618306 0.901541
vt 0.633654 0.918759
vt 0.633654 0.901541
vt 0.649002 0.918759
vt 0.633654 0.918759
vt 0.633654 0.901541
vt 0.649002 0.901541
vt 0.664349 0.918759
vt 0.664349 0.901541
vt 0.679697 0.918759
vt 0.679697 0.901541
vt 0.695045 0.918759
vt 0.679697 0.918759
vt 0.679697 0.901541
vt 0.695045 0.901541
vt 0.710393 0.918759
vt 0.710393 0.901541
vt 0.725740 0.918759
vt 0.725740 0.901541
vt 0.661302 0.957935
vt 0.664514 0.945948
vt 0.661302 0.933960
vt 0.640539 0.969923
vt 0.652527 0.966711
vt 0.619776 0.933960
vt 0.640539 0.921973
vt 0.652527 0.925185
vt 0.628552 0.925185
vt 0.619776 0.957935
vt 0.616564 0.945948
vt 0.628552 0.966711
vt 0.628552 0.966711
vt 0.619776 0.957935
vt 0.616564 0.945948
vt 0.652527 0.966711
vt 0.640539 0.969923
vt 0.652527 0.925185
vt 0.628552 0.925185
vt 0.619776 0.933960
vt 0.640539 0.921973
vt 0.664514 0.945948
vt 0.661302 0.933960
vt 0.661302 0.957935
vt 0.854540 0.958844
vt 0.854540 0.996132
vt 0.878904 0.996132
vt 0.878904 0.958844
vt 0.805394 0.958851
vt 0.850819 0.958851
vt 0.850819 0.996139
vt 0.805394 0.996139
vt 0.885694 0.892072
vt 0.908047 0.892072
vt 0.887324 0.954473
vt 0.845647 0.954473
vt 0.805168 0.879704
vt 0.840207 0.879704
vt 0.840207 0.953349
vt 0.805168 0.953349
vt 0.908047 0.892072
vt 0.885694 0.892072
vt 0.845647 0.954473
vt 0.887324 0.954473
vt 0.840207 0.879704
vt 0.805168 0.879704
vt 0.805168 0.953349
vt 0.840207 0.953349
vt 0.709177 0.894895
vt 0.680585 0.894895
vt 0.680585 0.883034
vt 0.709177 0.883034
vt 0.737769 0.894895
vt 0.737769 0.883034
vt 0.537625 0.894895
vt 0.509033 0.894895
vt 0.509033 0.883034
vt 0.537625 0.883034
vt 0.566217 0.894895
vt 0.566217 0.883034
vt 0.594809 0.894895
vt 0.566217 0.894895
vt 0.566217 0.883034
vt 0.594809 0.883034
vt 0.623401 0.894895
vt 0.623401 0.883034
vt 0.651993 0.894895
vt 0.623401 0.894895
vt 0.623401 0.883034
vt 0.651993 0.883034
vt 0.680585 0.894895
vt 0.680585 0.883034
vt 0.506518 0.914573
vt 0.496436 0.890231
vt 0.472093 0.880148
vt 0.472093 0.948998
vt 0.496436 0.938915
vt 0.437668 0.914573
vt 0.447751 0.890231
vt 0.447751 0.938915
vt 0.447751 0.938915
vt 0.437668 0.914573
vt 0.447751 0.890231
vt 0.496436 0.938915
vt 0.472093 0.948998
vt 0.496436 0.890231
vt 0.472093 0.880148
vt 0.506518 0.914573
vt 0.756436 0.901541
vt 0.771784 0.901541
vt 0.771784 0.918759
vt 0.756436 0.918759
vt 0.741088 0.901541
vt 0.741088 0.918759
vt 0.725740 0.901541
vt 0.725740 0.918759
vt 0.771784 0.901541
vt 0.787132 0.901541
vt 0.787132 0.918759
vt 0.771784 0.918759
vt 0.618306 0.918759
vt 0.602958 0.918759
vt 0.602958 0.901541
vt 0.618306 0.901541
vt 0.633654 0.918759
vt 0.633654 0.901541
vt 0.649002 0.918759
vt 0.633654 0.918759
vt 0.633654 0.901541
vt 0.649002 0.901541
vt 0.664349 0.918759
vt 0.664349 0.901541
vt 0.679697 0.918759
vt 0.679697 0.901541
vt 0.695045 0.918759
vt 0.679697 0.918759
vt 0.679697 0.901541
vt 0.695045 0.901541
vt 0.710393 0.918759
vt 0.710393 0.901541
vt 0.725740 0.918759
vt 0.725740 0.901541
vt 0.661302 0.957935
vt 0.664514 0.945948
vt 0.661302 0.933960
vt 0.640539 0.969923
vt 0.652527 0.966711
vt 0.619776 0.933960
vt 0.640539 0.921973
vt 0.652527 0.925185
vt 0.628552 0.925185
vt 0.619776 0.957935
vt 0.616564 0.945948
vt 0.628552 0.966711
vt 0.628552 0.966711
vt 0.619776 0.957935
vt 0.616564 0.945948
vt 0.652527 0.966711
vt 0.640539 0.969923
vt 0.652527 0.925185
vt 0.628552 0.925185
vt 0.619776 0.933960
vt 0.640539 0.921973
vt 0.664514 0.945948
vt 0.661302 0.933960
vt 0.661302 0.957935
vt 0.854540 0.958844
vt 0.854540 0.996132
vt 0.878904 0.996132
vt 0.878904 0.958844
vt 0.805394 0.958851
vt 0.850819 0.958851
vt 0.850819 0.996139
vt 0.805394 0.996139
vt 0.885694 0.892072
vt 0.908047 0.892072
vt 0.887324 0.954473
vt 0.845647 0.954473
vt 0.805168 0.879704
vt 0.840207 0.879704
vt 0.840207 0.953349
vt 0.805168 0.953349
vt 0.908047 0.892072
vt 0.885694 0.892072
vt 0.845647 0.954473
vt 0.887324 0.954473
vt 0.840207 0.879704
vt 0.805168 0.879704
vt 0.805168 0.953349
vt 0.840207 0.953349
vt 0.709177 0.894895
vt 0.680585 0.894895
vt 0.680585 0.883034
vt 0.709177 0.883034
vt 0.737769 0.894895
vt 0.737769 0.883034
vt 0.537625 0.894895
vt 0.509033 0.894895
vt 0.509033 0.883034
vt 0.537625 0.883034
vt 0.566217 0.894895
vt 0.566217 0.883034
vt 0.594809 0.894895
vt 0.566217 0.894895
vt 0.566217 0.883034
vt 0.594809 0.883034
vt 0.623401 0.894895
vt 0.623401 0.883034
vt 0.651993 0.894895
vt 0.623401 0.894895
vt 0.623401 0.883034
vt 0.651993 0.883034
vt 0.680585 0.894895
vt 0.680585 0.883034
vt 0.506518 0.914573
vt 0.496436 0.890231
vt 0.472093 0.880148
vt 0.472093 0.948998
vt 0.496436 0.938915
vt 0.437668 0.914573
vt 0.447751 0.890231
vt 0.447751 0.938915
vt 0.447751 0.938915
vt 0.437668 0.914573
vt 0.447751 0.890231
vt 0.496436 0.938915
vt 0.472093 0.948998
vt 0.496436 0.890231
vt 0.472093 0.880148
vt 0.506518 0.914573
vt 0.756436 0.901541
vt 0.771784 0.901541
vt 0.771784 0.918759
vt 0.756436 0.918759
vt 0.741088 0.901541
vt 0.741088 0.918759
vt 0.725740 0.901541
vt 0.725740 0.918759
vt 0.771784 0.901541
vt 0.787132 0.901541
vt 0.787132 0.918759
vt 0.771784 0.918759
vt 0.618306 0.918759
vt 0.602958 0.918759
vt 0.602958 0.901541
vt 0.618306 0.901541
vt 0.633654 0.918759
vt 0.633654 0.901541
vt 0.649002 0.918759
vt 0.633654 0.918759
vt 0.633654 0.901541
vt 0.649002 0.901541
vt 0.664349 0.918759
vt 0.664349 0.901541
vt 0.679697 0.918759
vt 0.679697 0.901541
vt 0.695045 0.918759
vt 0.679697 0.918759
vt 0.679697 0.901541
vt 0.695045 0.901541
vt 0.710393 0.918759
vt 0.710393 0.901541
vt 0.725740 0.918759
vt 0.725740 0.901541
vt 0.661302 0.957935
vt 0.664514 0.945948
vt 0.661302 0.933960
vt 0.640539 0.969923
vt 0.652527 0.966711
vt 0.619776 0.933960
vt 0.640539 0.921973
vt 0.652527 0.925185
vt 0.628552 0.925185
vt 0.619776 0.957935
vt 0.616564 0.945948
vt 0.628552 0.966711
vt 0.628552 0.966711
vt 0.619776 0.957935
vt 0.616564 0.945948
vt 0.652527 0.966711
vt 0.640539 0.969923
vt 0.652527 0.925185
vt 0.628552 0.925185
vt 0.619776 0.933960
vt 0.640539 0.921973
vt 0.664514 0.945948
vt 0.661302 0.933960
vt 0.661302 0.957935
vt 0.277661 0.019668
vt 0.277661 0.012404
vt 0.337282 0.012404
vt 0.337282 0.019668
vt 0.277661 0.026931
vt 0.337282 0.026931
vt 0.367092 0.012404
vt 0.367092 0.019668
vt 0.367092 0.026931
vt 0.396902 0.026931
vt 0.396902 0.019668
vt 0.396902 0.012404
vt 0.442309 0.012404
vt 0.442309 0.019668
vt 0.442309 0.026931
vt 0.828458 0.012404
vt 0.828458 0.019668
vt 0.828458 0.026931
vt 0.873865 0.026931
vt 0.873865 0.019668
vt 0.873865 0.012404
vt 0.903675 0.012404
vt 0.903675 0.019668
vt 0.903675 0.026931
vt 0.933485 0.019668
vt 0.933485 0.012404
vt 0.993106 0.012404
vt 0.993106 0.019668
vt 0.933485 0.026931
vt 0.993106 0.026931
vt 0.933485 0.034195
vt 0.903675 0.034195
vt 0.993106 0.034195
vt 0.993106 0.005140
vt 0.993106 0.012404
vt 0.933485 0.012404
vt 0.933485 0.005140
vt 0.903675 0.005140
vt 0.903675 0.012404
vt 0.903675 0.005140
vt 0.903675 0.012404
vt 0.873865 0.012404
vt 0.873865 0.005140
vt 0.828458 0.005140
vt 0.828458 0.012404
vt 0.442309 0.012404
vt 0.442309 0.005140
vt 0.396902 0.012404
vt 0.396902 0.005140
vt 0.277661 0.012404
vt 0.277661 0.005140
vt 0.337282 0.005140
vt 0.337282 0.012404
vt 0.367092 0.005140
vt 0.367092 0.012404
vt 0.396902 0.012404
vt 0.396902 0.005140
vt 0.993106 0.055986
vt 0.993106 0.063250
vt 0.933485 0.063250
vt 0.933485 0.055986
vt 0.903675 0.063250
vt 0.277661 0.063250
vt 0.277661 0.055986
vt 0.337282 0.055986
vt 0.337282 0.063250
vt 0.367092 0.063250
vt 0.367092 0.055986
vt 0.367092 0.063250
vt 0.367092 0.055986
vt 0.396902 0.055986
vt 0.396902 0.063250
vt 0.442309 0.063250
vt 0.442309 0.055986
vt 0.828458 0.055986
vt 0.828458 0.063250
vt 0.873865 0.055986
vt 0.873865 0.063250
vt 0.903675 0.063250
vt 0.903675 0.055986
vt 0.933485 0.055986
vt 0.993106 0.048722
vt 0.993106 0.055986
vt 0.933485 0.055986
vt 0.933485 0.048722
vt 0.993106 0.041459
vt 0.933485 0.041459
vt 0.903675 0.055986
vt 0.903675 0.048722
vt 0.903675 0.041459
vt 0.873865 0.048722
vt 0.873865 0.055986
vt 0.828458 0.055986
vt 0.873865 0.041459
vt 0.873865 0.034195
vt 0.828458 0.048722
vt 0.828458 0.041459
vt 0.442309 0.055986
vt 0.442309 0.048722
vt 0.442309 0.041459
vt 0.396902 0.041459
vt 0.396902 0.048722
vt 0.396902 0.055986
vt 0.367092 0.055986
vt 0.367092 0.048722
vt 0.367092 0.041459
vt 0.337282 0.041459
vt 0.337282 0.048722
vt 0.337282 0.055986
vt 0.277661 0.055986
vt 0.277661 0.048722
vt 0.277661 0.041459
vt 0.993106 0.034195
vt 0.993106 0.041459
vt 0.933485 0.041459
vt 0.933485 0.034195
vt 0.903675 0.041459
vt 0.903675 0.034195
vt 0.873865 0.034195
vt 0.337282 0.034195
vt 0.337282 0.041459
vt 0.277661 0.041459
vt 0.277661 0.034195
vt 0.337282 0.026931
vt 0.277661 0.026931
vt 0.367092 0.026931
vt 0.367092 0.034195
vt 0.903675 0.026931
vt 0.903675 0.034195
vt 0.873865 0.034195
vt 0.873865 0.026931
vt 0.828458 0.026931
vt 0.828458 0.034195
vt 0.828458 0.041459
vt 0.873865 0.041459
vt 0.442309 0.041459
vt 0.442309 0.034195
vt 0.396902 0.034195
vt 0.442309 0.026931
vt 0.396902 0.041459
vt 0.396902 0.026931
vt 0.367092 0.026931
vt 0.367092 0.034195
vt 0.367092 0.041459
vt 0.337282 0.034195
vt 0.337282 0.041459
vt 0.277661 0.019668
vt 0.277661 0.012404
vt 0.337282 0.012404
vt 0.337282 0.019668
vt 0.277661 0.026931
vt 0.337282 0.026931
vt 0.367092 0.012404
vt 0.367092 0.019668
vt 0.367092 0.026931
vt 0.396902 0.026931
vt 0.396902 0.019668
vt 0.396902 0.012404
vt 0.442309 0.012404
vt 0.442309 0.019668
vt 0.442309 0.026931
vt 0.828458 0.012404
vt 0.828458 0.019668
vt 0.828458 0.026931
vt 0.873865 0.026931
vt 0.873865 0.019668
vt 0.873865 0.012404
vt 0.903675 0.012404
vt 0.903675 0.019668
vt 0.903675 0.026931
vt 0.933485 0.019668
vt 0.933485 0.012404
vt 0.993106 0.012404
vt 0.993106 0.019668
vt 0.933485 0.026931
vt 0.993106 0.026931
vt 0.933485 0.034195
vt 0.903675 0.034195
vt 0.993106 0.034195
vt 0.993106 0.005140
vt 0.993106 0.012404
vt 0.933485 0.012404
vt 0.933485 0.005140
vt 0.903675 0.005140
vt 0.903675 0.012404
vt 0.903675 0.005140
vt 0.903675 0.012404
vt 0.873865 0.012404
vt 0.873865 0.005140
vt 0.828458 0.005140
vt 0.828458 0.012404
vt 0.442309 0.012404
vt 0.442309 0.005140
vt 0.396902 0.012404
vt 0.396902 0.005140
vt 0.277661 0.012404
vt 0.277661 0.005140
vt 0.337282 0.005140
vt 0.337282 0.012404
vt 0.367092 0.005140
vt 0.367092 0.012404
vt 0.396902 0.012404
vt 0.396902 0.005140
vt 0.993106 0.055986
vt 0.993106 0.063250
vt 0.933485 0.063250
vt 0.933485 0.055986
vt 0.903675 0.063250
vt 0.277661 0.063250
vt 0.277661 0.055986
vt 0.337282 0.055986
vt 0.337282 0.063250
vt 0.367092 0.063250
vt 0.367092 0.055986
vt 0.367092 0.063250
vt 0.367092 0.055986
vt 0.396902 0.055986
vt 0.396902 0.063250
vt 0.442309 0.063250
vt 0.442309 0.055986
vt 0.828458 0.055986
vt 0.828458 0.063250
vt 0.873865 0.055986
vt 0.873865 0.063250
vt 0.903675 0.063250
vt 0.903675 0.055986
vt 0.933485 0.055986
vt 0.993106 0.048722
vt 0.993106 0.055986
vt 0.933485 0.055986
vt 0.933485 0.048722
vt 0.993106 0.041459
vt 0.933485 0.041459
vt 0.903675 0.055986
vt 0.903675 0.048722
vt 0.903675 0.041459
vt 0.873865 0.048722
vt 0.873865 0.055986
vt 0.828458 0.055986
vt 0.873865 0.041459
vt 0.873865 0.034195
vt 0.828458 0.048722
vt 0.828458 0.041459
vt 0.442309 0.055986
vt 0.442309 0.048722
vt 0.442309 0.041459
vt 0.396902 0.041459
vt 0.396902 0.048722
vt 0.396902 0.055986
vt 0.367092 0.055986
vt 0.367092 0.048722
vt 0.367092 0.041459
vt 0.337282 0.041459
vt 0.337282 0.048722
vt 0.337282 0.055986
vt 0.277661 0.055986
vt 0.277661 0.048722
vt 0.277661 0.041459
vt 0.993106 0.034195
vt 0.993106 0.041459
vt 0.933485 0.041459
vt 0.933485 0.034195
vt 0.903675 0.041459
vt 0.903675 0.034195
vt 0.873865 0.034195
vt 0.337282 0.034195
vt 0.337282 0.041459
vt 0.277661 0.041459
vt 0.277661 0.034195
vt 0.337282 0.026931
vt 0.277661 0.026931
vt 0.367092 0.026931
vt 0.367092 0.034195
vt 0.903675 0.026931
vt 0.903675 0.034195
vt 0.873865 0.034195
vt 0.873865 0.026931
vt 0.828458 0.026931
vt 0.828458 0.034195
vt 0.828458 0.041459
vt 0.873865 0.041459
vt 0.442309 0.041459
vt 0.442309 0.034195
vt 0.396902 0.034195
vt 0.442309 0.026931
vt 0.396902 0.041459
vt 0.396902 0.026931
vt 0.367092 0.026931
vt 0.367092 0.034195
vt 0.367092 0.041459
vt 0.337282 0.034195
vt 0.337282 0.041459
vt 0.432646 0.606137
vt 0.432646 0.625802
vt 0.434314 0.625802
vt 0.434314 0.606137
vt 0.433078 0.604424
vt 0.434314 0.603825
vt 0.787851 0.603825
vt 0.787851 0.606137
vt 0.789520 0.606137
vt 0.789520 0.625802
vt 0.787851 0.625802
vt 0.434314 0.628114
vt 0.789087 0.627515
vt 0.787851 0.628114
vt 0.789155 0.633001
vt 0.788723 0.631305
vt 0.787489 0.630711
vt 0.787489 0.633001
vt 0.434400 0.630711
vt 0.789155 0.874155
vt 0.434400 0.633001
vt 0.787489 0.874155
vt 0.788723 0.875851
vt 0.434400 0.874155
vt 0.787489 0.876445
vt 0.434400 0.876445
vt 0.432734 0.633001
vt 0.433166 0.631305
vt 0.432734 0.874155
vt 0.433166 0.875851
vt 0.789155 0.874155
vt 0.788723 0.875851
vt 0.787489 0.876445
vt 0.787489 0.874155
vt 0.434400 0.876445
vt 0.789155 0.633001
vt 0.434400 0.874155
vt 0.433166 0.875851
vt 0.432734 0.874155
vt 0.434400 0.633001
vt 0.432734 0.633001
vt 0.787489 0.633001
vt 0.788723 0.631305
vt 0.787489 0.630711
vt 0.434400 0.630711
vt 0.433166 0.631305
vt 0.434314 0.628114
vt 0.434314 0.625802
vt 0.432646 0.625802
vt 0.433078 0.627515
vt 0.794571 0.876546
vt 0.792866 0.875948
vt 0.792269 0.874240
vt 0.794571 0.874240
vt 0.814151 0.876546
vt 0.794571 0.631431
vt 0.792269 0.631431
vt 0.792866 0.629723
vt 0.794571 0.629125
vt 0.814151 0.631431
vt 0.814151 0.629125
vt 0.814151 0.874240
vt 0.815857 0.875948
vt 0.816454 0.874240
vt 0.816454 0.631431
vt 0.815857 0.629723
vt 0.794571 0.629125
vt 0.792866 0.629723
vt 0.792269 0.631431
vt 0.794571 0.631431
vt 0.814151 0.629125
vt 0.794571 0.874240
vt 0.792269 0.874240
vt 0.792866 0.875948
vt 0.794571 0.876546
vt 0.814151 0.874240
vt 0.814151 0.876546
vt 0.814151 0.631431
vt 0.815857 0.629723
vt 0.816454 0.631431
vt 0.816454 0.874240
vt 0.815857 0.875948
vt 0.782555 0.594337
vt 0.782555 0.360125
vt 0.780937 0.360125
vt 0.780937 0.594337
vt 0.438011 0.594337
vt 0.780937 0.596562
vt 0.438011 0.596562
vt 0.438011 0.360125
vt 0.438011 0.357901
vt 0.780937 0.357901
vt 0.436393 0.360125
vt 0.436393 0.594337
vt 0.782555 0.360125
vt 0.782555 0.594337
vt 0.780937 0.594337
vt 0.780937 0.360125
vt 0.438011 0.360125
vt 0.780937 0.357901
vt 0.438011 0.357901
vt 0.438011 0.594337
vt 0.438011 0.596562
vt 0.780937 0.596562
vt 0.436393 0.594337
vt 0.436393 0.360125
vt 0.781289 0.355379
vt 0.437927 0.355379
vt 0.437927 0.353133
vt 0.781289 0.353133
vt 0.437927 0.334034
vt 0.781289 0.334034
vt 0.437927 0.331788
vt 0.781289 0.331788
vt 0.785579 0.594420
vt 0.785579 0.358600
vt 0.787815 0.358600
vt 0.787815 0.594420
vt 0.806832 0.358600
vt 0.806832 0.594420
vt 0.809068 0.358600
vt 0.809068 0.594420
vt 0.437927 0.355379
vt 0.781289 0.355379
vt 0.781289 0.353133
vt 0.437927 0.353133
vt 0.781289 0.334034
vt 0.437927 0.334034
vt 0.781289 0.331788
vt 0.437927 0.331788
vt 0.785579 0.358600
vt 0.785579 0.594420
vt 0.787815 0.594420
vt 0.787815 0.358600
vt 0.806832 0.594420
vt 0.806832 0.358600
vt 0.809068 0.594420
vt 0.809068 0.358600
vt 0.850499 0.871765
vt 0.846492 0.871765
vt 0.846492 0.414858
vt 0.850499 0.414858
vt 0.854505 0.871765
vt 0.854505 0.414858
vt 0.826461 0.871765
vt 0.822455 0.871765
vt 0.822455 0.414858
vt 0.826461 0.414858
vt 0.830467 0.871765
vt 0.830467 0.414858
vt 0.834474 0.871765
vt 0.830467 0.871765
vt 0.830467 0.414858
vt 0.834474 0.414858
vt 0.838480 0.871765
vt 0.838480 0.414858
vt 0.842486 0.871765
vt 0.838480 0.871765
vt 0.838480 0.414858
vt 0.842486 0.414858
vt 0.846492 0.871765
vt 0.846492 0.414858
vt 0.850499 0.414858
vt 0.850499 0.739262
vt 0.846492 0.739262
vt 0.846492 0.414858
vt 0.842486 0.739262
vt 0.842486 0.414858
vt 0.854505 0.414858
vt 0.854505 0.739262
vt 0.850499 0.739262
vt 0.850499 0.414858
vt 0.826461 0.414858
vt 0.826461 0.739262
vt 0.822455 0.739262
vt 0.822455 0.414858
vt 0.826461 0.739262
vt 0.826461 0.414858
vt 0.830467 0.414858
vt 0.830467 0.739262
vt 0.834474 0.414858
vt 0.834474 0.739262
vt 0.834474 0.739262
vt 0.834474 0.414858
vt 0.838480 0.414858
vt 0.838480 0.739262
vt 0.842486 0.414858
vt 0.842486 0.739262
vt 0.850499 0.414858
vt 0.850499 0.739262
vt 0.846492 0.739262
vt 0.846492 0.414858
vt 0.854505 0.414858
vt 0.854505 0.739262
vt 0.850499 0.739262
vt 0.850499 0.414858
vt 0.826461 0.414858
vt 0.826461 0.739262
vt 0.822455 0.739262
vt 0.822455 0.414858
vt 0.830467 0.414858
vt 0.830467 0.739262
vt 0.826461 0.739262
vt 0.826461 0.414858
vt 0.830467 0.739262
vt 0.830467 0.414858
vt 0.834474 0.414858
vt 0.834474 0.739262
vt 0.838480 0.414858
vt 0.838480 0.739262
vt 0.838480 0.739262
vt 0.838480 0.414858
vt 0.842486 0.414858
vt 0.842486 0.739262
vt 0.846492 0.414858
vt 0.846492 0.739262
vt 0.850499 0.414858
vt 0.850499 0.739262
vt 0.846492 0.739262
vt 0.846492 0.414858
vt 0.842486 0.739262
vt 0.842486 0.414858
vt 0.854505 0.414858
vt 0.854505 0.739262
vt 0.850499 0.739262
vt 0.850499 0.414858
vt 0.826461 0.414858
vt 0.826461 0.739262
vt 0.822455 0.739262
vt 0.822455 0.414858
vt 0.826461 0.739262
vt 0.826461 0.414858
vt 0.830467 0.414858
vt 0.830467 0.739262
vt 0.834474 0.414858
vt 0.834474 0.739262
vt 0.834474 0.739262
vt 0.834474 0.414858
vt 0.838480 0.414858
vt 0.838480 0.739262
vt 0.842486 0.414858
vt 0.842486 0.739262
vt 0.850499 0.871765
vt 0.846492 0.871765
vt 0.846492 0.414858
vt 0.850499 0.414858
vt 0.854505 0.871765
vt 0.854505 0.414858
vt 0.822455 0.414858
vt 0.826461 0.414858
vt 0.826461 0.871765
vt 0.822455 0.871765
vt 0.830467 0.871765
vt 0.826461 0.871765
vt 0.826461 0.414858
vt 0.830467 0.414858
vt 0.834474 0.871765
vt 0.834474 0.414858
vt 0.834474 0.414858
vt 0.838480 0.414858
vt 0.838480 0.871765
vt 0.834474 0.871765
vt 0.842486 0.871765
vt 0.838480 0.871765
vt 0.838480 0.414858
vt 0.842486 0.414858
vt 0.846492 0.871765
vt 0.846492 0.414858
vt 0.850499 0.414858
vt 0.850499 0.739262
vt 0.846492 0.739262
vt 0.846492 0.414858
vt 0.842486 0.739262
vt 0.842486 0.414858
vt 0.854505 0.414858
vt 0.854505 0.739262
vt 0.850499 0.739262
vt 0.850499 0.414858
vt 0.826461 0.414858
vt 0.826461 0.739262
vt 0.822455 0.739262
vt 0.822455 0.414858
vt 0.826461 0.739262
vt 0.826461 0.414858
vt 0.830467 0.414858
vt 0.830467 0.739262
vt 0.834474 0.414858
vt 0.834474 0.739262
vt 0.834474 0.739262
vt 0.834474 0.414858
vt 0.838480 0.414858
vt 0.838480 0.739262
vt 0.842486 0.414858
vt 0.842486 0.739262
vt 0.789520 0.606137
vt 0.789520 0.625802
vt 0.787851 0.625802
vt 0.787851 0.628114
vt 0.787851 0.606137
vt 0.789087 0.604424
vt 0.787851 0.603825
vt 0.434314 0.603825
vt 0.434314 0.606137
vt 0.432646 0.606137
vt 0.432646 0.625802
vt 0.434314 0.625802
vt 0.434314 0.628114
vt 0.433078 0.627515
g 
s 1
usemtl FABRIC 2_FRONT_6516
f 429/429/429 48/48/48 49/49/49
f 38/38/38 39/39/39 203/203/203
f 203/203/203 258/258/258 38/38/38
f 599/599/599 223/223/223 428/428/428
f 1138/1138/1138 1137/1137/1137 1136/1136/1136
f 36/36/36 37/37/37 257/257/257
f 409/409/409 417/417/417 220/220/220
f 437/437/437 443/443/443 613/613/613
f 325/325/325 817/817/817 417/417/417
f 1905/1905/1905 1904/1904/1904 1996/1996/1996
f 258/258/258 203/203/203 327/327/327
f 542/542/542 245/245/245 379/379/379
f 214/214/214 302/302/302 245/245/245
f 41/41/41 42/42/42 263/263/263
f 330/330/330 331/331/331 260/260/260
f 385/385/385 213/213/213 543/543/543
f 384/384/384 106/106/106 107/107/107
f 419/419/419 325/325/325 589/589/589
f 300/300/300 302/302/302 104/104/104
f 43/43/43 259/259/259 42/42/42
f 303/303/303 542/542/542 378/378/378
f 259/259/259 262/262/262 222/222/222
f 1144/1144/1144 1322/1322/1322 341/341/341
f 34/34/34 35/35/35 256/256/256
f 33/33/33 322/322/322 32/32/32
f 1909/1909/1909 1912/1912/1912 2102/2102/2102
f 650/650/650 454/454/454 652/652/652
f 324/324/324 411/411/411 322/322/322
f 30/30/30 31/31/31 413/413/413
f 3386/3386/3386 2670/2670/2670 2354/2354/2354
f 31/31/31 32/32/32 411/411/411
f 646/646/646 74/74/74 75/75/75
f 662/662/662 1181/1181/1181 458/458/458
f 30/30/30 407/407/407 29/29/29
f 582/582/582 577/577/577 28/28/28
f 1363/1363/1363 1366/1366/1366 273/273/273
f 2832/2832/2832 2863/2863/2863 2811/2811/2811
f 433/433/433 835/835/835 840/840/840
f 966/966/966 3476/3476/3476 3480/3480/3480
f 610/610/610 26/26/26 581/581/581
f 26/26/26 27/27/27 576/576/576
f 468/468/468 469/469/469 952/952/952
f 29/29/29 582/582/582 28/28/28
f 463/463/463 917/917/917 462/462/462
f 411/411/411 413/413/413 31/31/31
f 1824/1824/1824 1823/1823/1823 4147/4147/4147
f 322/322/322 33/33/33 323/323/323
f 320/320/320 1097/1097/1097 1494/1494/1494
f 436/436/436 51/51/51 52/52/52
f 300/300/300 105/105/105 383/383/383
f 97/97/97 381/381/381 96/96/96
f 204/204/204 416/416/416 825/825/825
f 600/600/600 335/335/335 829/829/829
f 380/380/380 213/213/213 1014/1014/1014
f 303/303/303 100/100/100 101/101/101
f 850/850/850 597/597/597 848/848/848
f 1013/1013/1013 243/243/243 1014/1014/1014
f 259/259/259 330/330/330 262/262/262
f 628/628/628 620/620/620 624/624/624
f 378/378/378 99/99/99 100/100/100
f 242/242/242 1046/1046/1046 1047/1047/1047
f 627/627/627 57/57/57 58/58/58
f 834/834/834 605/605/605 434/434/434
f 533/533/533 1026/1026/1026 531/531/531
f 532/532/532 1029/1029/1029 1027/1027/1027
f 853/853/853 1578/1578/1578 1499/1499/1499
f 540/540/540 115/115/115 116/116/116
f 858/858/858 629/629/629 854/854/854
f 297/297/297 243/243/243 299/299/299
f 443/443/443 444/444/444 340/340/340
f 60/60/60 61/61/61 633/633/633
f 530/530/530 109/109/109 529/529/529
f 979/979/979 974/974/974 975/975/975
f 449/449/449 859/859/859 635/635/635
f 424/424/424 593/593/593 264/264/264
f 864/864/864 865/865/865 631/631/631
f 448/448/448 634/634/634 635/635/635
f 443/443/443 614/614/614 441/441/441
f 520/520/520 508/508/508 512/512/512
f 634/634/634 63/63/63 64/64/64
f 42/42/42 259/259/259 263/263/263
f 1267/1267/1267 741/741/741 372/372/372
f 1063/1063/1063 1694/1694/1694 1693/1693/1693
f 37/37/37 326/326/326 257/257/257
f 869/869/869 870/870/870 637/637/637
f 69/69/69 639/639/639 68/68/68
f 1656/1656/1656 1659/1659/1659 225/225/225
f 1257/1257/1257 1258/1258/1258 1024/1024/1024
f 72/72/72 645/645/645 71/71/71
f 875/875/875 1152/1152/1152 71/71/71
f 492/492/492 731/731/731 732/732/732
f 635/635/635 859/859/859 860/860/860
f 506/506/506 502/502/502 494/494/494
f 1110/1110/1110 826/826/826 1109/1109/1109
f 1058/1058/1058 753/753/753 752/752/752
f 332/332/332 424/424/424 264/264/264
f 245/245/245 300/300/300 244/244/244
f 73/73/73 641/641/641 72/72/72
f 476/476/476 356/356/356 358/358/358
f 832/832/832 20/20/20 431/431/431
f 832/832/832 431/431/431 1115/1115/1115
f 478/478/478 479/479/479 360/360/360
f 201/201/201 202/202/202 283/283/283
f 16/16/16 845/845/845 15/15/15
f 1118/1118/1118 603/603/603 1119/1119/1119
f 363/363/363 282/282/282 234/234/234
f 18/18/18 19/19/19 603/603/603
f 718/718/718 719/719/719 717/717/717
f 284/284/284 235/235/235 210/210/210
f 12/12/12 13/13/13 468/468/468
f 280/280/280 359/359/359 700/700/700
f 365/365/365 4/4/4 5/5/5
f 363/363/363 712/712/712 485/485/485
f 11/11/11 12/12/12 682/682/682
f 9/9/9 10/10/10 685/685/685
f 356/356/356 688/688/688 279/279/279
f 468/468/468 470/470/470 682/682/682
f 284/284/284 286/286/286 235/235/235
f 1120/1120/1120 612/612/612 1121/1121/1121
f 284/284/284 210/210/210 2/2/2
f 2351/2351/2351 2363/2363/2363 2308/2308/2308
f 199/199/199 200/200/200 362/362/362
f 7/7/7 359/359/359 6/6/6
f 731/731/731 122/122/122 123/123/123
f 293/293/293 508/508/508 520/520/520
f 359/359/359 361/361/361 482/482/482
f 285/285/285 4/4/4 364/364/364
f 371/371/371 292/292/292 501/501/501
f 236/236/236 364/364/364 971/971/971
f 732/732/732 493/493/493 1006/1006/1006
f 210/210/210 202/202/202 1/1/1
f 286/286/286 234/234/234 235/235/235
f 539/539/539 377/377/377 746/746/746
f 301/301/301 385/385/385 244/244/244
f 381/381/381 299/299/299 1011/1011/1011
f 235/235/235 234/234/234 281/281/281
f 383/383/383 105/105/105 106/106/106
f 200/200/200 201/201/201 281/281/281
f 210/210/210 235/235/235 283/283/283
f 299/299/299 382/382/382 297/297/297
f 282/282/282 362/362/362 281/281/281
f 212/212/212 1043/1043/1043 1053/1053/1053
f 700/700/700 359/359/359 360/360/360
f 1263/1263/1263 1262/1262/1262 518/518/518
f 431/431/431 20/20/20 21/21/21
f 89/89/89 90/90/90 503/503/503
f 379/379/379 298/298/298 542/542/542
f 473/473/473 357/357/357 472/472/472
f 356/356/356 357/357/357 688/688/688
f 303/303/303 101/101/101 214/214/214
f 1449/1449/1449 546/546/546 756/756/756
f 196/196/196 476/476/476 195/195/195
f 922/922/922 671/671/671 921/921/921
f 1541/1541/1541 1539/1539/1539 291/291/291
f 197/197/197 356/356/356 196/196/196
f 108/108/108 374/374/374 544/544/544
f 770/770/770 560/560/560 391/391/391
f 462/462/462 191/191/191 192/192/192
f 464/464/464 673/673/673 462/462/462
f 766/766/766 1071/1071/1071 1280/1280/1280
f 763/763/763 765/765/765 1085/1085/1085
f 930/930/930 4207/4207/4207 4209/4209/4209
f 405/405/405 1087/1087/1087 785/785/785
f 1197/1197/1197 931/931/931 933/933/933
f 672/672/672 189/189/189 190/190/190
f 397/397/397 399/399/399 805/805/805
f 190/190/190 191/191/191 673/673/673
f 137/137/137 400/400/400 136/136/136
f 463/463/463 670/670/670 918/918/918
f 127/127/127 128/128/128 547/547/547
f 783/783/783 309/309/309 394/394/394
f 22/22/22 23/23/23 604/604/604
f 677/677/677 940/940/940 675/675/675
f 314/314/314 218/218/218 141/141/141
f 403/403/403 143/143/143 144/144/144
f 1187/1187/1187 1591/1591/1591 1688/1688/1688
f 185/185/185 940/940/940 942/942/942
f 316/316/316 317/317/317 574/574/574
f 940/940/940 185/185/185 186/186/186
f 314/314/314 252/252/252 218/218/218
f 3605/3605/3605 3623/3623/3623 3604/3604/3604
f 183/183/183 1215/1215/1215 943/943/943
f 1215/1215/1215 942/942/942 944/944/944
f 34/34/34 256/256/256 323/323/323
f 36/36/36 257/257/257 589/589/589
f 914/914/914 1511/1511/1511 1510/1510/1510
f 38/38/38 258/258/258 326/326/326
f 2995/2995/2995 3085/3085/3085 3095/3095/3095
f 460/460/460 666/666/666 667/667/667
f 585/585/585 409/409/409 410/410/410
f 914/914/914 180/180/180 181/181/181
f 412/412/412 254/254/254 414/414/414
f 460/460/460 1190/1190/1190 907/907/907
f 811/811/811 812/812/812 815/815/815
f 186/186/186 187/187/187 675/675/675
f 138/138/138 139/139/139 313/313/313
f 1364/1364/1364 1362/1362/1362 1184/1184/1184
f 244/244/244 379/379/379 245/245/245
f 460/460/460 907/907/907 665/665/665
f 1194/1194/1194 1396/1396/1396 1397/1397/1397
f 877/877/877 878/878/878 872/872/872
f 1517/1517/1517 367/367/367 1523/1523/1523
f 738/738/738 89/89/89 1016/1016/1016
f 642/642/642 885/885/885 452/452/452
f 1683/1683/1683 1765/1765/1765 883/883/883
f 482/482/482 5/5/5 6/6/6
f 287/287/287 209/209/209 483/483/483
f 650/650/650 653/653/653 454/454/454
f 707/707/707 361/361/361 280/280/280
f 881/881/881 647/647/647 454/454/454
f 990/990/990 81/81/81 82/82/82
f 287/287/287 483/483/483 286/286/286
f 236/236/236 287/287/287 286/286/286
f 2206/2206/2206 2207/2207/2207 2210/2210/2210
f 988/988/988 83/83/83 84/84/84
f 4/4/4 285/285/285 3/3/3
f 284/284/284 285/285/285 286/286/286
f 722/722/722 1228/1228/1228 85/85/85
f 286/286/286 285/285/285 236/236/236
f 1154/1154/1154 346/346/346 881/881/881
f 971/971/971 708/708/708 709/709/709
f 990/990/990 991/991/991 1232/1232/1232
f 86/86/86 722/722/722 85/85/85
f 281/281/281 283/283/283 235/235/235
f 210/210/210 283/283/283 202/202/202
f 722/722/722 86/86/86 720/720/720
f 90/90/90 497/497/497 503/503/503
f 363/363/363 234/234/234 483/483/483
f 282/282/282 281/281/281 234/234/234
f 90/90/90 91/91/91 497/497/497
f 686/686/686 473/473/473 485/485/485
f 720/720/720 86/86/86 87/87/87
f 501/501/501 93/93/93 371/371/371
f 708/708/708 361/361/361 707/707/707
f 478/478/478 359/359/359 7/7/7
f 502/502/502 373/373/373 498/498/498
f 381/381/381 1012/1012/1012 1244/1244/1244
f 356/356/356 197/197/197 472/472/472
f 371/371/371 735/735/735 292/292/292
f 679/679/679 680/680/680 469/469/469
f 965/965/965 967/967/967 970/970/970
f 97/97/97 382/382/382 381/381/381
f 195/195/195 476/476/476 475/475/475
f 93/93/93 94/94/94 371/371/371
f 281/281/281 201/201/201 283/283/283
f 293/293/293 520/520/520 1246/1246/1246
f 3/3/3 285/285/285 284/284/284
f 1228/1228/1228 985/985/985 986/986/986
f 297/297/297 98/98/98 99/99/99
f 4196/4196/4196 4192/4192/4192 2839/2839/2839
f 932/932/932 466/466/466 931/931/931
f 99/99/99 378/378/378 297/297/297
f 214/214/214 245/245/245 303/303/303
f 2100/2100/2100 2068/2068/2068 2105/2105/2105
f 943/943/943 182/182/182 183/183/183
f 103/103/103 302/302/302 214/214/214
f 194/194/194 670/670/670 193/193/193
f 297/297/297 298/298/298 243/243/243
f 102/102/102 214/214/214 101/101/101
f 323/323/323 585/585/585 255/255/255
f 407/407/407 408/408/408 582/582/582
f 302/302/302 103/103/103 104/104/104
f 217/217/217 319/319/319 575/575/575
f 140/140/140 141/141/141 218/218/218
f 374/374/374 751/751/751 544/544/544
f 301/301/301 244/244/244 300/300/300
f 665/665/665 459/459/459 664/664/664
f 105/105/105 300/300/300 104/104/104
f 904/904/904 1186/1186/1186 1386/1386/1386
f 108/108/108 109/109/109 374/374/374
f 526/526/526 375/375/375 528/528/528
f 40/40/40 41/41/41 327/327/327
f 39/39/39 40/40/40 203/203/203
f 374/374/374 530/530/530 531/531/531
f 112/112/112 526/526/526 111/111/111
f 334/334/334 425/425/425 426/426/426
f 62/62/62 630/630/630 61/61/61
f 375/375/375 745/745/745 536/536/536
f 420/420/420 332/332/332 264/264/264
f 114/114/114 538/538/538 113/113/113
f 539/539/539 746/746/746 747/747/747
f 1374/1374/1374 1373/1373/1373 1371/1371/1371
f 1147/1147/1147 1327/1327/1327 1330/1330/1330
f 726/726/726 117/117/117 118/118/118
f 1025/1025/1025 1027/1027/1027 241/241/241
f 1758/1758/1758 1676/1676/1676 1752/1752/1752
f 993/993/993 995/995/995 368/368/368
f 4265/4265/4265 1397/1397/1397 1195/1195/1195
f 682/682/682 684/684/684 11/11/11
f 120/120/120 121/121/121 728/728/728
f 17/17/17 18/18/18 1118/1118/1118
f 728/728/728 730/730/730 120/120/120
f 2710/2710/2710 2720/2720/2720 2719/2719/2719
f 540/540/540 116/116/116 541/541/541
f 971/971/971 364/364/364 288/288/288
f 97/97/97 98/98/98 382/382/382
f 1209/1209/1209 1204/1204/1204 2838/2838/2838
f 491/491/491 729/729/729 1241/1241/1241
f 203/203/203 40/40/40 327/327/327
f 174/174/174 175/175/175 664/664/664
f 173/173/173 661/661/661 172/172/172
f 419/419/419 328/328/328 221/221/221
f 222/222/222 261/261/261 263/263/263
f 658/658/658 169/169/169 170/170/170
f 658/658/658 660/660/660 901/901/901
f 331/331/331 44/44/44 45/45/45
f 906/906/906 661/661/661 663/663/663
f 330/330/330 43/43/43 44/44/44
f 822/822/822 222/222/222 588/588/588
f 169/169/169 901/901/901 168/168/168
f 167/167/167 897/897/897 166/166/166
f 328/328/328 329/329/329 822/822/822
f 262/262/262 260/260/260 590/590/590
f 895/895/895 654/654/654 656/656/656
f 162/162/162 163/163/163 895/895/895
f 222/222/222 263/263/263 259/259/259
f 164/164/164 654/654/654 163/163/163
f 330/330/330 259/259/259 43/43/43
f 658/658/658 1175/1175/1175 660/660/660
f 222/222/222 262/262/262 422/422/422
f 425/425/425 46/46/46 47/47/47
f 1298/1298/1298 1299/1299/1299 1560/1560/1560
f 1547/1547/1547 1548/1548/1548 1549/1549/1549
f 331/331/331 333/333/333 260/260/260
f 1112/1112/1112 1313/1313/1313 1315/1315/1315
f 1080/1080/1080 1081/1081/1081 780/780/780
f 159/159/159 1080/1080/1080 158/158/158
f 609/609/609 605/605/605 611/611/611
f 894/894/894 1169/1169/1169 1171/1171/1171
f 440/440/440 51/51/51 436/436/436
f 54/54/54 441/441/441 53/53/53
f 778/778/778 1076/1076/1076 1077/1077/1077
f 155/155/155 156/156/156 777/777/777
f 339/339/339 439/439/439 613/613/613
f 442/442/442 623/623/623 622/622/622
f 1276/1276/1276 250/250/250 573/573/573
f 2219/2219/2219 2236/2236/2236 2247/2247/2247
f 150/150/150 151/151/151 559/559/559
f 560/560/560 773/773/773 561/561/561
f 861/861/861 3464/3464/3464 3463/3463/3463
f 389/389/389 557/557/557 1066/1066/1066
f 2013/2013/2013 1931/1931/1931 2012/2012/2012
f 1283/1283/1283 1074/1074/1074 391/391/391
f 3524/3524/3524 3508/3508/3508 3510/3510/3510
f 770/770/770 391/391/391 1075/1075/1075
f 41/41/41 263/263/263 261/261/261
f 1569/1569/1569 1570/1570/1570 1078/1078/1078
f 714/714/714 474/474/474 237/237/237
f 2/2/2 3/3/3 284/284/284
f 997/997/997 994/994/994 1434/1434/1434
f 130/130/130 550/550/550 129/129/129
f 519/519/519 1444/1444/1444 1445/1445/1445
f 2339/2339/2339 2231/2231/2231 2232/2232/2232
f 555/555/555 553/553/553 388/388/388
f 1/1/1 2/2/2 210/210/210
f 1065/1065/1065 1006/1006/1006 493/493/493
f 388/388/388 761/761/761 551/551/551
f 1882/1882/1882 1884/1884/1884 1888/1888/1888
f 384/384/384 301/301/301 383/383/383
f 761/761/761 762/762/762 551/551/551
f 567/567/567 133/133/133 134/134/134
f 300/300/300 245/245/245 302/302/302
f 148/148/148 149/149/149 556/556/556
f 1633/1633/1633 248/248/248 1473/1473/1473
f 102/102/102 103/103/103 214/214/214
f 396/396/396 567/567/567 394/394/394
f 1019/1019/1019 521/521/521 1245/1245/1245
f 758/758/758 1061/1061/1061 764/764/764
f 540/540/540 539/539/539 749/749/749
f 758/758/758 1059/1059/1059 1060/1060/1060
f 1151/1151/1151 3930/3930/3930 3927/3927/3927
f 146/146/146 397/397/397 145/145/145
f 253/253/253 404/404/404 317/317/317
f 80/80/80 81/81/81 1232/1232/1232
f 654/654/654 655/655/655 1157/1157/1157
f 315/315/315 143/143/143 402/402/402
f 316/316/316 252/252/252 314/314/314
f 1485/1485/1485 1470/1470/1470 1482/1482/1482
f 398/398/398 571/571/571 397/397/397
f 1854/1854/1854 1681/1681/1681 271/271/271
f 1082/1082/1082 782/782/782 566/566/566
f 556/556/556 558/558/558 769/769/769
f 763/763/763 1085/1085/1085 1086/1086/1086
f 400/400/400 311/311/311 312/312/312
f 252/252/252 313/313/313 218/218/218
f 141/141/141 142/142/142 314/314/314
f 139/139/139 140/140/140 218/218/218
f 409/409/409 816/816/816 410/410/410
f 333/333/333 590/590/590 260/260/260
f 251/251/251 311/311/311 252/252/252
f 404/404/404 402/402/402 318/318/318
f 311/311/311 137/137/137 138/138/138
f 135/135/135 394/394/394 134/134/134
f 2970/2970/2970 2963/2963/2963 2966/2966/2966
f 1867/1867/1867 1868/1868/1868 1877/1877/1877
f 493/493/493 733/733/733 1273/1273/1273
f 1243/1243/1243 1428/1428/1428 1429/1429/1429
f 2211/2211/2211 2217/2217/2217 2226/2226/2226
f 893/893/893 1162/1162/1162 1338/1338/1338
f 2691/2691/2691 1325/1325/1325 1504/1504/1504
f 1255/1255/1255 1720/1720/1720 1606/1606/1606
f 416/416/416 325/325/325 419/419/419
f 1541/1541/1541 1430/1430/1430 1242/1242/1242
f 759/759/759 547/547/547 549/549/549
f 553/553/553 131/131/131 132/132/132
f 793/793/793 789/789/789 792/792/792
f 1459/1459/1459 1458/1458/1458 1282/1282/1282
f 805/805/805 310/310/310 397/397/397
f 153/153/153 561/561/561 152/152/152
f 771/771/771 560/560/560 770/770/770
f 3409/3409/3409 3432/3432/3432 3434/3434/3434
f 1456/1456/1456 248/248/248 1454/1454/1454
f 312/312/312 565/565/565 400/400/400
f 394/394/394 786/786/786 396/396/396
f 572/572/572 146/146/146 147/147/147
f 317/317/317 319/319/319 217/217/217
f 311/311/311 138/138/138 313/313/313
f 312/312/312 311/311/311 251/251/251
f 401/401/401 251/251/251 574/574/574
f 394/394/394 135/135/135 565/565/565
f 218/218/218 313/313/313 139/139/139
f 311/311/311 313/313/313 252/252/252
f 142/142/142 315/315/315 314/314/314
f 314/314/314 315/315/315 316/316/316
f 143/143/143 315/315/315 142/142/142
f 316/316/316 315/315/315 253/253/253
f 317/317/317 316/316/316 253/253/253
f 251/251/251 252/252/252 316/316/316
f 253/253/253 402/402/402 404/404/404
f 317/317/317 217/217/217 574/574/574
f 571/571/571 144/144/144 145/145/145
f 398/398/398 397/397/397 802/802/802
f 318/318/318 398/398/398 570/570/570
f 807/807/807 804/804/804 1095/1095/1095
f 412/412/412 819/819/819 254/254/254
f 1319/1319/1319 1498/1498/1498 842/842/842
f 811/811/811 813/813/813 580/580/580
f 406/406/406 1100/1100/1100 1098/1098/1098
f 33/33/33 34/34/34 323/323/323
f 255/255/255 586/586/586 322/322/322
f 409/409/409 256/256/256 417/417/417
f 255/255/255 322/322/322 323/323/323
f 414/414/414 586/586/586 412/412/412
f 415/415/415 413/413/413 414/414/414
f 418/418/418 256/256/256 35/35/35
f 328/328/328 419/419/419 257/257/257
f 38/38/38 326/326/326 37/37/37
f 328/328/328 326/326/326 258/258/258
f 41/41/41 261/261/261 327/327/327
f 329/329/329 327/327/327 261/261/261
f 326/326/326 328/328/328 257/257/257
f 258/258/258 327/327/327 329/329/329
f 329/329/329 261/261/261 822/822/822
f 258/258/258 329/329/329 328/328/328
f 331/331/331 330/330/330 44/44/44
f 262/262/262 330/330/330 260/260/260
f 332/332/332 331/331/331 45/45/45
f 333/333/333 331/331/331 420/420/420
f 45/45/45 46/46/46 332/332/332
f 424/424/424 332/332/332 46/46/46
f 421/421/421 333/333/333 420/420/420
f 422/422/422 590/590/590 423/423/423
f 592/592/592 47/47/47 48/48/48
f 428/428/428 223/223/223 421/421/421
f 602/602/602 429/429/429 49/49/49
f 594/594/594 427/427/427 593/593/593
f 604/604/604 608/608/608 22/22/22
f 338/338/338 3519/3519/3519 3513/3513/3513
f 609/609/609 24/24/24 25/25/25
f 434/434/434 1103/1103/1103 4122/4122/4122
f 3515/3515/3515 3580/3580/3580 3514/3514/3514
f 1133/1133/1133 950/950/950 1130/1130/1130
f 597/597/597 830/830/830 848/848/848
f 829/829/829 429/429/429 430/430/430
f 444/444/444 441/441/441 616/616/616
f 55/55/55 56/56/56 617/617/617
f 1145/1145/1145 627/627/627 629/629/629
f 853/853/853 1499/1499/1499 267/267/267
f 2687/2687/2687 1504/1504/1504 1325/1325/1325
f 855/855/855 1144/1144/1144 1145/1145/1145
f 66/66/66 636/636/636 65/65/65
f 449/449/449 636/636/636 638/638/638
f 640/640/640 450/450/450 639/639/639
f 3927/3927/3927 1334/1334/1334 1151/1151/1151
f 1765/1765/1765 1683/1683/1683 1855/1855/1855
f 640/640/640 872/872/872 450/450/450
f 77/77/77 650/650/650 76/76/76
f 882/882/882 647/647/647 881/881/881
f 891/891/891 892/892/892 655/655/655
f 3381/3381/3381 3380/3380/3380 3368/3368/3368
f 658/658/658 659/659/659 1174/1174/1174
f 654/654/654 1157/1157/1157 455/455/455
f 1776/1776/1776 1771/1771/1771 1775/1775/1775
f 1174/1174/1174 457/457/457 658/658/658
f 177/177/177 666/666/666 176/176/176
f 908/908/908 665/665/665 907/907/907
f 2961/2961/2961 1769/1769/1769 2960/2960/2960
f 667/667/667 1387/1387/1387 460/460/460
f 669/669/669 462/462/462 192/192/192
f 190/190/190 673/673/673 672/672/672
f 676/676/676 465/465/465 675/675/675
f 1211/1211/1211 2837/2837/2837 1204/1204/1204
f 679/679/679 468/468/468 13/13/13
f 468/468/468 953/953/953 470/470/470
f 958/958/958 956/956/956 959/959/959
f 706/706/706 961/961/961 480/480/480
f 472/472/472 197/197/197 198/198/198
f 279/279/279 698/698/698 356/356/356
f 198/198/198 199/199/199 473/473/473
f 687/687/687 474/474/474 232/232/232
f 698/698/698 687/687/687 477/477/477
f 689/689/689 358/358/358 698/698/698
f 478/478/478 7/7/7 8/8/8
f 361/361/361 359/359/359 280/280/280
f 479/479/479 8/8/8 9/9/9
f 699/699/699 480/480/480 233/233/233
f 699/699/699 481/481/481 707/707/707
f 365/365/365 482/482/482 288/288/288
f 281/281/281 362/362/362 200/200/200
f 473/473/473 362/362/362 282/282/282
f 209/209/209 710/710/710 711/711/711
f 363/363/363 711/711/711 712/712/712
f 285/285/285 364/364/364 236/236/236
f 365/365/365 364/364/364 4/4/4
f 365/365/365 5/5/5 482/482/482
f 364/364/364 365/365/365 288/288/288
f 721/721/721 486/486/486 720/720/720
f 982/982/982 983/983/983 980/980/980
f 2411/2411/2411 2547/2547/2547 3709/3709/3709
f 890/890/890 651/651/651 888/888/888
f 727/727/727 490/490/490 726/726/726
f 1001/1001/1001 1002/1002/1002 997/997/997
f 1596/1596/1596 369/369/369 1243/1243/1243
f 490/490/490 727/727/727 993/993/993
f 125/125/125 733/733/733 124/124/124
f 732/732/732 1006/1006/1006 1007/1007/1007
f 95/95/95 1437/1437/1437 736/736/736
f 507/507/507 501/501/501 292/292/292
f 1011/1011/1011 1013/1013/1013 737/737/737
f 292/292/292 740/740/740 514/514/514
f 498/498/498 92/92/92 500/500/500
f 974/974/974 486/486/486 721/721/721
f 109/109/109 110/110/110 529/529/529
f 384/384/384 544/544/544 753/753/753
f 1022/1022/1022 745/745/745 527/527/527
f 525/525/525 533/533/533 531/531/531
f 536/536/536 745/745/745 1257/1257/1257
f 527/527/527 375/375/375 526/526/526
f 117/117/117 726/726/726 541/541/541
f 750/750/750 368/368/368 999/999/999
f 303/303/303 378/378/378 100/100/100
f 297/297/297 378/378/378 298/298/298
f 244/244/244 543/543/543 379/379/379
f 380/380/380 379/379/379 213/213/213
f 243/243/243 298/298/298 380/380/380
f 379/379/379 380/380/380 298/298/298
f 243/243/243 1013/1013/1013 299/299/299
f 96/96/96 381/381/381 1244/1244/1244
f 297/297/297 382/382/382 98/98/98
f 381/381/381 382/382/382 299/299/299
f 384/384/384 383/383/383 106/106/106
f 300/300/300 383/383/383 301/301/301
f 107/107/107 108/108/108 544/544/544
f 246/246/246 545/545/545 384/384/384
f 545/545/545 385/385/385 301/301/301
f 756/756/756 755/755/755 1058/1058/1058
f 757/757/757 128/128/128 129/129/129
f 1274/1274/1274 734/734/734 549/549/549
f 762/762/762 305/305/305 765/765/765
f 1060/1060/1060 547/547/547 548/548/548
f 567/567/567 554/554/554 133/133/133
f 568/568/568 792/792/792 788/788/788
f 390/390/390 1071/1071/1071 1066/1066/1066
f 806/806/806 399/399/399 558/558/558
f 1066/1066/1066 1067/1067/1067 1068/1068/1068
f 557/557/557 389/389/389 556/556/556
f 153/153/153 774/774/774 561/561/561
f 562/562/562 774/774/774 775/775/775
f 1072/1072/1072 1294/1294/1294 1457/1457/1457
f 1283/1283/1283 561/561/561 562/562/562
f 780/780/780 1081/1081/1081 1298/1298/1298
f 781/781/781 1488/1488/1488 1299/1299/1299
f 135/135/135 136/136/136 565/565/565
f 309/309/309 786/786/786 394/394/394
f 312/312/312 251/251/251 401/401/401
f 394/394/394 395/395/395 783/783/783
f 782/782/782 568/568/568 786/786/786
f 554/554/554 553/553/553 132/132/132
f 397/397/397 146/146/146 572/572/572
f 397/397/397 310/310/310 802/802/802
f 803/803/803 569/569/569 802/802/802
f 403/403/403 571/571/571 318/318/318
f 769/769/769 147/147/147 148/148/148
f 573/573/573 250/250/250 803/803/803
f 311/311/311 400/400/400 137/137/137
f 565/565/565 312/312/312 395/395/395
f 575/575/575 808/808/808 217/217/217
f 566/566/566 783/783/783 784/784/784
f 315/315/315 402/402/402 253/253/253
f 403/403/403 402/402/402 143/143/143
f 403/403/403 144/144/144 571/571/571
f 402/402/402 403/403/403 318/318/318
f 570/570/570 404/404/404 318/318/318
f 317/317/317 404/404/404 319/319/319
f 1090/1090/1090 1088/1088/1088 216/216/216
f 809/809/809 566/566/566 784/784/784
f 1102/1102/1102 406/406/406 1098/1098/1098
f 605/605/605 836/836/836 433/433/433
f 413/413/413 407/407/407 30/30/30
f 408/408/408 407/407/407 321/321/321
f 811/811/811 580/580/580 810/810/810
f 577/577/577 576/576/576 27/27/27
f 220/220/220 816/816/816 409/409/409
f 323/323/323 256/256/256 409/409/409
f 817/817/817 583/583/583 816/816/816
f 410/410/410 1105/1105/1105 584/584/584
f 322/322/322 411/411/411 32/32/32
f 413/413/413 411/411/411 324/324/324
f 412/412/412 586/586/586 584/584/584
f 820/820/820 587/587/587 819/819/819
f 414/414/414 413/413/413 324/324/324
f 407/407/407 413/413/413 321/321/321
f 414/414/414 324/324/324 586/586/586
f 415/415/415 414/414/414 254/254/254
f 415/415/415 254/254/254 812/812/812
f 413/413/413 415/415/415 321/321/321
f 825/825/825 821/821/821 588/588/588
f 1109/1109/1109 817/817/817 204/204/204
f 418/418/418 417/417/417 256/256/256
f 817/817/817 325/325/325 416/416/416
f 36/36/36 418/418/418 35/35/35
f 417/417/417 418/418/418 325/325/325
f 419/419/419 221/221/221 821/821/821
f 589/589/589 325/325/325 418/418/418
f 332/332/332 420/420/420 331/331/331
f 421/421/421 420/420/420 264/264/264
f 264/264/264 593/593/593 428/428/428
f 421/421/421 223/223/223 423/423/423
f 333/333/333 421/421/421 423/423/423
f 222/222/222 823/823/823 588/588/588
f 1105/1105/1105 818/818/818 1108/1108/1108
f 422/422/422 423/423/423 827/827/827
f 425/425/425 424/424/424 46/46/46
f 424/424/424 334/334/334 593/593/593
f 425/425/425 47/47/47 592/592/592
f 424/424/424 425/425/425 334/334/334
f 426/426/426 592/592/592 429/429/429
f 601/601/601 596/596/596 598/598/598
f 594/594/594 334/334/334 426/426/426
f 427/427/427 594/594/594 601/601/601
f 264/264/264 428/428/428 421/421/421
f 428/428/428 831/831/831 599/599/599
f 602/602/602 49/49/49 50/50/50
f 429/429/429 335/335/335 595/595/595
f 50/50/50 51/51/51 440/440/440
f 830/830/830 430/430/430 615/615/615
f 21/21/21 22/22/22 608/608/608
f 603/603/603 832/832/832 1117/1117/1117
f 1117/1117/1117 432/432/432 603/603/603
f 1125/1125/1125 435/435/435 1120/1120/1120
f 836/836/836 835/835/835 433/433/433
f 336/336/336 1115/1115/1115 843/843/843
f 581/581/581 26/26/26 576/576/576
f 1098/1098/1098 3488/3488/3488 1102/1102/1102
f 1139/1139/1139 1133/1133/1133 1135/1135/1135
f 354/354/354 468/468/468 952/952/952
f 614/614/614 52/52/52 53/53/53
f 438/438/438 436/436/436 339/339/339
f 339/339/339 436/436/436 439/439/439
f 614/614/614 439/439/439 436/436/436
f 600/600/600 265/265/265 596/596/596
f 830/830/830 615/615/615 438/438/438
f 614/614/614 436/436/436 52/52/52
f 613/613/613 439/439/439 437/437/437
f 436/436/436 438/438/438 440/440/440
f 440/440/440 438/438/438 615/615/615
f 616/616/616 54/54/54 55/55/55
f 441/441/441 444/444/444 443/443/443
f 616/616/616 617/617/617 442/442/442
f 442/442/442 617/617/617 619/619/619
f 613/613/613 443/443/443 340/340/340
f 443/443/443 437/437/437 614/614/614
f 616/616/616 441/441/441 54/54/54
f 619/619/619 623/623/623 442/442/442
f 854/854/854 58/58/58 59/59/59
f 618/618/618 619/619/619 625/625/625
f 61/61/61 630/630/630 633/633/633
f 446/446/446 1149/1149/1149 1150/1150/1150
f 448/448/448 862/862/862 864/864/864
f 867/867/867 446/446/446 1150/1150/1150
f 866/866/866 865/865/865 856/856/856
f 631/631/631 447/447/447 630/630/630
f 636/636/636 869/869/869 638/638/638
f 3934/3934/3934 3926/3926/3926 3935/3935/3935
f 871/871/871 69/69/69 70/70/70
f 3927/3927/3927 3928/3928/3928 1334/1334/1334
f 72/72/72 641/641/641 645/645/645
f 1855/1855/1855 345/345/345 1765/1765/1765
f 453/453/453 884/884/884 885/885/885
f 2200/2200/2200 2205/2205/2205 2203/2203/2203
f 2202/2202/2202 880/880/880 1765/1765/1765
f 452/452/452 641/641/641 644/644/644
f 653/653/653 650/650/650 887/887/887
f 78/78/78 79/79/79 888/888/888
f 891/891/891 654/654/654 164/164/164
f 162/162/162 895/895/895 894/894/894
f 1179/1179/1179 456/456/456 1178/1178/1178
f 1338/1338/1338 1342/1342/1342 347/347/347
f 899/899/899 170/170/170 171/171/171
f 1357/1357/1357 898/898/898 660/660/660
f 903/903/903 661/661/661 173/173/173
f 900/900/900 1367/1367/1367 1173/1173/1173
f 1182/1182/1182 1181/1181/1181 904/904/904
f 661/661/661 662/662/662 458/458/458
f 177/177/177 911/911/911 666/666/666
f 911/911/911 912/912/912 667/667/667
f 915/915/915 668/668/668 914/914/914
f 1387/1387/1387 1388/1388/1388 1189/1189/1189
f 669/669/669 192/192/192 193/193/193
f 352/352/352 928/928/928 462/462/462
f 475/475/475 194/194/194 195/195/195
f 462/462/462 917/917/917 352/352/352
f 928/928/928 916/916/916 674/674/674
f 676/676/676 938/938/938 465/465/465
f 937/937/937 187/187/187 188/188/188
f 941/941/941 677/677/677 465/465/465
f 928/928/928 464/464/464 462/462/462
f 934/934/934 930/930/930 932/932/932
f 948/948/948 1213/1213/1213 1212/1212/1212
f 1400/1400/1400 461/461/461 1216/1216/1216
f 679/679/679 13/13/13 14/14/14
f 354/354/354 953/953/953 468/468/468
f 680/680/680 14/14/14 15/15/15
f 951/951/951 681/681/681 278/278/278
f 951/951/951 683/683/683 953/953/953
f 684/684/684 470/470/470 955/955/955
f 684/684/684 10/10/10 11/11/11
f 701/701/701 480/480/480 700/700/700
f 473/473/473 472/472/472 198/198/198
f 356/356/356 472/472/472 357/357/357
f 362/362/362 473/473/473 199/199/199
f 473/473/473 282/282/282 485/485/485
f 474/474/474 688/688/688 686/686/686
f 237/237/237 712/712/712 714/714/714
f 698/698/698 358/358/358 356/356/356
f 670/670/670 463/463/463 669/669/669
f 356/356/356 476/476/476 196/196/196
f 475/475/475 476/476/476 358/358/358
f 926/926/926 925/925/925 922/922/922
f 276/276/276 916/916/916 671/671/671
f 479/479/479 478/478/478 8/8/8
f 359/359/359 478/478/478 360/360/360
f 685/685/685 479/479/479 9/9/9
f 706/706/706 702/702/702 703/703/703
f 701/701/701 360/360/360 479/479/479
f 701/701/701 706/706/706 480/480/480
f 1227/1227/1227 710/710/710 716/716/716
f 361/361/361 708/708/708 288/288/288
f 359/359/359 482/482/482 6/6/6
f 482/482/482 361/361/361 288/288/288
f 483/483/483 234/234/234 286/286/286
f 209/209/209 363/363/363 483/483/483
f 709/709/709 710/710/710 209/209/209
f 961/961/961 963/963/963 233/233/233
f 485/485/485 237/237/237 686/686/686
f 282/282/282 363/363/363 485/485/485
f 721/721/721 87/87/87 88/88/88
f 987/987/987 983/983/983 984/984/984
f 2199/2199/2199 499/499/499 503/503/503
f 976/976/976 977/977/977 978/978/978
f 981/981/981 984/984/984 983/983/983
f 1410/1410/1410 489/489/489 1408/1408/1408
f 1230/1230/1230 989/989/989 1229/1229/1229
f 890/890/890 1153/1153/1153 651/651/651
f 727/727/727 118/118/118 119/119/119
f 490/490/490 750/750/750 541/541/541
f 1241/1241/1241 492/492/492 1003/1003/1003
f 490/490/490 993/993/993 368/368/368
f 1241/1241/1241 1428/1428/1428 1238/1238/1238
f 729/729/729 491/491/491 728/728/728
f 734/734/734 126/126/126 759/759/759
f 126/126/126 127/127/127 759/759/759
f 504/504/504 514/514/514 513/513/513
f 373/373/373 497/497/497 498/498/498
f 94/94/94 736/736/736 371/371/371
f 1244/1244/1244 95/95/95 96/96/96
f 754/754/754 213/213/213 385/385/385
f 1040/1040/1040 1037/1037/1037 1032/1032/1032
f 498/498/498 497/497/497 91/91/91
f 2199/2199/2199 503/503/503 373/373/373
f 92/92/92 498/498/498 91/91/91
f 498/498/498 494/494/494 502/502/502
f 505/505/505 511/511/511 2199/2199/2199
f 738/738/738 1017/1017/1017 975/975/975
f 93/93/93 500/500/500 92/92/92
f 494/494/494 498/498/498 500/500/500
f 494/494/494 500/500/500 501/501/501
f 93/93/93 501/501/501 500/500/500
f 506/506/506 507/507/507 517/517/517
f 506/506/506 508/508/508 502/502/502
f 373/373/373 503/503/503 497/497/497
f 503/503/503 499/499/499 1016/1016/1016
f 504/504/504 512/512/512 508/508/508
f 508/508/508 505/505/505 502/502/502
f 511/511/511 505/505/505 293/293/293
f 373/373/373 502/502/502 505/505/505
f 507/507/507 506/506/506 494/494/494
f 506/506/506 504/504/504 508/508/508
f 501/501/501 507/507/507 494/494/494
f 292/292/292 514/514/514 517/517/517
f 513/513/513 510/510/510 512/512/512
f 293/293/293 505/505/505 508/508/508
f 509/509/509 511/511/511 1021/1021/1021
f 3481/3481/3481 1017/1017/1017 509/509/509
f 515/515/515 510/510/510 513/513/513
f 510/510/510 515/515/515 523/523/523
f 293/293/293 1246/1246/1246 1021/1021/1021
f 511/511/511 509/509/509 2199/2199/2199
f 513/513/513 512/512/512 504/504/504
f 512/512/512 510/510/510 516/516/516
f 504/504/504 517/517/517 514/514/514
f 513/513/513 240/240/240 515/515/515
f 739/739/739 1018/1018/1018 740/740/740
f 240/240/240 513/513/513 514/514/514
f 515/515/515 240/240/240 1245/1245/1245
f 523/523/523 524/524/524 522/522/522
f 1987/1987/1987 1020/1020/1020 1246/1246/1246
f 979/979/979 980/980/980 983/983/983
f 506/506/506 517/517/517 504/504/504
f 292/292/292 517/517/517 507/507/507
f 1267/1267/1267 1269/1269/1269 1266/1266/1266
f 1032/1032/1032 1037/1037/1037 241/241/241
f 212/212/212 1052/1052/1052 1620/1620/1620
f 1887/1887/1887 519/519/519 1445/1445/1445
f 512/512/512 516/516/516 520/520/520
f 520/520/520 516/516/516 1246/1246/1246
f 1018/1018/1018 240/240/240 514/514/514
f 1444/1444/1444 524/524/524 1443/1443/1443
f 515/515/515 524/524/524 523/523/523
f 1887/1887/1887 1891/1891/1891 519/519/519
f 524/524/524 515/515/515 521/521/521
f 1984/1984/1984 523/523/523 522/522/522
f 518/518/518 1443/1443/1443 521/521/521
f 521/521/521 1443/1443/1443 524/524/524
f 744/744/744 110/110/110 111/111/111
f 295/295/295 1031/1031/1031 534/534/534
f 743/743/743 112/112/112 113/113/113
f 375/375/375 536/536/536 535/535/535
f 743/743/743 526/526/526 112/112/112
f 527/527/527 743/743/743 538/538/538
f 529/529/529 528/528/528 525/525/525
f 526/526/526 528/528/528 744/744/744
f 529/529/529 525/525/525 530/530/530
f 744/744/744 529/529/529 110/110/110
f 531/531/531 530/530/530 525/525/525
f 109/109/109 530/530/530 374/374/374
f 532/532/532 533/533/533 534/534/534
f 374/374/374 531/531/531 294/294/294
f 1031/1031/1031 1033/1033/1033 1028/1028/1028
f 1025/1025/1025 1026/1026/1026 1027/1027/1027
f 528/528/528 535/535/535 525/525/525
f 533/533/533 532/532/532 1026/1026/1026
f 533/533/533 525/525/525 535/535/535
f 536/536/536 534/534/534 535/535/535
f 375/375/375 535/535/535 528/528/528
f 533/533/533 535/535/535 534/534/534
f 745/745/745 375/375/375 527/527/527
f 295/295/295 534/534/534 536/536/536
f 1022/1022/1022 747/747/747 748/748/748
f 748/748/748 1258/1258/1258 1022/1022/1022
f 114/114/114 115/115/115 749/749/749
f 527/527/527 538/538/538 376/376/376
f 376/376/376 538/538/538 539/539/539
f 538/538/538 114/114/114 749/749/749
f 116/116/116 117/117/117 541/541/541
f 539/539/539 540/540/540 377/377/377
f 750/750/750 490/490/490 368/368/368
f 377/377/377 540/540/540 541/541/541
f 378/378/378 542/542/542 298/298/298
f 245/245/245 542/542/542 303/303/303
f 385/385/385 543/543/543 244/244/244
f 213/213/213 379/379/379 543/543/543
f 751/751/751 374/374/374 294/294/294
f 107/107/107 544/544/544 384/384/384
f 545/545/545 246/246/246 755/755/755
f 301/301/301 384/384/384 545/545/545
f 755/755/755 246/246/246 1058/1058/1058
f 3484/3484/3484 3482/3482/3482 496/496/496
f 547/547/547 128/128/128 757/757/757
f 547/547/547 386/386/386 1062/1062/1062
f 548/548/548 757/757/757 550/550/550
f 758/758/758 1492/1492/1492 1059/1059/1059
f 1059/1059/1059 760/760/760 1062/1062/1062
f 734/734/734 733/733/733 125/125/125
f 552/552/552 130/130/130 555/555/555
f 550/550/550 387/387/387 1061/1061/1061
f 550/550/550 552/552/552 387/387/387
f 552/552/552 550/550/550 130/130/130
f 555/555/555 130/130/130 131/131/131
f 387/387/387 552/552/552 551/551/551
f 132/132/132 133/133/133 554/554/554
f 555/555/555 388/388/388 551/551/551
f 396/396/396 786/786/786 788/788/788
f 553/553/553 554/554/554 790/790/790
f 552/552/552 555/555/555 551/551/551
f 131/131/131 553/553/553 555/555/555
f 767/767/767 149/149/149 150/150/150
f 558/558/558 556/556/556 389/389/389
f 767/767/767 556/556/556 149/149/149
f 557/557/557 767/767/767 559/559/559
f 1068/1068/1068 768/768/768 1069/1069/1069
f 572/572/572 769/769/769 399/399/399
f 151/151/151 152/152/152 773/773/773
f 557/557/557 559/559/559 390/390/390
f 390/390/390 559/559/559 560/560/560
f 559/559/559 151/151/151 773/773/773
f 774/774/774 153/153/153 154/154/154
f 560/560/560 561/561/561 391/391/391
f 775/775/775 154/154/154 155/155/155
f 562/562/562 1284/1284/1284 1074/1074/1074
f 777/777/777 1076/1076/1076 779/779/779
f 1286/1286/1286 1287/1287/1287 1288/1288/1288
f 1560/1560/1560 1565/1565/1565 564/564/564
f 779/779/779 563/563/563 777/777/777
f 400/400/400 565/565/565 136/136/136
f 394/394/394 565/565/565 395/395/395
f 784/784/784 395/395/395 312/312/312
f 217/217/217 808/808/808 401/401/401
f 394/394/394 567/567/567 134/134/134
f 554/554/554 567/567/567 396/396/396
f 1093/1093/1093 797/797/797 798/798/798
f 396/396/396 788/788/788 554/554/554
f 807/807/807 1094/1094/1094 804/804/804
f 570/570/570 319/319/319 404/404/404
f 802/802/802 570/570/570 398/398/398
f 807/807/807 570/570/570 569/569/569
f 397/397/397 571/571/571 145/145/145
f 571/571/571 398/398/398 318/318/318
f 572/572/572 147/147/147 769/769/769
f 397/397/397 572/572/572 399/399/399
f 389/389/389 1069/1069/1069 558/558/558
f 1277/1277/1277 1460/1460/1460 1461/1461/1461
f 574/574/574 251/251/251 316/316/316
f 217/217/217 401/401/401 574/574/574
f 807/807/807 575/575/575 319/319/319
f 785/785/785 1096/1096/1096 405/405/405
f 27/27/27 28/28/28 577/577/577
f 578/578/578 576/576/576 406/406/406
f 1098/1098/1098 580/580/580 1097/1097/1097
f 406/406/406 576/576/576 579/579/579
f 406/406/406 1102/1102/1102 1103/1103/1103
f 578/578/578 434/434/434 609/609/609
f 576/576/576 577/577/577 579/579/579
f 810/810/810 1100/1100/1100 577/577/577
f 577/577/577 408/408/408 810/810/810
f 408/408/408 811/811/811 810/810/810
f 576/576/576 578/578/578 581/581/581
f 581/581/581 578/578/578 610/610/610
f 407/407/407 582/582/582 29/29/29
f 577/577/577 582/582/582 408/408/408
f 824/824/824 204/204/204 823/823/823
f 816/816/816 818/818/818 410/410/410
f 584/584/584 219/219/219 820/820/820
f 585/585/585 584/584/584 255/255/255
f 409/409/409 585/585/585 323/323/323
f 584/584/584 585/585/585 410/410/410
f 322/322/322 586/586/586 324/324/324
f 584/584/584 586/586/586 255/255/255
f 1107/1107/1107 219/219/219 1108/1108/1108
f 1932/1932/1932 2014/2014/2014 2015/2015/2015
f 588/588/588 821/821/821 822/822/822
f 222/222/222 422/422/422 823/823/823
f 419/419/419 589/589/589 257/257/257
f 418/418/418 36/36/36 589/589/589
f 423/423/423 590/590/590 333/333/333
f 262/262/262 590/590/590 422/422/422
f 1316/1316/1316 423/423/423 223/223/223
f 1113/1113/1113 1106/1106/1106 1108/1108/1108
f 429/429/429 592/592/592 48/48/48
f 425/425/425 592/592/592 426/426/426
f 594/594/594 593/593/593 334/334/334
f 428/428/428 593/593/593 427/427/427
f 426/426/426 595/595/595 594/594/594
f 596/596/596 601/601/601 595/595/595
f 429/429/429 595/595/595 426/426/426
f 596/596/596 595/595/595 335/335/335
f 335/335/335 429/429/429 829/829/829
f 265/265/265 598/598/598 596/596/596
f 849/849/849 846/846/846 847/847/847
f 846/846/846 339/339/339 613/613/613
f 1735/1735/1735 1899/1899/1899 1901/1901/1901
f 428/428/428 427/427/427 831/831/831
f 1577/1577/1577 1900/1900/1900 1497/1497/1497
f 1113/1113/1113 1111/1111/1111 1112/1112/1112
f 335/335/335 600/600/600 596/596/596
f 850/850/850 600/600/600 597/597/597
f 601/601/601 594/594/594 595/595/595
f 831/831/831 601/601/601 598/598/598
f 615/615/615 602/602/602 50/50/50
f 429/429/429 602/602/602 430/430/430
f 832/832/832 603/603/603 19/19/19
f 603/603/603 432/432/432 1119/1119/1119
f 607/607/607 23/23/23 611/611/611
f 606/606/606 604/604/604 433/433/433
f 433/433/433 604/604/604 605/605/605
f 607/607/607 604/604/604 23/23/23
f 433/433/433 840/840/840 606/606/606
f 844/844/844 431/431/431 21/21/21
f 611/611/611 23/23/23 24/24/24
f 605/605/605 604/604/604 607/607/607
f 604/604/604 606/606/606 608/608/608
f 608/608/608 606/606/606 844/844/844
f 610/610/610 609/609/609 25/25/25
f 605/605/605 609/609/609 434/434/434
f 610/610/610 25/25/25 26/26/26
f 578/578/578 609/609/609 610/610/610
f 607/607/607 611/611/611 605/605/605
f 24/24/24 609/609/609 611/611/611
f 1124/1124/1124 1120/1120/1120 1121/1121/1121
f 949/949/949 680/680/680 612/612/612
f 622/622/622 853/853/853 1142/1142/1142
f 613/613/613 267/267/267 846/846/846
f 614/614/614 53/53/53 441/441/441
f 439/439/439 614/614/614 437/437/437
f 602/602/602 615/615/615 430/430/430
f 440/440/440 615/615/615 50/50/50
f 617/617/617 616/616/616 55/55/55
f 444/444/444 616/616/616 442/442/442
f 627/627/627 628/628/628 57/57/57
f 618/618/618 625/625/625 626/626/626
f 1732/1732/1732 1579/1579/1579 1648/1648/1648
f 340/340/340 444/444/444 622/622/622
f 620/620/620 619/619/619 617/617/617
f 1648/1648/1648 623/623/623 618/618/618
f 624/624/624 617/617/617 56/56/56
f 1144/1144/1144 626/626/626 445/445/445
f 1651/1651/1651 1580/1580/1580 1143/1143/1143
f 613/613/613 853/853/853 267/267/267
f 442/442/442 622/622/622 444/444/444
f 853/853/853 622/622/622 621/621/621
f 618/618/618 623/623/623 619/619/619
f 621/621/621 622/622/622 623/623/623
f 57/57/57 624/624/624 56/56/56
f 620/620/620 617/617/617 624/624/624
f 619/619/619 620/620/620 625/625/625
f 626/626/626 625/625/625 620/620/620
f 445/445/445 626/626/626 620/620/620
f 626/626/626 341/341/341 1650/1650/1650
f 627/627/627 58/58/58 854/854/854
f 628/628/628 445/445/445 620/620/620
f 57/57/57 628/628/628 624/624/624
f 445/445/445 628/628/628 627/627/627
f 858/858/858 60/60/60 1148/1148/1148
f 855/855/855 1322/1322/1322 1144/1144/1144
f 857/857/857 62/62/62 63/63/63
f 447/447/447 632/632/632 633/633/633
f 857/857/857 630/630/630 62/62/62
f 631/631/631 857/857/857 634/634/634
f 1150/1150/1150 866/866/866 867/867/867
f 1146/1146/1146 858/858/858 1149/1149/1149
f 447/447/447 633/633/633 630/630/630
f 633/633/633 632/632/632 1148/1148/1148
f 868/868/868 64/64/64 65/65/65
f 631/631/631 634/634/634 448/448/448
f 868/868/868 634/634/634 64/64/64
f 635/635/635 868/868/868 636/636/636
f 869/869/869 66/66/66 67/67/67
f 635/635/635 636/636/636 449/449/449
f 870/870/870 67/67/67 68/68/68
f 1332/1332/1332 1151/1151/1151 1334/1334/1334
f 869/869/869 636/636/636 66/66/66
f 637/637/637 1334/1334/1334 3928/3928/3928
f 639/639/639 69/69/69 871/871/871
f 639/639/639 450/450/450 1332/1332/1332
f 643/643/643 2203/2203/2203 874/874/874
f 872/872/872 344/344/344 1333/1333/1333
f 74/74/74 648/648/648 644/644/644
f 2204/2204/2204 645/645/645 452/452/452
f 73/73/73 644/644/644 641/641/641
f 453/453/453 648/648/648 646/646/646
f 2203/2203/2203 2204/2204/2204 2200/2200/2200
f 451/451/451 873/873/873 874/874/874
f 74/74/74 644/644/644 73/73/73
f 452/452/452 644/644/644 642/642/642
f 452/452/452 645/645/645 641/641/641
f 645/645/645 643/643/643 875/875/875
f 649/649/649 75/75/75 652/652/652
f 648/648/648 453/453/453 642/642/642
f 646/646/646 649/649/649 453/453/453
f 649/649/649 646/646/646 75/75/75
f 644/644/644 648/648/648 642/642/642
f 74/74/74 646/646/646 648/648/648
f 652/652/652 75/75/75 76/76/76
f 453/453/453 649/649/649 647/647/647
f 887/887/887 77/77/77 78/78/78
f 652/652/652 454/454/454 647/647/647
f 79/79/79 80/80/80 992/992/992
f 888/888/888 651/651/651 887/887/887
f 649/649/649 652/652/652 647/647/647
f 76/76/76 650/650/650 652/652/652
f 887/887/887 650/650/650 77/77/77
f 1153/1153/1153 653/653/653 651/651/651
f 891/891/891 164/164/164 165/165/165
f 455/455/455 1165/1165/1165 654/654/654
f 892/892/892 165/165/165 166/166/166
f 893/893/893 1338/1338/1338 1156/1156/1156
f 1165/1165/1165 1156/1156/1156 896/896/896
f 1170/1170/1170 1167/1167/1167 1346/1346/1346
f 901/901/901 898/898/898 1172/1172/1172
f 1158/1158/1158 893/893/893 1157/1157/1157
f 658/658/658 170/170/170 899/899/899
f 658/658/658 457/457/457 1175/1175/1175
f 906/906/906 171/171/171 172/172/172
f 663/663/663 661/661/661 1183/1183/1183
f 1173/1173/1173 902/902/902 1175/1175/1175
f 897/897/897 167/167/167 1172/1172/1172
f 903/903/903 173/173/173 174/174/174
f 661/661/661 458/458/458 1183/1183/1183
f 662/662/662 903/903/903 664/664/664
f 1181/1181/1181 662/662/662 1186/1186/1186
f 1182/1182/1182 905/905/905 1183/1183/1183
f 899/899/899 906/906/906 659/659/659
f 910/910/910 175/175/175 176/176/176
f 662/662/662 664/664/664 459/459/459
f 910/910/910 664/664/664 175/175/175
f 665/665/665 910/910/910 666/666/666
f 911/911/911 177/177/177 178/178/178
f 665/665/665 666/666/666 460/460/460
f 912/912/912 178/178/178 179/179/179
f 2953/2953/2953 3679/3679/3679 2890/2890/2890
f 1191/1191/1191 181/181/181 182/182/182
f 1392/1392/1392 1189/1189/1189 1388/1388/1388
f 670/670/670 669/669/669 193/193/193
f 462/462/462 669/669/669 463/463/463
f 194/194/194 475/475/475 670/670/670
f 475/475/475 358/358/358 689/689/689
f 670/670/670 919/919/919 918/918/918
f 918/918/918 671/671/671 917/917/917
f 464/464/464 928/928/928 929/929/929
f 933/933/933 931/931/931 466/466/466
f 462/462/462 673/673/673 191/191/191
f 672/672/672 673/673/673 464/464/464
f 1198/1198/1198 935/935/935 4226/4226/4226
f 464/464/464 929/929/929 672/672/672
f 675/675/675 187/187/187 937/937/937
f 677/677/677 675/675/675 465/465/465
f 672/672/672 1197/1197/1197 189/189/189
f 1199/1199/1199 938/938/938 353/353/353
f 465/465/465 1199/1199/1199 941/941/941
f 185/185/185 942/942/942 184/184/184
f 1400/1400/1400 1216/1216/1216 946/946/946
f 1216/1216/1216 915/915/915 946/946/946
f 680/680/680 679/679/679 14/14/14
f 468/468/468 679/679/679 469/469/469
f 845/845/845 680/680/680 15/15/15
f 949/949/949 612/612/612 435/435/435
f 1219/1219/1219 680/680/680 949/949/949
f 950/950/950 1139/1139/1139 1219/1219/1219
f 468/468/468 682/682/682 12/12/12
f 684/684/684 682/682/682 470/470/470
f 683/683/683 1220/1220/1220 959/959/959
f 355/355/355 703/703/703 956/956/956
f 470/470/470 953/953/953 955/955/955
f 684/684/684 957/957/957 685/685/685
f 684/684/684 685/685/685 10/10/10
f 685/685/685 471/471/471 702/702/702
f 474/474/474 686/686/686 237/237/237
f 357/357/357 473/473/473 686/686/686
f 477/477/477 687/687/687 232/232/232
f 688/688/688 687/687/687 279/279/279
f 686/686/686 688/688/688 357/357/357
f 687/687/687 688/688/688 474/474/474
f 689/689/689 477/477/477 692/692/692
f 475/475/475 689/689/689 919/919/919
f 693/693/693 691/691/691 692/692/692
f 693/693/693 232/232/232 696/696/696
f 477/477/477 693/693/693 692/692/692
f 671/671/671 922/922/922 276/276/276
f 693/693/693 477/477/477 232/232/232
f 692/692/692 691/691/691 3465/3465/3465
f 714/714/714 715/715/715 474/474/474
f 691/691/691 693/693/693 695/695/695
f 927/927/927 926/926/926 1395/1395/1395
f 960/960/960 695/695/695 690/690/690
f 697/697/697 693/693/693 696/696/696
f 695/695/695 693/693/693 697/697/697
f 232/232/232 715/715/715 972/972/972
f 696/696/696 694/694/694 697/697/697
f 208/208/208 3477/3477/3477 4261/4261/4261
f 697/697/697 1196/1196/1196 695/695/695
f 687/687/687 698/698/698 279/279/279
f 689/689/689 698/698/698 477/477/477
f 481/481/481 699/699/699 233/233/233
f 700/700/700 699/699/699 280/280/280
f 701/701/701 700/700/700 360/360/360
f 699/699/699 700/700/700 480/480/480
f 479/479/479 702/702/702 701/701/701
f 705/705/705 706/706/706 703/703/703
f 685/685/685 702/702/702 479/479/479
f 703/703/703 702/702/702 471/471/471
f 471/471/471 957/957/957 956/956/956
f 355/355/355 705/705/705 703/703/703
f 1405/1405/1405 963/963/963 1406/1406/1406
f 233/233/233 480/480/480 961/961/961
f 965/965/965 705/705/705 355/355/355
f 705/705/705 704/704/704 706/706/706
f 706/706/706 701/701/701 702/702/702
f 961/961/961 706/706/706 704/704/704
f 699/699/699 707/707/707 280/280/280
f 708/708/708 707/707/707 481/481/481
f 484/484/484 711/711/711 710/710/710
f 287/287/287 709/709/709 209/209/209
f 971/971/971 287/287/287 236/236/236
f 708/708/708 481/481/481 716/716/716
f 716/716/716 709/709/709 708/708/708
f 1226/1226/1226 1403/1403/1403 973/973/973
f 712/712/712 711/711/711 484/484/484
f 209/209/209 711/711/711 363/363/363
f 714/714/714 712/712/712 1226/1226/1226
f 485/485/485 712/712/712 237/237/237
f 719/719/719 694/694/694 717/717/717
f 696/696/696 717/717/717 694/694/694
f 1226/1226/1226 712/712/712 484/484/484
f 714/714/714 713/713/713 715/715/715
f 972/972/972 713/713/713 717/717/717
f 232/232/232 474/474/474 715/715/715
f 1404/1404/1404 481/481/481 233/233/233
f 709/709/709 716/716/716 710/710/710
f 972/972/972 696/696/696 232/232/232
f 713/713/713 1225/1225/1225 717/717/717
f 713/713/713 714/714/714 1226/1226/1226
f 1405/1405/1405 973/973/973 1227/1227/1227
f 718/718/718 208/208/208 719/719/719
f 208/208/208 4261/4261/4261 4260/4260/4260
f 721/721/721 720/720/720 87/87/87
f 722/722/722 720/720/720 486/486/486
f 738/738/738 88/88/88 89/89/89
f 486/486/486 974/974/974 366/366/366
f 987/987/987 486/486/486 366/366/366
f 986/986/986 985/985/985 488/488/488
f 1422/1422/1422 1407/1407/1407 1408/1408/1408
f 724/724/724 989/989/989 1407/1407/1407
f 1229/1229/1229 82/82/82 83/83/83
f 1234/1234/1234 1421/1421/1421 1233/1233/1233
f 1410/1410/1410 1415/1415/1415 1412/1412/1412
f 1507/1507/1507 1154/1154/1154 1335/1335/1335
f 727/727/727 726/726/726 118/118/118
f 541/541/541 726/726/726 490/490/490
f 1005/1005/1005 120/120/120 730/730/730
f 1236/1236/1236 995/995/995 993/993/993
f 1004/1004/1004 121/121/121 122/122/122
f 730/730/730 728/728/728 491/491/491
f 1004/1004/1004 728/728/728 121/121/121
f 729/729/729 1004/1004/1004 731/731/731
f 1239/1239/1239 996/996/996 1237/1237/1237
f 1005/1005/1005 727/727/727 119/119/119
f 1010/1010/1010 123/123/123 124/124/124
f 729/729/729 731/731/731 492/492/492
f 1010/1010/1010 731/731/731 123/123/123
f 732/732/732 1010/1010/1010 733/733/733
f 125/125/125 126/126/126 734/734/734
f 732/732/732 733/733/733 493/493/493
f 1274/1274/1274 1062/1062/1062 760/760/760
f 733/733/733 734/734/734 1273/1273/1273
f 736/736/736 735/735/735 371/371/371
f 740/740/740 735/735/735 495/495/495
f 95/95/95 736/736/736 94/94/94
f 735/735/735 736/736/736 495/495/495
f 1269/1269/1269 1267/1267/1267 1268/1268/1268
f 1244/1244/1244 1012/1012/1012 1436/1436/1436
f 738/738/738 1016/1016/1016 1017/1017/1017
f 721/721/721 88/88/88 738/738/738
f 1266/1266/1266 739/739/739 1267/1267/1267
f 1019/1019/1019 1245/1245/1245 1018/1018/1018
f 735/735/735 740/740/740 292/292/292
f 495/495/495 1436/1436/1436 741/741/741
f 739/739/739 740/740/740 741/741/741
f 495/495/495 741/741/741 740/740/740
f 1984/1984/1984 1986/1986/1986 510/510/510
f 2144/2144/2144 2085/2085/2085 2057/2057/2057
f 538/538/538 743/743/743 113/113/113
f 526/526/526 743/743/743 527/527/527
f 526/526/526 744/744/744 111/111/111
f 529/529/529 744/744/744 528/528/528
f 1022/1022/1022 527/527/527 376/376/376
f 745/745/745 537/537/537 1257/1257/1257
f 1000/1000/1000 746/746/746 377/377/377
f 747/747/747 746/746/746 296/296/296
f 747/747/747 296/296/296 748/748/748
f 539/539/539 747/747/747 376/376/376
f 1247/1247/1247 748/748/748 296/296/296
f 1257/1257/1257 1024/1024/1024 295/295/295
f 540/540/540 749/749/749 115/115/115
f 538/538/538 749/749/749 539/539/539
f 368/368/368 1002/1002/1002 999/999/999
f 750/750/750 999/999/999 1240/1240/1240
f 751/751/751 294/294/294 1259/1259/1259
f 384/384/384 753/753/753 246/246/246
f 1025/1025/1025 1438/1438/1438 1259/1259/1259
f 755/755/755 756/756/756 546/546/546
f 544/544/544 751/751/751 753/753/753
f 752/752/752 753/753/753 751/751/751
f 385/385/385 545/545/545 755/755/755
f 1014/1014/1014 754/754/754 546/546/546
f 546/546/546 754/754/754 755/755/755
f 385/385/385 755/755/755 754/754/754
f 752/752/752 1259/1259/1259 1438/1438/1438
f 752/752/752 1438/1438/1438 756/756/756
f 550/550/550 757/757/757 129/129/129
f 547/547/547 757/757/757 548/548/548
f 1061/1061/1061 758/758/758 1060/1060/1060
f 387/387/387 551/551/551 762/762/762
f 547/547/547 759/759/759 127/127/127
f 734/734/734 759/759/759 549/549/549
f 304/304/304 1450/1450/1450 760/760/760
f 760/760/760 1064/1064/1064 1274/1274/1274
f 791/791/791 388/388/388 790/790/790
f 761/761/761 305/305/305 762/762/762
f 787/787/787 1491/1491/1491 794/794/794
f 387/387/387 762/762/762 764/764/764
f 1303/1303/1303 763/763/763 1086/1086/1086
f 1492/1492/1492 764/764/764 1308/1308/1308
f 765/765/765 764/764/764 762/762/762
f 765/765/765 1308/1308/1308 764/764/764
f 1303/1303/1303 1086/1086/1086 247/247/247
f 765/765/765 763/763/763 1308/1308/1308
f 1071/1071/1071 771/771/771 772/772/772
f 772/772/772 1280/1280/1280 1071/1071/1071
f 559/559/559 767/767/767 150/150/150
f 556/556/556 767/767/767 557/557/557
f 1277/1277/1277 768/768/768 1460/1460/1460
f 806/806/806 573/573/573 805/805/805
f 556/556/556 769/769/769 148/148/148
f 769/769/769 558/558/558 399/399/399
f 1075/1075/1075 391/391/391 1074/1074/1074
f 771/771/771 770/770/770 307/307/307
f 771/771/771 307/307/307 772/772/772
f 560/560/560 771/771/771 390/390/390
f 1279/1279/1279 772/772/772 307/307/307
f 1073/1073/1073 306/306/306 1067/1067/1067
f 561/561/561 773/773/773 152/152/152
f 559/559/559 773/773/773 560/560/560
f 775/775/775 774/774/774 154/154/154
f 561/561/561 774/774/774 562/562/562
f 777/777/777 775/775/775 155/155/155
f 1288/1288/1288 1074/1074/1074 1284/1284/1284
f 1288/1288/1288 1287/1287/1287 776/776/776
f 1073/1073/1073 1280/1280/1280 1281/1281/1281
f 1076/1076/1076 156/156/156 157/157/157
f 777/777/777 563/563/563 1285/1285/1285
f 1077/1077/1077 157/157/157 158/158/158
f 778/778/778 1077/1077/1077 1079/1079/1079
f 1076/1076/1076 777/777/777 156/156/156
f 1570/1570/1570 779/779/779 778/778/778
f 1081/1081/1081 159/159/159 160/160/160
f 1297/1297/1297 1077/1077/1077 780/780/780
f 162/162/162 894/894/894 161/161/161
f 656/656/656 654/654/654 1165/1165/1165
f 568/568/568 782/782/782 249/249/249
f 783/783/783 782/782/782 309/309/309
f 784/784/784 783/783/783 395/395/395
f 782/782/782 783/783/783 566/566/566
f 312/312/312 401/401/401 784/784/784
f 809/809/809 401/401/401 808/808/808
f 1088/1088/1088 796/796/796 1087/1087/1087
f 1082/1082/1082 785/785/785 1089/1089/1089
f 782/782/782 786/786/786 309/309/309
f 788/788/788 786/786/786 568/568/568
f 1572/1572/1572 1490/1490/1490 1642/1642/1642
f 761/761/761 795/795/795 305/305/305
f 792/792/792 568/568/568 793/793/793
f 553/553/553 790/790/790 388/388/388
f 789/789/789 801/801/801 791/791/791
f 790/790/790 788/788/788 792/792/792
f 554/554/554 788/788/788 790/790/790
f 792/792/792 791/791/791 790/790/790
f 794/794/794 801/801/801 797/797/797
f 388/388/388 791/791/791 795/795/795
f 793/793/793 568/568/568 249/249/249
f 791/791/791 792/792/792 789/789/789
f 793/793/793 799/799/799 798/798/798
f 794/794/794 797/797/797 787/787/787
f 1302/1302/1302 1310/1310/1310 3486/3486/3486
f 794/794/794 3485/3485/3485 795/795/795
f 388/388/388 795/795/795 761/761/761
f 795/795/795 791/791/791 801/801/801
f 1089/1089/1089 1087/1087/1087 796/796/796
f 796/796/796 800/800/800 798/798/798
f 789/789/789 793/793/793 797/797/797
f 798/798/798 797/797/797 793/793/793
f 799/799/799 793/793/793 249/249/249
f 1090/1090/1090 796/796/796 1088/1088/1088
f 249/249/249 1082/1082/1082 1089/1089/1089
f 796/796/796 798/798/798 799/799/799
f 1574/1574/1574 3859/3859/3859 1302/1302/1302
f 797/797/797 1093/1093/1093 787/787/787
f 797/797/797 801/801/801 789/789/789
f 795/795/795 801/801/801 794/794/794
f 803/803/803 802/802/802 310/310/310
f 570/570/570 802/802/802 569/569/569
f 803/803/803 310/310/310 805/805/805
f 1094/1094/1094 803/803/803 250/250/250
f 250/250/250 1276/1276/1276 1278/1278/1278
f 1095/1095/1095 405/405/405 1096/1096/1096
f 806/806/806 805/805/805 399/399/399
f 803/803/803 805/805/805 573/573/573
f 1069/1069/1069 806/806/806 558/558/558
f 1277/1277/1277 806/806/806 768/768/768
f 570/570/570 807/807/807 319/319/319
f 807/807/807 569/569/569 1094/1094/1094
f 575/575/575 1095/1095/1095 1096/1096/1096
f 785/785/785 1082/1082/1082 809/809/809
f 401/401/401 809/809/809 784/784/784
f 809/809/809 808/808/808 1096/1096/1096
f 811/811/811 408/408/408 321/321/321
f 810/810/810 580/580/580 1100/1100/1100
f 812/812/812 321/321/321 415/415/415
f 812/812/812 811/811/811 321/321/321
f 814/814/814 254/254/254 819/819/819
f 1494/1494/1494 1097/1097/1097 813/813/813
f 254/254/254 814/814/814 812/812/812
f 1646/1646/1646 1644/1644/1644 1576/1576/1576
f 1312/1312/1312 1495/1495/1495 1644/1644/1644
f 815/815/815 812/812/812 1575/1575/1575
f 1575/1575/1575 812/812/812 814/814/814
f 813/813/813 811/811/811 815/815/815
f 817/817/817 816/816/816 220/220/220
f 818/818/818 816/816/816 583/583/583
f 417/417/417 817/817/817 220/220/220
f 204/204/204 817/817/817 416/416/416
f 826/826/826 1111/1111/1111 1109/1109/1109
f 826/826/826 1313/1313/1313 1112/1112/1112
f 820/820/820 819/819/819 412/412/412
f 814/814/814 819/819/819 587/587/587
f 584/584/584 820/820/820 412/412/412
f 219/219/219 1105/1105/1105 1108/1108/1108
f 419/419/419 821/821/821 416/416/416
f 822/822/822 821/821/821 221/221/221
f 822/822/822 221/221/221 328/328/328
f 222/222/222 822/822/822 261/261/261
f 824/824/824 823/823/823 422/422/422
f 825/825/825 823/823/823 204/204/204
f 827/827/827 824/824/824 422/422/422
f 824/824/824 591/591/591 1110/1110/1110
f 821/821/821 825/825/825 416/416/416
f 823/823/823 825/825/825 588/588/588
f 827/827/827 828/828/828 591/591/591
f 818/818/818 583/583/583 1111/1111/1111
f 828/828/828 827/827/827 423/423/423
f 824/824/824 827/827/827 591/591/591
f 599/599/599 1317/1317/1317 223/223/223
f 1848/1848/1848 2012/2012/2012 1318/1318/1318
f 830/830/830 829/829/829 430/430/430
f 600/600/600 829/829/829 597/597/597
f 339/339/339 846/846/846 849/849/849
f 829/829/829 830/830/830 597/597/597
f 601/601/601 831/831/831 427/427/427
f 1577/1577/1577 831/831/831 598/598/598
f 20/20/20 832/832/832 19/19/19
f 431/431/431 843/843/843 1115/1115/1115
f 1127/1127/1127 1125/1125/1125 1122/1122/1122
f 612/612/612 1120/1120/1120 435/435/435
f 434/434/434 4122/4122/4122 3505/3505/3505
f 834/834/834 337/337/337 835/835/835
f 839/839/839 835/835/835 337/337/337
f 838/838/838 1498/1498/1498 843/843/843
f 605/605/605 834/834/834 836/836/836
f 835/835/835 836/836/836 834/834/834
f 3623/3623/3623 3559/3559/3559 3612/3612/3612
f 3539/3539/3539 3541/3541/3541 3537/3537/3537
f 840/840/840 839/839/839 841/841/841
f 841/841/841 842/842/842 838/838/838
f 3586/3586/3586 3585/3585/3585 3559/3559/3559
f 841/841/841 839/839/839 837/837/837
f 839/839/839 840/840/840 835/835/835
f 606/606/606 840/840/840 838/838/838
f 842/842/842 841/841/841 837/837/837
f 840/840/840 841/841/841 838/838/838
f 3555/3555/3555 3542/3542/3542 3530/3530/3530
f 842/842/842 266/266/266 1319/1319/1319
f 844/844/844 843/843/843 431/431/431
f 838/838/838 843/843/843 606/606/606
f 608/608/608 844/844/844 21/21/21
f 843/843/843 844/844/844 606/606/606
f 1121/1121/1121 845/845/845 16/16/16
f 680/680/680 845/845/845 612/612/612
f 852/852/852 847/847/847 846/846/846
f 849/849/849 438/438/438 339/339/339
f 852/852/852 846/846/846 267/267/267
f 600/600/600 850/850/850 1902/1902/1902
f 849/849/849 830/830/830 438/438/438
f 848/848/848 847/847/847 850/850/850
f 847/847/847 848/848/848 849/849/849
f 849/849/849 848/848/848 830/830/830
f 1844/1844/1844 851/851/851 1678/1678/1678
f 2160/2160/2160 2163/2163/2163 2128/2128/2128
f 267/267/267 1499/1499/1499 1502/1502/1502
f 851/851/851 1501/1501/1501 1678/1678/1678
f 852/852/852 267/267/267 1502/1502/1502
f 852/852/852 851/851/851 1846/1846/1846
f 340/340/340 1142/1142/1142 613/613/613
f 1500/1500/1500 1321/1321/1321 1499/1499/1499
f 858/858/858 854/854/854 59/59/59
f 627/627/627 854/854/854 629/629/629
f 1146/1146/1146 855/855/855 1145/1145/1145
f 1323/1323/1323 1147/1147/1147 1322/1322/1322
f 860/860/860 448/448/448 635/635/635
f 862/862/862 861/861/861 856/856/856
f 634/634/634 857/857/857 63/63/63
f 630/630/630 857/857/857 631/631/631
f 60/60/60 858/858/858 59/59/59
f 858/858/858 1148/1148/1148 1149/1149/1149
f 3929/3929/3929 449/449/449 3928/3928/3928
f 859/859/859 343/343/343 860/860/860
f 863/863/863 860/860/860 343/343/343
f 864/864/864 862/862/862 856/856/856
f 861/861/861 863/863/863 3457/3457/3457
f 3457/3457/3457 3458/3458/3458 861/861/861
f 448/448/448 860/860/860 862/862/862
f 862/862/862 860/860/860 863/863/863
f 3947/3947/3947 3937/3937/3937 3936/3936/3936
f 862/862/862 863/863/863 861/861/861
f 865/865/865 864/864/864 856/856/856
f 448/448/448 864/864/864 631/631/631
f 856/856/856 3463/3463/3463 866/866/866
f 631/631/631 865/865/865 447/447/447
f 342/342/342 1503/1503/1503 866/866/866
f 447/447/447 865/865/865 866/866/866
f 1324/1324/1324 1327/1327/1327 1147/1147/1147
f 268/268/268 1833/1833/1833 1897/1897/1897
f 636/636/636 868/868/868 65/65/65
f 634/634/634 868/868/868 635/635/635
f 870/870/870 869/869/869 67/67/67
f 638/638/638 869/869/869 637/637/637
f 639/639/639 870/870/870 68/68/68
f 1332/1332/1332 1333/1333/1333 1151/1151/1151
f 1152/1152/1152 871/871/871 70/70/70
f 639/639/639 871/871/871 640/640/640
f 640/640/640 873/873/873 872/872/872
f 872/872/872 873/873/873 877/877/877
f 871/871/871 1152/1152/1152 640/640/640
f 2205/2205/2205 2206/2206/2206 451/451/451
f 873/873/873 640/640/640 1152/1152/1152
f 645/645/645 875/875/875 71/71/71
f 643/643/643 874/874/874 875/875/875
f 875/875/875 874/874/874 1152/1152/1152
f 2200/2200/2200 2201/2201/2201 2205/2205/2205
f 876/876/876 2209/2209/2209 878/878/878
f 451/451/451 877/877/877 873/873/873
f 878/878/878 877/877/877 876/876/876
f 2210/2210/2210 2208/2208/2208 2209/2209/2209
f 872/872/872 878/878/878 344/344/344
f 3939/3939/3939 3941/3941/3941 3933/3933/3933
f 878/878/878 879/879/879 3931/3931/3931
f 882/882/882 453/453/453 647/647/647
f 884/884/884 883/883/883 880/880/880
f 454/454/454 653/653/653 1335/1335/1335
f 881/881/881 346/346/346 882/882/882
f 886/886/886 882/882/882 346/346/346
f 885/885/885 884/884/884 880/880/880
f 1506/1506/1506 886/886/886 346/346/346
f 883/883/883 1506/1506/1506 1680/1680/1680
f 453/453/453 882/882/882 884/884/884
f 884/884/884 882/882/882 886/886/886
f 452/452/452 885/885/885 880/880/880
f 453/453/453 885/885/885 642/642/642
f 346/346/346 1584/1584/1584 1506/1506/1506
f 884/884/884 886/886/886 883/883/883
f 888/888/888 887/887/887 78/78/78
f 653/653/653 887/887/887 651/651/651
f 80/80/80 1232/1232/1232 992/992/992
f 992/992/992 1235/1235/1235 888/888/888
f 1410/1410/1410 1412/1412/1412 489/489/489
f 1153/1153/1153 1335/1335/1335 653/653/653
f 1235/1235/1235 890/890/890 888/888/888
f 890/890/890 889/889/889 1588/1588/1588
f 892/892/892 891/891/891 165/165/165
f 654/654/654 891/891/891 655/655/655
f 897/897/897 892/892/892 166/166/166
f 1163/1163/1163 1162/1162/1162 1164/1164/1164
f 1158/1158/1158 655/655/655 892/892/892
f 1158/1158/1158 1162/1162/1162 893/893/893
f 656/656/656 1165/1165/1165 1167/1167/1167
f 1169/1169/1169 781/781/781 1171/1171/1171
f 654/654/654 895/895/895 163/163/163
f 894/894/894 895/895/895 656/656/656
f 1347/1347/1347 1346/1346/1346 1345/1345/1345
f 656/656/656 1167/1167/1167 894/894/894
f 167/167/167 168/168/168 1172/1172/1172
f 897/897/897 657/657/657 1159/1159/1159
f 1180/1180/1180 1357/1357/1357 902/902/902
f 897/897/897 898/898/898 1356/1356/1356
f 899/899/899 171/171/171 906/906/906
f 658/658/658 899/899/899 659/659/659
f 663/663/663 1183/1183/1183 1185/1185/1185
f 1368/1368/1368 1362/1362/1362 1367/1367/1367
f 658/658/658 901/901/901 169/169/169
f 898/898/898 901/901/901 660/660/660
f 902/902/902 1358/1358/1358 1180/1180/1180
f 657/657/657 897/897/897 1356/1356/1356
f 664/664/664 903/903/903 174/174/174
f 661/661/661 903/903/903 662/662/662
f 1186/1186/1186 908/908/908 909/909/909
f 909/909/909 1386/1386/1386 1186/1186/1186
f 1376/1376/1376 1368/1368/1368 905/905/905
f 1185/1185/1185 900/900/900 1174/1174/1174
f 661/661/661 906/906/906 172/172/172
f 906/906/906 663/663/663 659/659/659
f 460/460/460 1387/1387/1387 1190/1190/1190
f 908/908/908 907/907/907 350/350/350
f 908/908/908 350/350/350 909/909/909
f 665/665/665 908/908/908 459/459/459
f 1385/1385/1385 909/909/909 350/350/350
f 1386/1386/1386 349/349/349 904/904/904
f 666/666/666 910/910/910 176/176/176
f 664/664/664 910/910/910 665/665/665
f 912/912/912 911/911/911 178/178/178
f 666/666/666 911/911/911 667/667/667
f 1510/1510/1510 1389/1389/1389 1391/1391/1391
f 461/461/461 3678/3678/3678 1511/1511/1511
f 1688/1688/1688 1591/1591/1591 1686/1686/1686
f 1768/1768/1768 1187/1187/1187 1767/1767/1767
f 914/914/914 181/181/181 1191/1191/1191
f 914/914/914 668/668/668 1511/1511/1511
f 915/915/915 1191/1191/1191 943/943/943
f 945/945/945 946/946/946 915/915/915
f 674/674/674 916/916/916 276/276/276
f 917/917/917 916/916/916 352/352/352
f 918/918/918 917/917/917 463/463/463
f 916/916/916 917/917/917 671/671/671
f 670/670/670 475/475/475 919/919/919
f 1192/1192/1192 3465/3465/3465 960/960/960
f 3465/3465/3465 689/689/689 692/692/692
f 921/921/921 3465/3465/3465 920/920/920
f 671/671/671 918/918/918 921/921/921
f 919/919/919 3465/3465/3465 921/921/921
f 919/919/919 921/921/921 918/918/918
f 921/921/921 920/920/920 922/922/922
f 1192/1192/1192 923/923/923 920/920/920
f 922/922/922 920/920/920 923/923/923
f 927/927/927 230/230/230 1193/1193/1193
f 925/925/925 926/926/926 924/924/924
f 4121/4121/4121 4226/4226/4226 4120/4120/4120
f 276/276/276 922/922/922 925/925/925
f 926/926/926 922/922/922 923/923/923
f 925/925/925 924/924/924 935/935/935
f 1192/1192/1192 1396/1396/1396 923/923/923
f 924/924/924 926/926/926 927/927/927
f 923/923/923 1396/1396/1396 1395/1395/1395
f 1196/1196/1196 690/690/690 695/695/695
f 916/916/916 928/928/928 352/352/352
f 929/929/929 928/928/928 674/674/674
f 934/934/934 932/932/932 929/929/929
f 931/931/931 929/929/929 932/932/932
f 935/935/935 924/924/924 4120/4120/4120
f 938/938/938 1201/1201/1201 1202/1202/1202
f 466/466/466 939/939/939 933/933/933
f 672/672/672 929/929/929 931/931/931
f 934/934/934 929/929/929 674/674/674
f 932/932/932 930/930/930 4209/4209/4209
f 676/676/676 936/936/936 933/933/933
f 188/188/188 1197/1197/1197 936/936/936
f 276/276/276 1198/1198/1198 674/674/674
f 276/276/276 925/925/925 935/935/935
f 1193/1193/1193 924/924/924 927/927/927
f 1198/1198/1198 4226/4226/4226 934/934/934
f 937/937/937 936/936/936 676/676/676
f 1197/1197/1197 188/188/188 189/189/189
f 936/936/936 937/937/937 188/188/188
f 675/675/675 937/937/937 676/676/676
f 939/939/939 676/676/676 933/933/933
f 938/938/938 939/939/939 1201/1201/1201
f 466/466/466 4209/4209/4209 1201/1201/1201
f 676/676/676 939/939/939 938/938/938
f 675/675/675 940/940/940 186/186/186
f 942/942/942 940/940/940 677/677/677
f 1208/1208/1208 1206/1206/1206 941/941/941
f 1207/1207/1207 1205/1205/1205 1213/1213/1213
f 1205/1205/1205 677/677/677 941/941/941
f 947/947/947 948/948/948 1399/1399/1399
f 183/183/183 184/184/184 1215/1215/1215
f 943/943/943 947/947/947 945/945/945
f 1217/1217/1217 1399/1399/1399 467/467/467
f 945/945/945 947/947/947 678/678/678
f 678/678/678 1398/1398/1398 945/945/945
f 915/915/915 943/943/943 945/945/945
f 1398/1398/1398 1399/1399/1399 1217/1217/1217
f 945/945/945 1398/1398/1398 946/946/946
f 943/943/943 944/944/944 947/947/947
f 947/947/947 944/944/944 948/948/948
f 942/942/942 1207/1207/1207 944/944/944
f 1205/1205/1205 942/942/942 677/677/677
f 950/950/950 949/949/949 435/435/435
f 1219/1219/1219 681/681/681 952/952/952
f 950/950/950 1132/1132/1132 1130/1130/1130
f 1132/1132/1132 1129/1129/1129 1130/1130/1130
f 683/683/683 951/951/951 278/278/278
f 952/952/952 951/951/951 354/354/354
f 1219/1219/1219 952/952/952 469/469/469
f 951/951/951 952/952/952 681/681/681
f 951/951/951 953/953/953 354/354/354
f 955/955/955 953/953/953 683/683/683
f 1141/1141/1141 1221/1221/1221 1402/1402/1402
f 3478/3478/3478 3476/3476/3476 969/969/969
f 958/958/958 959/959/959 954/954/954
f 685/685/685 957/957/957 471/471/471
f 471/471/471 956/956/956 703/703/703
f 955/955/955 683/683/683 959/959/959
f 684/684/684 955/955/955 957/957/957
f 956/956/956 957/957/957 955/955/955
f 355/355/355 967/967/967 965/965/965
f 355/355/355 956/956/956 958/958/958
f 955/955/955 959/959/959 956/956/956
f 683/683/683 278/278/278 1220/1220/1220
f 960/960/960 690/690/690 1192/1192/1192
f 691/691/691 695/695/695 960/960/960
f 964/964/964 961/961/961 704/704/704
f 964/964/964 963/963/963 961/961/961
f 704/704/704 965/965/965 966/966/966
f 962/962/962 964/964/964 966/966/966
f 1223/1223/1223 963/963/963 962/962/962
f 1516/1516/1516 1225/1225/1225 973/973/973
f 704/704/704 705/705/705 965/965/965
f 963/963/963 964/964/964 962/962/962
f 967/967/967 355/355/355 958/958/958
f 3468/3468/3468 969/969/969 970/970/970
f 704/704/704 966/966/966 964/964/964
f 3476/3476/3476 3475/3475/3475 3477/3477/3477
f 954/954/954 3468/3468/3468 958/958/958
f 954/954/954 1220/1220/1220 1222/1222/1222
f 3473/3473/3473 968/968/968 3470/3470/3470
f 4257/4257/4257 4275/4275/4275 4272/4272/4272
f 967/967/967 958/958/958 3468/3468/3468
f 3478/3478/3478 3475/3475/3475 3476/3476/3476
f 3468/3468/3468 970/970/970 967/967/967
f 3476/3476/3476 970/970/970 969/969/969
f 708/708/708 971/971/971 288/288/288
f 287/287/287 971/971/971 709/709/709
f 713/713/713 972/972/972 715/715/715
f 696/696/696 972/972/972 717/717/717
f 1227/1227/1227 1403/1403/1403 710/710/710
f 1406/1406/1406 1223/1223/1223 1224/1224/1224
f 721/721/721 975/975/975 974/974/974
f 975/975/975 977/977/977 979/979/979
f 738/738/738 975/975/975 721/721/721
f 487/487/487 977/977/977 975/975/975
f 3481/3481/3481 977/977/977 487/487/487
f 2145/2145/2145 2149/2149/2149 2144/2144/2144
f 487/487/487 1017/1017/1017 3481/3481/3481
f 979/979/979 977/977/977 976/976/976
f 293/293/293 1021/1021/1021 511/511/511
f 2149/2149/2149 2147/2147/2147 2148/2148/2148
f 980/980/980 979/979/979 976/976/976
f 974/974/974 979/979/979 366/366/366
f 2145/2145/2145 980/980/980 976/976/976
f 289/289/289 982/982/982 980/980/980
f 1520/1520/1520 1517/1517/1517 1409/1409/1409
f 1409/1409/1409 1415/1415/1415 1410/1410/1410
f 2169/2169/2169 2168/2168/2168 2181/2181/2181
f 983/983/983 982/982/982 981/981/981
f 2181/2181/2181 2182/2182/2182 981/981/981
f 983/983/983 366/366/366 979/979/979
f 488/488/488 985/985/985 984/984/984
f 985/985/985 987/987/987 984/984/984
f 488/488/488 2184/2184/2184 986/986/986
f 987/987/987 985/985/985 722/722/722
f 723/723/723 988/988/988 986/986/986
f 84/84/84 1228/1228/1228 988/988/988
f 486/486/486 987/987/987 722/722/722
f 987/987/987 366/366/366 983/983/983
f 988/988/988 723/723/723 1230/1230/1230
f 1228/1228/1228 84/84/84 85/85/85
f 1230/1230/1230 1420/1420/1420 989/989/989
f 990/990/990 989/989/989 724/724/724
f 990/990/990 82/82/82 1229/1229/1229
f 990/990/990 724/724/724 1421/1421/1421
f 1421/1421/1421 1422/1422/1422 1233/1233/1233
f 79/79/79 992/992/992 888/888/888
f 991/991/991 1234/1234/1234 992/992/992
f 1235/1235/1235 725/725/725 1527/1527/1527
f 727/727/727 1005/1005/1005 1236/1236/1236
f 996/996/996 994/994/994 995/995/995
f 994/994/994 1239/1239/1239 1433/1433/1433
f 997/997/997 1002/1002/1002 995/995/995
f 727/727/727 1236/1236/1236 993/993/993
f 997/997/997 995/995/995 994/994/994
f 1237/1237/1237 996/996/996 1236/1236/1236
f 1238/1238/1238 1239/1239/1239 1237/1237/1237
f 994/994/994 1433/1433/1433 1434/1434/1434
f 1435/1435/1435 1001/1001/1001 997/997/997
f 1255/1255/1255 1447/1447/1447 1256/1256/1256
f 1000/1000/1000 377/377/377 1240/1240/1240
f 1000/1000/1000 999/999/999 998/998/998
f 541/541/541 1240/1240/1240 377/377/377
f 1249/1249/1249 1023/1023/1023 1247/1247/1247
f 746/746/746 1000/1000/1000 296/296/296
f 1001/1001/1001 290/290/290 1250/1250/1250
f 998/998/998 999/999/999 1002/1002/1002
f 1002/1002/1002 368/368/368 995/995/995
f 998/998/998 1002/1002/1002 1001/1001/1001
f 1009/1009/1009 492/492/492 1007/1007/1007
f 492/492/492 1009/1009/1009 1003/1003/1003
f 731/731/731 1004/1004/1004 122/122/122
f 728/728/728 1004/1004/1004 729/729/729
f 120/120/120 1005/1005/1005 119/119/119
f 1236/1236/1236 1005/1005/1005 730/730/730
f 493/493/493 1273/1273/1273 1065/1065/1065
f 1007/1007/1007 1006/1006/1006 370/370/370
f 1007/1007/1007 370/370/370 1008/1008/1008
f 732/732/732 1007/1007/1007 492/492/492
f 1423/1423/1423 1008/1008/1008 370/370/370
f 1428/1428/1428 1243/1243/1243 369/369/369
f 1007/1007/1007 1008/1008/1008 1009/1009/1009
f 1429/1429/1429 1009/1009/1009 1008/1008/1008
f 733/733/733 1010/1010/1010 124/124/124
f 731/731/731 1010/1010/1010 732/732/732
f 1013/1013/1013 1011/1011/1011 299/299/299
f 737/737/737 1268/1268/1268 1012/1012/1012
f 381/381/381 1011/1011/1011 1012/1012/1012
f 737/737/737 1012/1012/1012 1011/1011/1011
f 243/243/243 380/380/380 1014/1014/1014
f 1015/1015/1015 496/496/496 1269/1269/1269
f 754/754/754 1014/1014/1014 213/213/213
f 3482/3482/3482 1014/1014/1014 546/546/546
f 737/737/737 1013/1013/1013 1015/1015/1015
f 3484/3484/3484 1013/1013/1013 1014/1014/1014
f 503/503/503 1016/1016/1016 89/89/89
f 1017/1017/1017 1016/1016/1016 499/499/499
f 1017/1017/1017 499/499/499 2199/2199/2199
f 975/975/975 1017/1017/1017 487/487/487
f 740/740/740 1018/1018/1018 514/514/514
f 1018/1018/1018 739/739/739 1019/1019/1019
f 1055/1055/1055 1035/1035/1035 1045/1045/1045
f 521/521/521 1019/1019/1019 1054/1054/1054
f 1985/1985/1985 1983/1983/1983 1984/1984/1984
f 2144/2144/2144 2149/2149/2149 742/742/742
f 2148/2148/2148 1021/1021/1021 1020/1020/1020
f 3481/3481/3481 1021/1021/1021 978/978/978
f 745/745/745 1022/1022/1022 537/537/537
f 747/747/747 1022/1022/1022 376/376/376
f 1248/1248/1248 1249/1249/1249 1000/1000/1000
f 1000/1000/1000 998/998/998 1251/1251/1251
f 1047/1047/1047 1046/1046/1046 1039/1039/1039
f 1033/1033/1033 1039/1039/1039 1038/1038/1038
f 531/531/531 1026/1026/1026 294/294/294
f 1025/1025/1025 241/241/241 1260/1260/1260
f 1026/1026/1026 532/532/532 1027/1027/1027
f 294/294/294 1026/1026/1026 1025/1025/1025
f 1029/1029/1029 1031/1031/1031 1028/1028/1028
f 1029/1029/1029 1028/1028/1028 1034/1034/1034
f 1038/1038/1038 1028/1028/1028 1033/1033/1033
f 1027/1027/1027 1032/1032/1032 241/241/241
f 532/532/532 534/534/534 1031/1031/1031
f 1034/1034/1034 1032/1032/1032 1027/1027/1027
f 1028/1028/1028 1049/1049/1049 1050/1050/1050
f 1043/1043/1043 1261/1261/1261 1041/1041/1041
f 1031/1031/1031 295/295/295 1033/1033/1033
f 532/532/532 1031/1031/1031 1029/1029/1029
f 1034/1034/1034 1027/1027/1027 1029/1029/1029
f 1044/1044/1044 1037/1037/1037 1040/1040/1040
f 295/295/295 1024/1024/1024 1033/1033/1033
f 1038/1038/1038 1039/1039/1039 1036/1036/1036
f 1038/1038/1038 1049/1049/1049 1028/1028/1028
f 1030/1030/1030 1032/1032/1032 1034/1034/1034
f 1045/1045/1045 518/518/518 1054/1054/1054
f 1439/1439/1439 1260/1260/1260 241/241/241
f 1722/1722/1722 1265/1265/1265 1604/1604/1604
f 1261/1261/1261 1043/1043/1043 212/212/212
f 1040/1040/1040 1032/1032/1032 1030/1030/1030
f 1271/1271/1271 1440/1440/1440 1441/1441/1441
f 1039/1039/1039 1033/1033/1033 1024/1024/1024
f 1610/1610/1610 1611/1611/1611 1036/1036/1036
f 1258/1258/1258 1047/1047/1047 1024/1024/1024
f 1047/1047/1047 1039/1039/1039 1024/1024/1024
f 1042/1042/1042 1040/1040/1040 1030/1030/1030
f 1040/1040/1040 1042/1042/1042 1044/1044/1044
f 1042/1042/1042 1043/1043/1043 1041/1041/1041
f 1041/1041/1041 1045/1045/1045 1044/1044/1044
f 1042/1042/1042 1030/1030/1030 1043/1043/1043
f 1044/1044/1044 1042/1042/1042 1041/1041/1041
f 1034/1034/1034 1028/1028/1028 1050/1050/1050
f 1051/1051/1051 1030/1030/1030 1050/1050/1050
f 1041/1041/1041 1263/1263/1263 1045/1045/1045
f 1037/1037/1037 1044/1044/1044 1035/1035/1035
f 518/518/518 521/521/521 1054/1054/1054
f 1035/1035/1035 1044/1044/1044 1045/1045/1045
f 1046/1046/1046 1724/1724/1724 1610/1610/1610
f 1036/1036/1036 1039/1039/1039 1046/1046/1046
f 1247/1247/1247 1047/1047/1047 748/748/748
f 1264/1264/1264 1047/1047/1047 1023/1023/1023
f 242/242/242 1265/1265/1265 1722/1722/1722
f 1051/1051/1051 1053/1053/1053 1043/1043/1043
f 1036/1036/1036 1049/1049/1049 1038/1038/1038
f 1049/1049/1049 1048/1048/1048 1050/1050/1050
f 1051/1051/1051 1050/1050/1050 1048/1048/1048
f 1030/1030/1030 1034/1034/1034 1050/1050/1050
f 1053/1053/1053 1051/1051/1051 1615/1615/1615
f 1030/1030/1030 1051/1051/1051 1043/1043/1043
f 1036/1036/1036 1046/1046/1046 1610/1610/1610
f 1881/1881/1881 1890/1890/1890 1889/1889/1889
f 1615/1615/1615 1051/1051/1051 1048/1048/1048
f 212/212/212 1053/1053/1053 1052/1052/1052
f 1019/1019/1019 739/739/739 1266/1266/1266
f 1045/1045/1045 1054/1054/1054 1055/1055/1055
f 1054/1054/1054 1019/1019/1019 1266/1266/1266
f 1054/1054/1054 1266/1266/1266 1055/1055/1055
f 3482/3482/3482 1271/1271/1271 3483/3483/3483
f 1035/1035/1035 1055/1055/1055 1057/1057/1057
f 1266/1266/1266 1057/1057/1057 1055/1055/1055
f 1056/1056/1056 1271/1271/1271 1441/1441/1441
f 753/753/753 1058/1058/1058 246/246/246
f 752/752/752 756/756/756 1058/1058/1058
f 760/760/760 1059/1059/1059 304/304/304
f 1060/1060/1060 1059/1059/1059 386/386/386
f 547/547/547 1060/1060/1060 386/386/386
f 1061/1061/1061 1060/1060/1060 548/548/548
f 550/550/550 1061/1061/1061 548/548/548
f 764/764/764 1061/1061/1061 387/387/387
f 547/547/547 1062/1062/1062 549/549/549
f 1059/1059/1059 1062/1062/1062 386/386/386
f 1492/1492/1492 1307/1307/1307 304/304/304
f 1537/1537/1537 3858/3858/3858 3857/3857/3857
f 760/760/760 1450/1450/1450 1451/1451/1451
f 1006/1006/1006 1065/1065/1065 370/370/370
f 1064/1064/1064 1275/1275/1275 1065/1065/1065
f 1242/1242/1242 1423/1423/1423 1424/1424/1424
f 390/390/390 1066/1066/1066 557/557/557
f 1067/1067/1067 1066/1066/1066 766/766/766
f 1067/1067/1067 766/766/766 1280/1280/1280
f 1460/1460/1460 1068/1068/1068 306/306/306
f 1066/1066/1066 1068/1068/1068 389/389/389
f 306/306/306 1068/1068/1068 1067/1067/1067
f 1068/1068/1068 1069/1069/1069 389/389/389
f 806/806/806 1069/1069/1069 768/768/768
f 306/306/306 1073/1073/1073 1458/1458/1458
f 1628/1628/1628 1070/1070/1070 1629/1629/1629
f 1066/1066/1066 1071/1071/1071 766/766/766
f 771/771/771 1071/1071/1071 390/390/390
f 1463/1463/1463 1293/1293/1293 1294/1294/1294
f 1296/1296/1296 1290/1290/1290 1295/1295/1295
f 772/772/772 1279/1279/1279 1281/1281/1281
f 1637/1637/1637 1636/1636/1636 1282/1282/1282
f 1284/1284/1284 562/562/562 775/775/775
f 770/770/770 1075/1075/1075 307/307/307
f 1074/1074/1074 1291/1291/1291 1075/1075/1075
f 1291/1291/1291 1293/1293/1293 1075/1075/1075
f 1077/1077/1077 1076/1076/1076 157/157/157
f 779/779/779 1076/1076/1076 778/778/778
f 1080/1080/1080 1077/1077/1077 158/158/158
f 1297/1297/1297 564/564/564 1078/1078/1078
f 1298/1298/1298 1560/1560/1560 564/564/564
f 1570/1570/1570 778/778/778 1079/1079/1079
f 1297/1297/1297 1079/1079/1079 1077/1077/1077
f 1570/1570/1570 1079/1079/1079 1078/1078/1078
f 1081/1081/1081 1080/1080/1080 159/159/159
f 1077/1077/1077 1080/1080/1080 780/780/780
f 1171/1171/1171 1355/1355/1355 894/894/894
f 780/780/780 1298/1298/1298 564/564/564
f 782/782/782 1082/1082/1082 249/249/249
f 809/809/809 1082/1082/1082 566/566/566
f 1642/1642/1642 800/800/800 1572/1572/1572
f 3843/3843/3843 3846/3846/3846 3850/3850/3850
f 3485/3485/3485 1085/1085/1085 305/305/305
f 3485/3485/3485 305/305/305 795/795/795
f 305/305/305 1085/1085/1085 765/765/765
f 1085/1085/1085 1084/1084/1084 1086/1086/1086
f 1084/1084/1084 1309/1309/1309 1086/1086/1086
f 3851/3851/3851 3852/3852/3852 1309/1309/1309
f 804/804/804 1311/1311/1311 405/405/405
f 1089/1089/1089 796/796/796 799/799/799
f 1311/1311/1311 1087/1087/1087 405/405/405
f 1091/1091/1091 1493/1493/1493 1278/1278/1278
f 249/249/249 1089/1089/1089 799/799/799
f 785/785/785 1087/1087/1087 1089/1089/1089
f 1572/1572/1572 1090/1090/1090 216/216/216
f 796/796/796 1090/1090/1090 800/800/800
f 216/216/216 1088/1088/1088 1092/1092/1092
f 1087/1087/1087 1311/1311/1311 1088/1088/1088
f 1311/1311/1311 1092/1092/1092 1088/1088/1088
f 1092/1092/1092 1091/1091/1091 1627/1627/1627
f 798/798/798 800/800/800 1093/1093/1093
f 1642/1642/1642 1093/1093/1093 800/800/800
f 803/803/803 1094/1094/1094 569/569/569
f 1493/1493/1493 1094/1094/1094 250/250/250
f 807/807/807 1095/1095/1095 575/575/575
f 804/804/804 405/405/405 1095/1095/1095
f 809/809/809 1096/1096/1096 785/785/785
f 575/575/575 1096/1096/1096 808/808/808
f 1098/1098/1098 1097/1097/1097 320/320/320
f 580/580/580 813/813/813 1097/1097/1097
f 1102/1102/1102 3488/3488/3488 1101/1101/1101
f 406/406/406 579/579/579 1100/1100/1100
f 3502/3502/3502 3490/3490/3490 3487/3487/3487
f 2005/2005/2005 2008/2008/2008 3592/3592/3592
f 1100/1100/1100 579/579/579 577/577/577
f 580/580/580 1098/1098/1098 1100/1100/1100
f 1101/1101/1101 3490/3490/3490 3504/3504/3504
f 1103/1103/1103 434/434/434 578/578/578
f 3488/3488/3488 1098/1098/1098 320/320/320
f 1103/1103/1103 1102/1102/1102 1101/1101/1101
f 1101/1101/1101 3504/3504/3504 4122/4122/4122
f 406/406/406 1103/1103/1103 578/578/578
f 1107/1107/1107 820/820/820 219/219/219
f 1924/1924/1924 2010/2010/2010 2009/2009/2009
f 584/584/584 1105/1105/1105 219/219/219
f 410/410/410 818/818/818 1105/1105/1105
f 1316/1316/1316 1114/1114/1114 1496/1496/1496
f 2117/2117/2117 2119/2119/2119 2122/2122/2122
f 2124/2124/2124 2118/2118/2118 2121/2121/2121
f 587/587/587 820/820/820 1107/1107/1107
f 1113/1113/1113 1108/1108/1108 818/818/818
f 1106/1106/1106 1107/1107/1107 1108/1108/1108
f 817/817/817 1109/1109/1109 583/583/583
f 1110/1110/1110 1109/1109/1109 204/204/204
f 824/824/824 1110/1110/1110 204/204/204
f 591/591/591 826/826/826 1110/1110/1110
f 1109/1109/1109 1111/1111/1111 583/583/583
f 1111/1111/1111 826/826/826 1112/1112/1112
f 1313/1313/1313 826/826/826 591/591/591
f 828/828/828 1316/1316/1316 1496/1496/1496
f 1111/1111/1111 1113/1113/1113 818/818/818
f 1113/1113/1113 1112/1112/1112 2158/2158/2158
f 1900/1900/1900 1994/1994/1994 1901/1901/1901
f 2158/2158/2158 2157/2157/2157 1106/1106/1106
f 1320/1320/1320 336/336/336 1116/1116/1116
f 1320/1320/1320 1117/1117/1117 832/832/832
f 336/336/336 1319/1319/1319 1116/1116/1116
f 3521/3521/3521 3516/3516/3516 3518/3518/3518
f 1320/1320/1320 832/832/832 1115/1115/1115
f 432/432/432 1117/1117/1117 1320/1320/1320
f 603/603/603 1118/1118/1118 18/18/18
f 1124/1124/1124 1118/1118/1118 833/833/833
f 1123/1123/1123 1122/1122/1122 1126/1126/1126
f 1118/1118/1118 1119/1119/1119 833/833/833
f 612/612/612 845/845/845 1121/1121/1121
f 1126/1126/1126 1125/1125/1125 1120/1120/1120
f 16/16/16 17/17/17 1121/1121/1121
f 17/17/17 1118/1118/1118 1124/1124/1124
f 1123/1123/1123 833/833/833 1119/1119/1119
f 3518/3518/3518 3516/3516/3516 3517/3517/3517
f 1119/1119/1119 432/432/432 1123/1123/1123
f 3578/3578/3578 3521/3521/3521 1116/1116/1116
f 1120/1120/1120 1124/1124/1124 833/833/833
f 17/17/17 1124/1124/1124 1121/1121/1121
f 1126/1126/1126 1120/1120/1120 833/833/833
f 1122/1122/1122 3519/3519/3519 1127/1127/1127
f 1123/1123/1123 1126/1126/1126 833/833/833
f 1122/1122/1122 1125/1125/1125 1126/1126/1126
f 1127/1127/1127 338/338/338 1129/1129/1129
f 1125/1125/1125 1127/1127/1127 1132/1132/1132
f 3532/3532/3532 3515/3515/3515 3512/3512/3512
f 1135/1135/1135 681/681/681 1139/1139/1139
f 3508/3508/3508 3509/3509/3509 3507/3507/3507
f 1130/1130/1130 1129/1129/1129 1128/1128/1128
f 1134/1134/1134 1133/1133/1133 1130/1130/1130
f 950/950/950 435/435/435 1132/1132/1132
f 1131/1131/1131 1134/1134/1134 1137/1137/1137
f 1222/1222/1222 1140/1140/1140 3469/3469/3469
f 1125/1125/1125 1132/1132/1132 435/435/435
f 1129/1129/1129 1132/1132/1132 1127/1127/1127
f 1134/1134/1134 1130/1130/1130 1128/1128/1128
f 1133/1133/1133 1131/1131/1131 1135/1135/1135
f 1137/1137/1137 1134/1134/1134 3524/3524/3524
f 1131/1131/1131 1133/1133/1133 1134/1134/1134
f 1221/1221/1221 1135/1135/1135 1131/1131/1131
f 681/681/681 1135/1135/1135 278/278/278
f 1129/1129/1129 3508/3508/3508 1128/1128/1128
f 3666/3666/3666 3622/3622/3622 3657/3657/3657
f 3524/3524/3524 1134/1134/1134 1128/1128/1128
f 1136/1136/1136 4128/4128/4128 1138/1138/1138
f 1138/1138/1138 231/231/231 1141/1141/1141
f 1137/1137/1137 1138/1138/1138 1402/1402/1402
f 1219/1219/1219 1139/1139/1139 681/681/681
f 1133/1133/1133 1139/1139/1139 950/950/950
f 3472/3472/3472 3473/3473/3473 3474/3474/3474
f 3471/3471/3471 969/969/969 3468/3468/3468
f 1141/1141/1141 231/231/231 3474/3474/3474
f 1221/1221/1221 1141/1141/1141 1140/1140/1140
f 622/622/622 1142/1142/1142 340/340/340
f 853/853/853 613/613/613 1142/1142/1142
f 1647/1647/1647 1500/1500/1500 1578/1578/1578
f 1739/1739/1739 1743/1743/1743 1674/1674/1674
f 626/626/626 1144/1144/1144 341/341/341
f 1145/1145/1145 1144/1144/1144 445/445/445
f 627/627/627 1145/1145/1145 445/445/445
f 1146/1146/1146 1145/1145/1145 629/629/629
f 858/858/858 1146/1146/1146 629/629/629
f 1323/1323/1323 1146/1146/1146 446/446/446
f 446/446/446 867/867/867 1324/1324/1324
f 1328/1328/1328 1583/1583/1583 1326/1326/1326
f 633/633/633 1148/1148/1148 60/60/60
f 1149/1149/1149 1148/1148/1148 632/632/632
f 1149/1149/1149 632/632/632 1150/1150/1150
f 1146/1146/1146 1149/1149/1149 446/446/446
f 632/632/632 447/447/447 1150/1150/1150
f 866/866/866 1150/1150/1150 447/447/447
f 3927/3927/3927 3930/3930/3930 3934/3934/3934
f 637/637/637 870/870/870 1334/1334/1334
f 1152/1152/1152 70/70/70 71/71/71
f 873/873/873 1152/1152/1152 874/874/874
f 1508/1508/1508 1337/1337/1337 1507/1507/1507
f 881/881/881 454/454/454 1335/1335/1335
f 1533/1533/1533 1525/1525/1525 725/725/725
f 346/346/346 1154/1154/1154 1584/1584/1584
f 2284/2284/2284 2365/2365/2365 2370/2370/2370
f 883/883/883 886/886/886 1506/1506/1506
f 896/896/896 1156/1156/1156 347/347/347
f 1157/1157/1157 1156/1156/1156 455/455/455
f 1158/1158/1158 1157/1157/1157 655/655/655
f 1156/1156/1156 1157/1157/1157 893/893/893
f 892/892/892 1159/1159/1159 1158/1158/1158
f 1160/1160/1160 1164/1164/1164 1159/1159/1159
f 897/897/897 1159/1159/1159 892/892/892
f 1160/1160/1160 1159/1159/1159 657/657/657
f 657/657/657 1356/1356/1356 1178/1178/1178
f 456/456/456 1163/1163/1163 1160/1160/1160
f 1344/1344/1344 1161/1161/1161 1343/1343/1343
f 1156/1156/1156 1338/1338/1338 347/347/347
f 1158/1158/1158 1159/1159/1159 1164/1164/1164
f 1338/1338/1338 1162/1162/1162 1161/1161/1161
f 1343/1343/1343 1163/1163/1163 456/456/456
f 1162/1162/1162 1163/1163/1163 1161/1161/1161
f 1163/1163/1163 1164/1164/1164 1160/1160/1160
f 1158/1158/1158 1164/1164/1164 1162/1162/1162
f 1156/1156/1156 1165/1165/1165 455/455/455
f 1167/1167/1167 1165/1165/1165 896/896/896
f 1345/1345/1345 1348/1348/1348 1347/1347/1347
f 1350/1350/1350 1353/1353/1353 1348/1348/1348
f 347/347/347 1345/1345/1345 896/896/896
f 1169/1169/1169 1167/1167/1167 1170/1170/1170
f 3377/3377/3377 3378/3378/3378 3373/3373/3373
f 1170/1170/1170 781/781/781 1169/1169/1169
f 781/781/781 1300/1300/1300 1171/1171/1171
f 894/894/894 1167/1167/1167 1169/1169/1169
f 1346/1346/1346 1167/1167/1167 896/896/896
f 1168/1168/1168 1487/1487/1487 1488/1488/1488
f 160/160/160 1355/1355/1355 1081/1081/1081
f 161/161/161 1355/1355/1355 160/160/160
f 901/901/901 1172/1172/1172 168/168/168
f 897/897/897 1172/1172/1172 898/898/898
f 902/902/902 1173/1173/1173 348/348/348
f 1174/1174/1174 1173/1173/1173 457/457/457
f 1185/1185/1185 1174/1174/1174 659/659/659
f 1173/1173/1173 1174/1174/1174 900/900/900
f 1173/1173/1173 1175/1175/1175 457/457/457
f 1357/1357/1357 1175/1175/1175 902/902/902
f 1361/1361/1361 1358/1358/1358 348/348/348
f 1339/1339/1339 1344/1344/1344 1371/1371/1371
f 1177/1177/1177 1180/1180/1180 1179/1179/1179
f 1160/1160/1160 1178/1178/1178 456/456/456
f 657/657/657 1178/1178/1178 1160/1160/1160
f 1179/1179/1179 1178/1178/1178 1177/1177/1177
f 1177/1177/1177 1357/1357/1357 1180/1180/1180
f 1179/1179/1179 1176/1176/1176 3453/3453/3453
f 1358/1358/1358 902/902/902 348/348/348
f 1176/1176/1176 1179/1179/1179 1180/1180/1180
f 1186/1186/1186 662/662/662 459/459/459
f 1182/1182/1182 904/904/904 349/349/349
f 905/905/905 1182/1182/1182 349/349/349
f 458/458/458 1181/1181/1181 1182/1182/1182
f 1182/1182/1182 1183/1183/1183 458/458/458
f 1185/1185/1185 1183/1183/1183 905/905/905
f 1776/1776/1776 1775/1775/1775 1774/1774/1774
f 1360/1360/1360 1176/1176/1176 1358/1358/1358
f 663/663/663 1185/1185/1185 659/659/659
f 1368/1368/1368 1185/1185/1185 905/905/905
f 1181/1181/1181 1186/1186/1186 904/904/904
f 908/908/908 1186/1186/1186 459/459/459
f 1190/1190/1190 350/350/350 907/907/907
f 1394/1394/1394 1685/1685/1685 1591/1591/1591
f 909/909/909 1385/1385/1385 1768/1768/1768
f 1771/1771/1771 1188/1188/1188 1768/1768/1768
f 667/667/667 1388/1388/1388 1387/1387/1387
f 1514/1514/1514 1190/1190/1190 1189/1189/1189
f 1512/1512/1512 1393/1393/1393 1514/1514/1514
f 350/350/350 1190/1190/1190 1394/1394/1394
f 943/943/943 1191/1191/1191 182/182/182
f 914/914/914 1191/1191/1191 915/915/915
f 920/920/920 3465/3465/3465 1192/1192/1192
f 1396/1396/1396 1192/1192/1192 690/690/690
f 3467/3467/3467 1193/1193/1193 230/230/230
f 924/924/924 1193/1193/1193 4120/4120/4120
f 694/694/694 4260/4260/4260 4259/4259/4259
f 3475/3475/3475 4136/4136/4136 4275/4275/4275
f 962/962/962 966/966/966 3480/3480/3480
f 968/968/968 3473/3473/3473 4132/4132/4132
f 4259/4259/4259 697/697/697 694/694/694
f 1196/1196/1196 1195/1195/1195 1397/1397/1397
f 931/931/931 1197/1197/1197 672/672/672
f 936/936/936 1197/1197/1197 933/933/933
f 674/674/674 1198/1198/1198 934/934/934
f 276/276/276 935/935/935 1198/1198/1198
f 941/941/941 1199/1199/1199 353/353/353
f 465/465/465 938/938/938 1199/1199/1199
f 4204/4204/4204 4119/4119/4119 4205/4205/4205
f 1202/1202/1202 1200/1200/1200 1203/1203/1203
f 466/466/466 1201/1201/1201 939/939/939
f 1202/1202/1202 1201/1201/1201 1200/1200/1200
f 4119/4119/4119 4204/4204/4204 4207/4207/4207
f 938/938/938 1202/1202/1202 353/353/353
f 2837/2837/2837 2834/2834/2834 2833/2833/2833
f 1202/1202/1202 1203/1203/1203 1210/1210/1210
f 1208/1208/1208 1204/1204/1204 1206/1206/1206
f 1208/1208/1208 1211/1211/1211 1204/1204/1204
f 1206/1206/1206 1205/1205/1205 941/941/941
f 1205/1205/1205 1206/1206/1206 1213/1213/1213
f 1208/1208/1208 941/941/941 353/353/353
f 1206/1206/1206 1204/1204/1204 1209/1209/1209
f 944/944/944 1207/1207/1207 948/948/948
f 942/942/942 1205/1205/1205 1207/1207/1207
f 353/353/353 1210/1210/1210 1208/1208/1208
f 1208/1208/1208 1210/1210/1210 1211/1211/1211
f 1204/1204/1204 2837/2837/2837 2838/2838/2838
f 1212/1212/1212 1209/1209/1209 467/467/467
f 1202/1202/1202 1210/1210/1210 353/353/353
f 1210/1210/1210 1203/1203/1203 1211/1211/1211
f 1203/1203/1203 1214/1214/1214 1211/1211/1211
f 2840/2840/2840 2829/2829/2829 2874/2874/2874
f 1399/1399/1399 1212/1212/1212 467/467/467
f 1213/1213/1213 948/948/948 1207/1207/1207
f 1206/1206/1206 1209/1209/1209 1213/1213/1213
f 1212/1212/1212 1213/1213/1213 1209/1209/1209
f 4208/4208/4208 1214/1214/1214 1203/1203/1203
f 1214/1214/1214 277/277/277 2834/2834/2834
f 942/942/942 1215/1215/1215 184/184/184
f 943/943/943 1215/1215/1215 944/944/944
f 1511/1511/1511 1216/1216/1216 461/461/461
f 915/915/915 1216/1216/1216 668/668/668
f 1401/1401/1401 2831/2831/2831 1218/1218/1218
f 3669/3669/3669 3670/3670/3670 3671/3671/3671
f 1401/1401/1401 1400/1400/1400 946/946/946
f 2849/2849/2849 2845/2845/2845 2844/2844/2844
f 680/680/680 1219/1219/1219 469/469/469
f 950/950/950 1219/1219/1219 949/949/949
f 1220/1220/1220 278/278/278 1221/1221/1221
f 954/954/954 959/959/959 1220/1220/1220
f 1135/1135/1135 1221/1221/1221 278/278/278
f 1402/1402/1402 1221/1221/1221 1131/1131/1131
f 1220/1220/1220 1221/1221/1221 1222/1222/1222
f 1140/1140/1140 1222/1222/1222 1221/1221/1221
f 1223/1223/1223 962/962/962 3480/3480/3480
f 1224/1224/1224 1223/1223/1223 208/208/208
f 208/208/208 718/718/718 1224/1224/1224
f 718/718/718 1225/1225/1225 1516/1516/1516
f 717/717/717 1225/1225/1225 718/718/718
f 1226/1226/1226 1225/1225/1225 713/713/713
f 1403/1403/1403 1226/1226/1226 484/484/484
f 1226/1226/1226 973/973/973 1225/1225/1225
f 1404/1404/1404 716/716/716 481/481/481
f 1404/1404/1404 233/233/233 1405/1405/1405
f 985/985/985 1228/1228/1228 722/722/722
f 988/988/988 1228/1228/1228 986/986/986
f 1230/1230/1230 1229/1229/1229 83/83/83
f 990/990/990 1229/1229/1229 989/989/989
f 988/988/988 1230/1230/1230 83/83/83
f 1420/1420/1420 1230/1230/1230 723/723/723
f 2183/2183/2183 2184/2184/2184 488/488/488
f 2194/2194/2194 2181/2181/2181 2168/2168/2168
f 990/990/990 1232/1232/1232 81/81/81
f 992/992/992 1232/1232/1232 991/991/991
f 1524/1524/1524 1414/1414/1414 1417/1417/1417
f 1233/1233/1233 1533/1533/1533 1234/1234/1234
f 1234/1234/1234 991/991/991 1421/1421/1421
f 1235/1235/1235 1234/1234/1234 725/725/725
f 1235/1235/1235 889/889/889 890/890/890
f 1234/1234/1234 1235/1235/1235 992/992/992
f 1237/1237/1237 1236/1236/1236 730/730/730
f 1236/1236/1236 996/996/996 995/995/995
f 730/730/730 491/491/491 1237/1237/1237
f 1238/1238/1238 1237/1237/1237 491/491/491
f 1238/1238/1238 491/491/491 1241/1241/1241
f 1238/1238/1238 369/369/369 1239/1239/1239
f 1596/1596/1596 1243/1243/1243 1594/1594/1594
f 994/994/994 996/996/996 1239/1239/1239
f 750/750/750 1240/1240/1240 541/541/541
f 1000/1000/1000 1240/1240/1240 999/999/999
f 492/492/492 1241/1241/1241 729/729/729
f 1241/1241/1241 1003/1003/1003 1428/1428/1428
f 1424/1424/1424 370/370/370 1065/1065/1065
f 1427/1427/1427 1242/1242/1242 1424/1424/1424
f 1430/1430/1430 1594/1594/1594 1540/1540/1540
f 1540/1540/1540 1594/1594/1594 1243/1243/1243
f 1436/1436/1436 1012/1012/1012 372/372/372
f 1437/1437/1437 495/495/495 736/736/736
f 515/515/515 1245/1245/1245 521/521/521
f 1018/1018/1018 1245/1245/1245 240/240/240
f 1987/1987/1987 1246/1246/1246 516/516/516
f 1021/1021/1021 1246/1246/1246 1020/1020/1020
f 1249/1249/1249 1247/1247/1247 296/296/296
f 1047/1047/1047 1247/1247/1247 1023/1023/1023
f 1250/1250/1250 998/998/998 1001/1001/1001
f 1256/1256/1256 1251/1251/1251 1250/1250/1250
f 1000/1000/1000 1249/1249/1249 296/296/296
f 1249/1249/1249 1248/1248/1248 1447/1447/1447
f 1713/1713/1713 1718/1718/1718 1543/1543/1543
f 1250/1250/1250 290/290/290 1254/1254/1254
f 1000/1000/1000 1251/1251/1251 1248/1248/1248
f 998/998/998 1250/1250/1250 1251/1251/1251
f 1724/1724/1724 1046/1046/1046 242/242/242
f 1248/1248/1248 1251/1251/1251 1256/1256/1256
f 1715/1715/1715 1719/1719/1719 1716/1716/1716
f 1544/1544/1544 1722/1722/1722 1604/1604/1604
f 1719/1719/1719 290/290/290 1716/1716/1716
f 1253/1253/1253 1606/1606/1606 1720/1720/1720
f 1606/1606/1606 1252/1252/1252 1605/1605/1605
f 1265/1265/1265 1264/1264/1264 1023/1023/1023
f 1720/1720/1720 1250/1250/1250 1254/1254/1254
f 1255/1255/1255 1604/1604/1604 1447/1447/1447
f 536/536/536 1257/1257/1257 295/295/295
f 1258/1258/1258 1257/1257/1257 537/537/537
f 1022/1022/1022 1258/1258/1258 537/537/537
f 1047/1047/1047 1258/1258/1258 748/748/748
f 751/751/751 1259/1259/1259 752/752/752
f 294/294/294 1025/1025/1025 1259/1259/1259
f 1037/1037/1037 1439/1439/1439 241/241/241
f 1035/1035/1035 1057/1057/1057 1441/1441/1441
f 1262/1262/1262 1261/1261/1261 212/212/212
f 1045/1045/1045 1263/1263/1263 518/518/518
f 1445/1445/1445 212/212/212 1442/1442/1442
f 1444/1444/1444 1446/1446/1446 524/524/524
f 1041/1041/1041 1261/1261/1261 1263/1263/1263
f 1262/1262/1262 1263/1263/1263 1261/1261/1261
f 1023/1023/1023 1447/1447/1447 1265/1265/1265
f 242/242/242 1047/1047/1047 1264/1264/1264
f 1608/1608/1608 1544/1544/1544 1605/1605/1605
f 242/242/242 1264/1264/1264 1265/1265/1265
f 741/741/741 1267/1267/1267 739/739/739
f 1057/1057/1057 1266/1266/1266 1056/1056/1056
f 372/372/372 1268/1268/1268 1267/1267/1267
f 1269/1269/1269 1268/1268/1268 737/737/737
f 1012/1012/1012 1268/1268/1268 372/372/372
f 737/737/737 1015/1015/1015 1269/1269/1269
f 496/496/496 1270/1270/1270 1269/1269/1269
f 1269/1269/1269 1270/1270/1270 1266/1266/1266
f 1270/1270/1270 496/496/496 3483/3483/3483
f 1266/1266/1266 1270/1270/1270 1056/1056/1056
f 1440/1440/1440 756/756/756 1260/1260/1260
f 1056/1056/1056 1270/1270/1270 3483/3483/3483
f 1303/1303/1303 1305/1305/1305 763/763/763
f 1452/1452/1452 1275/1275/1275 1451/1451/1451
f 1274/1274/1274 1273/1273/1273 734/734/734
f 1065/1065/1065 1273/1273/1273 1064/1064/1064
f 1274/1274/1274 549/549/549 1062/1062/1062
f 1273/1273/1273 1274/1274/1274 1064/1064/1064
f 1451/1451/1451 1275/1275/1275 1064/1064/1064
f 1534/1534/1534 1427/1427/1427 1424/1424/1424
f 1277/1277/1277 1276/1276/1276 573/573/573
f 1278/1278/1278 1276/1276/1276 1070/1070/1070
f 806/806/806 1277/1277/1277 573/573/573
f 306/306/306 1459/1459/1459 1460/1460/1460
f 1628/1628/1628 1278/1278/1278 1070/1070/1070
f 1091/1091/1091 1311/1311/1311 1493/1493/1493
f 307/307/307 1075/1075/1075 1463/1463/1463
f 1281/1281/1281 1279/1279/1279 1072/1072/1072
f 1281/1281/1281 1280/1280/1280 772/772/772
f 1067/1067/1067 1280/1280/1280 1073/1073/1073
f 1072/1072/1072 1454/1454/1454 1281/1281/1281
f 1281/1281/1281 1639/1639/1639 1637/1637/1637
f 1630/1630/1630 1301/1301/1301 1631/1631/1631
f 1629/1629/1629 1627/1627/1627 1628/1628/1628
f 561/561/561 1283/1283/1283 391/391/391
f 562/562/562 1074/1074/1074 1283/1283/1283
f 775/775/775 1285/1285/1285 1284/1284/1284
f 563/563/563 1286/1286/1286 1285/1285/1285
f 777/777/777 1285/1285/1285 775/775/775
f 1570/1570/1570 1571/1571/1571 563/563/563
f 1286/1286/1286 392/392/392 1287/1287/1287
f 1285/1285/1285 1286/1286/1286 1288/1288/1288
f 1290/1290/1290 1545/1545/1545 1289/1289/1289
f 1287/1287/1287 392/392/392 1290/1290/1290
f 1074/1074/1074 1288/1288/1288 776/776/776
f 1288/1288/1288 1284/1284/1284 1285/1285/1285
f 1457/1457/1457 1467/1467/1467 1455/1455/1455
f 1463/1463/1463 1279/1279/1279 307/307/307
f 1546/1546/1546 1545/1545/1545 1290/1290/1290
f 776/776/776 1296/1296/1296 1292/1292/1292
f 1074/1074/1074 776/776/776 1291/1291/1291
f 776/776/776 1292/1292/1292 1293/1293/1293
f 776/776/776 1287/1287/1287 1296/1296/1296
f 1466/1466/1466 1295/1295/1295 1464/1464/1464
f 776/776/776 1293/1293/1293 1291/1291/1291
f 1294/1294/1294 1293/1293/1293 1292/1292/1292
f 1457/1457/1457 1294/1294/1294 1292/1292/1292
f 1279/1279/1279 1294/1294/1294 1072/1072/1072
f 1290/1290/1290 1289/1289/1289 1464/1464/1464
f 1464/1464/1464 1289/1289/1289 1550/1550/1550
f 1290/1290/1290 1296/1296/1296 1287/1287/1287
f 1292/1292/1292 1296/1296/1296 1295/1295/1295
f 564/564/564 1297/1297/1297 780/780/780
f 1079/1079/1079 1297/1297/1297 1078/1078/1078
f 1300/1300/1300 1081/1081/1081 1171/1171/1171
f 1298/1298/1298 1300/1300/1300 1299/1299/1299
f 781/781/781 1170/1170/1170 1488/1488/1488
f 1560/1560/1560 1561/1561/1561 1489/1489/1489
f 1299/1299/1299 1300/1300/1300 781/781/781
f 1081/1081/1081 1300/1300/1300 1298/1298/1298
f 1572/1572/1572 1626/1626/1626 1490/1490/1490
f 3843/3843/3843 3850/3850/3850 3859/3859/3859
f 1643/1643/1643 1093/1093/1093 1642/1642/1642
f 1310/1310/1310 1083/1083/1083 1309/1309/1309
f 1303/1303/1303 247/247/247 1306/1306/1306
f 1306/1306/1306 1305/1305/1305 1303/1303/1303
f 1538/1538/1538 1304/1304/1304 1537/1537/1537
f 1272/1272/1272 1453/1453/1453 1452/1452/1452
f 1307/1307/1307 1305/1305/1305 1304/1304/1304
f 1059/1059/1059 1492/1492/1492 304/304/304
f 3854/3854/3854 247/247/247 3852/3852/3852
f 1305/1305/1305 1306/1306/1306 1304/1304/1304
f 1453/1453/1453 1307/1307/1307 1304/1304/1304
f 1450/1450/1450 1307/1307/1307 1272/1272/1272
f 763/763/763 1305/1305/1305 1308/1308/1308
f 1305/1305/1305 1307/1307/1307 1492/1492/1492
f 1310/1310/1310 1309/1309/1309 1084/1084/1084
f 1083/1083/1083 3859/3859/3859 3850/3850/3850
f 3486/3486/3486 1310/1310/1310 1084/1084/1084
f 1310/1310/1310 1302/1302/1302 3859/3859/3859
f 1493/1493/1493 804/804/804 1094/1094/1094
f 1092/1092/1092 1311/1311/1311 1091/1091/1091
f 1494/1494/1494 813/813/813 1495/1495/1495
f 3489/3489/3489 1494/1494/1494 3495/3495/3495
f 591/591/591 828/828/828 1313/1313/1313
f 828/828/828 1496/1496/1496 1315/1315/1315
f 2162/2162/2162 1317/1317/1317 599/599/599
f 2077/2077/2077 2075/2075/2075 2076/2076/2076
f 828/828/828 1315/1315/1315 1313/1313/1313
f 2158/2158/2158 1315/1315/1315 1314/1314/1314
f 423/423/423 1316/1316/1316 828/828/828
f 1317/1317/1317 1316/1316/1316 223/223/223
f 2162/2162/2162 599/599/599 1497/1497/1497
f 1316/1316/1316 1317/1317/1317 1114/1114/1114
f 1847/1847/1847 1843/1843/1843 1662/1662/1662
f 1843/1843/1843 1582/1582/1582 1662/1662/1662
f 1498/1498/1498 1319/1319/1319 336/336/336
f 3578/3578/3578 266/266/266 3520/3520/3520
f 336/336/336 1320/1320/1320 1115/1115/1115
f 432/432/432 1320/1320/1320 1116/1116/1116
f 1656/1656/1656 1660/1660/1660 1655/1655/1655
f 852/852/852 1502/1502/1502 851/851/851
f 1323/1323/1323 1322/1322/1322 855/855/855
f 1829/1829/1829 1322/1322/1322 1147/1147/1147
f 1146/1146/1146 1323/1323/1323 855/855/855
f 1323/1323/1323 446/446/446 1324/1324/1324
f 1327/1327/1327 1328/1328/1328 1326/1326/1326
f 1323/1323/1323 1324/1324/1324 1147/1147/1147
f 2600/2600/2600 2287/2287/2287 2598/2598/2598
f 1842/1842/1842 1834/1834/1834 1836/1836/1836
f 1327/1327/1327 1324/1324/1324 1331/1331/1331
f 2649/2649/2649 2580/2580/2580 2575/2575/2575
f 1331/1331/1331 1324/1324/1324 867/867/867
f 1330/1330/1330 1327/1327/1327 1326/1326/1326
f 1503/1503/1503 1328/1328/1328 1331/1331/1331
f 2663/2663/2663 2689/2689/2689 269/269/269
f 2580/2580/2580 2649/2649/2649 1325/1325/1325
f 1897/1897/1897 1733/1733/1733 1828/1828/1828
f 1330/1330/1330 1326/1326/1326 2648/2648/2648
f 1330/1330/1330 1329/1329/1329 1898/1898/1898
f 1503/1503/1503 1331/1331/1331 867/867/867
f 1327/1327/1327 1331/1331/1331 1328/1328/1328
f 639/639/639 1332/1332/1332 870/870/870
f 1333/1333/1333 1332/1332/1332 450/450/450
f 872/872/872 1333/1333/1333 450/450/450
f 344/344/344 1151/1151/1151 1333/1333/1333
f 1332/1332/1332 1334/1334/1334 870/870/870
f 3930/3930/3930 1151/1151/1151 344/344/344
f 1507/1507/1507 1335/1335/1335 1153/1153/1153
f 881/881/881 1335/1335/1335 1154/1154/1154
f 1505/1505/1505 1509/1509/1509 1336/1336/1336
f 1531/1531/1531 1509/1509/1509 1337/1337/1337
f 1588/1588/1588 1507/1507/1507 1153/1153/1153
f 1531/1531/1531 1528/1528/1528 1532/1532/1532
f 1341/1341/1341 1338/1338/1338 1161/1161/1161
f 1340/1340/1340 1342/1342/1342 1341/1341/1341
f 1344/1344/1344 1339/1339/1339 1341/1341/1341
f 1381/1381/1381 1363/1363/1363 1379/1379/1379
f 1350/1350/1350 1351/1351/1351 272/272/272
f 272/272/272 1354/1354/1354 1350/1350/1350
f 1161/1161/1161 1163/1163/1163 1343/1343/1343
f 1340/1340/1340 1341/1341/1341 1339/1339/1339
f 1341/1341/1341 1342/1342/1342 1338/1338/1338
f 1340/1340/1340 1348/1348/1348 1349/1349/1349
f 1380/1380/1380 3454/3454/3454 3451/3451/3451
f 3451/3451/3451 3442/3442/3442 3449/3449/3449
f 1161/1161/1161 1344/1344/1344 1341/1341/1341
f 1360/1360/1360 1383/1383/1383 1176/1176/1176
f 1340/1340/1340 1349/1349/1349 1342/1342/1342
f 3378/3378/3378 1347/1347/1347 1166/1166/1166
f 1170/1170/1170 1346/1346/1346 1168/1168/1168
f 896/896/896 1345/1345/1345 1346/1346/1346
f 1346/1346/1346 1347/1347/1347 1168/1168/1168
f 1349/1349/1349 1348/1348/1348 1345/1345/1345
f 1350/1350/1350 1348/1348/1348 1340/1340/1340
f 1166/1166/1166 1347/1347/1347 1348/1348/1348
f 1345/1345/1345 347/347/347 1349/1349/1349
f 1342/1342/1342 1349/1349/1349 347/347/347
f 1351/1351/1351 1350/1350/1350 1340/1340/1340
f 1354/1354/1354 1353/1353/1353 1350/1350/1350
f 1340/1340/1340 1339/1339/1339 1351/1351/1351
f 1351/1351/1351 1339/1339/1339 1373/1373/1373
f 3246/3246/3246 3169/3169/3169 3216/3216/3216
f 308/308/308 1547/1547/1547 1564/1564/1564
f 1166/1166/1166 3376/3376/3376 3373/3373/3373
f 1166/1166/1166 1348/1348/1348 1353/1353/1353
f 3406/3406/3406 3426/3426/3426 3427/3427/3427
f 1352/1352/1352 1353/1353/1353 1354/1354/1354
f 894/894/894 1355/1355/1355 161/161/161
f 1081/1081/1081 1355/1355/1355 1171/1171/1171
f 1357/1357/1357 1356/1356/1356 898/898/898
f 1178/1178/1178 1356/1356/1356 1177/1177/1177
f 1357/1357/1357 660/660/660 1175/1175/1175
f 1356/1356/1356 1357/1357/1357 1177/1177/1177
f 1361/1361/1361 1360/1360/1360 1358/1358/1358
f 1176/1176/1176 1180/1180/1180 1358/1358/1358
f 1361/1361/1361 1362/1362/1362 1364/1364/1364
f 1359/1359/1359 1361/1361/1361 1364/1364/1364
f 1363/1363/1363 1359/1359/1359 1366/1366/1366
f 1363/1363/1363 1360/1360/1360 1359/1359/1359
f 1361/1361/1361 348/348/348 1362/1362/1362
f 1359/1359/1359 1360/1360/1360 1361/1361/1361
f 348/348/348 1367/1367/1367 1362/1362/1362
f 900/900/900 1368/1368/1368 1367/1367/1367
f 1363/1363/1363 273/273/273 1379/1379/1379
f 1381/1381/1381 1383/1383/1383 1363/1363/1363
f 1778/1778/1778 1779/1779/1779 1777/1777/1777
f 1359/1359/1359 1364/1364/1364 1366/1366/1366
f 1692/1692/1692 274/274/274 1690/1690/1690
f 273/273/273 1366/1366/1366 1375/1375/1375
f 1184/1184/1184 1777/1777/1777 1779/1779/1779
f 1375/1375/1375 1366/1366/1366 1365/1365/1365
f 1173/1173/1173 1367/1367/1367 348/348/348
f 900/900/900 1185/1185/1185 1368/1368/1368
f 1376/1376/1376 905/905/905 349/349/349
f 1184/1184/1184 1362/1362/1362 1368/1368/1368
f 1382/1382/1382 2977/2977/2977 2983/2983/2983
f 3296/3296/3296 3434/3434/3434 3295/3295/3295
f 1371/1371/1371 1343/1343/1343 3449/3449/3449
f 1351/1351/1351 1373/1373/1373 272/272/272
f 1343/1343/1343 1371/1371/1371 1344/1344/1344
f 1371/1371/1371 1370/1370/1370 1374/1374/1374
f 3429/3429/3429 3433/3433/3433 3294/3294/3294
f 3298/3298/3298 3295/3295/3295 3294/3294/3294
f 1371/1371/1371 1373/1373/1373 1339/1339/1339
f 1373/1373/1373 1372/1372/1372 3428/3428/3428
f 1374/1374/1374 1370/1370/1370 3430/3430/3430
f 1373/1373/1373 1374/1374/1374 1372/1372/1372
f 2972/2972/2972 1382/1382/1382 2973/2973/2973
f 1375/1375/1375 1365/1365/1365 1384/1384/1384
f 1774/1774/1774 1376/1376/1376 349/349/349
f 1184/1184/1184 1368/1368/1368 1376/1376/1376
f 1375/1375/1375 2989/2989/2989 273/273/273
f 3441/3441/3441 3442/3442/3442 3455/3455/3455
f 2966/2966/2966 2969/2969/2969 2965/2965/2965
f 1378/1378/1378 2971/2971/2971 2970/2970/2970
f 2986/2986/2986 2989/2989/2989 2985/2985/2985
f 3454/3454/3454 1381/1381/1381 1377/1377/1377
f 3454/3454/3454 3455/3455/3455 3442/3442/3442
f 1343/1343/1343 3452/3452/3452 3449/3449/3449
f 1377/1377/1377 1381/1381/1381 1379/1379/1379
f 3453/3453/3453 1380/1380/1380 3450/3450/3450
f 1692/1692/1692 1860/1860/1860 1772/1772/1772
f 1378/1378/1378 2970/2970/2970 2988/2988/2988
f 1363/1363/1363 1383/1383/1383 1360/1360/1360
f 1380/1380/1380 1383/1383/1383 1381/1381/1381
f 1384/1384/1384 1365/1365/1365 2973/2973/2973
f 2985/2985/2985 2983/2983/2983 2984/2984/2984
f 1394/1394/1394 1385/1385/1385 350/350/350
f 1768/1768/1768 1385/1385/1385 1187/1187/1187
f 1768/1768/1768 1386/1386/1386 909/909/909
f 349/349/349 1386/1386/1386 1188/1188/1188
f 1388/1388/1388 667/667/667 912/912/912
f 1190/1190/1190 1387/1387/1387 1189/1189/1189
f 912/912/912 1391/1391/1391 1388/1388/1388
f 1589/1589/1589 1512/1512/1512 1390/1390/1390
f 179/179/179 1510/1510/1510 912/912/912
f 3669/3669/3669 3668/3668/3668 461/461/461
f 1388/1388/1388 3677/3677/3677 1392/1392/1392
f 3677/3677/3677 3678/3678/3678 3668/3668/3668
f 1510/1510/1510 1391/1391/1391 912/912/912
f 1391/1391/1391 1389/1389/1389 3677/3677/3677
f 3677/3677/3677 1388/1388/1388 1391/1391/1391
f 1512/1512/1512 1392/1392/1392 1390/1390/1390
f 1512/1512/1512 1684/1684/1684 1393/1393/1393
f 1394/1394/1394 1187/1187/1187 1385/1385/1385
f 1514/1514/1514 1394/1394/1394 1190/1190/1190
f 1590/1590/1590 1685/1685/1685 1684/1684/1684
f 923/923/923 1395/1395/1395 926/926/926
f 4230/4230/4230 1395/1395/1395 1194/1194/1194
f 1397/1397/1397 1396/1396/1396 690/690/690
f 1395/1395/1395 1396/1396/1396 1194/1194/1194
f 1196/1196/1196 1397/1397/1397 690/690/690
f 4265/4265/4265 1195/1195/1195 4264/4264/4264
f 1399/1399/1399 1398/1398/1398 678/678/678
f 1401/1401/1401 1398/1398/1398 1217/1217/1217
f 947/947/947 1399/1399/1399 678/678/678
f 1399/1399/1399 948/948/948 1212/1212/1212
f 946/946/946 1398/1398/1398 1401/1401/1401
f 1400/1400/1400 1218/1218/1218 3669/3669/3669
f 2841/2841/2841 2835/2835/2835 2831/2831/2831
f 1218/1218/1218 1400/1400/1400 1401/1401/1401
f 1137/1137/1137 1402/1402/1402 1131/1131/1131
f 1141/1141/1141 1402/1402/1402 1138/1138/1138
f 710/710/710 1403/1403/1403 484/484/484
f 1227/1227/1227 973/973/973 1403/1403/1403
f 1405/1405/1405 233/233/233 963/963/963
f 716/716/716 1404/1404/1404 1227/1227/1227
f 1223/1223/1223 1406/1406/1406 963/963/963
f 1227/1227/1227 1404/1404/1404 1405/1405/1405
f 1516/1516/1516 1224/1224/1224 718/718/718
f 973/973/973 1405/1405/1405 1406/1406/1406
f 1420/1420/1420 1407/1407/1407 989/989/989
f 1408/1408/1408 1407/1407/1407 1231/1231/1231
f 2180/2180/2180 1410/1410/1410 2193/2193/2193
f 1408/1408/1408 489/489/489 1422/1422/1422
f 2181/2181/2181 2183/2183/2183 2182/2182/2182
f 2173/2173/2173 2167/2167/2167 2171/2171/2171
f 2193/2193/2193 1408/1408/1408 1231/1231/1231
f 1517/1517/1517 1411/1411/1411 1415/1415/1415
f 1413/1413/1413 1414/1414/1414 1418/1418/1418
f 1411/1411/1411 1414/1414/1414 1412/1412/1412
f 1418/1418/1418 1414/1414/1414 1523/1523/1523
f 1524/1524/1524 1412/1412/1412 1414/1414/1414
f 1508/1508/1508 1525/1525/1525 1530/1530/1530
f 1233/1233/1233 1422/1422/1422 1524/1524/1524
f 1411/1411/1411 1517/1517/1517 1523/1523/1523
f 1414/1414/1414 1413/1413/1413 1417/1417/1417
f 1517/1517/1517 1415/1415/1415 1409/1409/1409
f 1412/1412/1412 1415/1415/1415 1411/1411/1411
f 2376/2376/2376 1155/1155/1155 2384/2384/2384
f 1418/1418/1418 1419/1419/1419 1413/1413/1413
f 1525/1525/1525 1417/1417/1417 1413/1413/1413
f 1533/1533/1533 1417/1417/1417 1525/1525/1525
f 1523/1523/1523 1414/1414/1414 1411/1411/1411
f 1419/1419/1419 1418/1418/1418 1416/1416/1416
f 2384/2384/2384 1419/1419/1419 3949/3949/3949
f 1155/1155/1155 1526/1526/1526 1419/1419/1419
f 2184/2184/2184 2183/2183/2183 2180/2180/2180
f 1407/1407/1407 1420/1420/1420 1231/1231/1231
f 990/990/990 1421/1421/1421 991/991/991
f 1422/1422/1422 1421/1421/1421 724/724/724
f 1422/1422/1422 724/724/724 1407/1407/1407
f 1524/1524/1524 1422/1422/1422 489/489/489
f 1424/1424/1424 1423/1423/1423 370/370/370
f 1430/1430/1430 1423/1423/1423 1242/1242/1242
f 1065/1065/1065 1425/1425/1425 1424/1424/1424
f 1275/1275/1275 1534/1534/1534 1425/1425/1425
f 1065/1065/1065 1275/1275/1275 1425/1425/1425
f 1534/1534/1534 1275/1275/1275 1063/1063/1063
f 1453/1453/1453 1538/1538/1538 1694/1694/1694
f 1427/1427/1427 1539/1539/1539 1242/1242/1242
f 1534/1534/1534 1424/1424/1424 1425/1425/1425
f 1539/1539/1539 1427/1427/1427 1426/1426/1426
f 1238/1238/1238 1428/1428/1428 369/369/369
f 1429/1429/1429 1428/1428/1428 1003/1003/1003
f 1009/1009/1009 1429/1429/1429 1003/1003/1003
f 1540/1540/1540 1429/1429/1429 1008/1008/1008
f 1540/1540/1540 1423/1423/1423 1430/1430/1430
f 1598/1598/1598 1542/1542/1542 1595/1595/1595
f 1704/1704/1704 291/291/291 1539/1539/1539
f 1719/1719/1719 1794/1794/1794 1253/1253/1253
f 1239/1239/1239 1600/1600/1600 1433/1433/1433
f 1434/1434/1434 1433/1433/1433 1602/1602/1602
f 1600/1600/1600 1239/1239/1239 369/369/369
f 1432/1432/1432 1602/1602/1602 1433/1433/1433
f 1599/1599/1599 1601/1601/1601 1432/1432/1432
f 1001/1001/1001 1435/1435/1435 290/290/290
f 997/997/997 1434/1434/1434 1435/1435/1435
f 1716/1716/1716 1543/1543/1543 1715/1715/1715
f 741/741/741 1436/1436/1436 372/372/372
f 1437/1437/1437 1436/1436/1436 495/495/495
f 95/95/95 1244/1244/1244 1437/1437/1437
f 1437/1437/1437 1244/1244/1244 1436/1436/1436
f 1025/1025/1025 1260/1260/1260 1438/1438/1438
f 756/756/756 1438/1438/1438 1260/1260/1260
f 1441/1441/1441 1037/1037/1037 1035/1035/1035
f 1440/1440/1440 1271/1271/1271 1449/1449/1449
f 1260/1260/1260 1439/1439/1439 1440/1440/1440
f 1439/1439/1439 1037/1037/1037 1441/1441/1441
f 1056/1056/1056 1441/1441/1441 1057/1057/1057
f 1439/1439/1439 1441/1441/1441 1440/1440/1440
f 1615/1615/1615 1052/1052/1052 1053/1053/1053
f 1619/1619/1619 1888/1888/1888 212/212/212
f 518/518/518 1262/1262/1262 1443/1443/1443
f 1444/1444/1444 1443/1443/1443 1262/1262/1262
f 1445/1445/1445 1444/1444/1444 1262/1262/1262
f 1446/1446/1446 1444/1444/1444 519/519/519
f 212/212/212 1445/1445/1445 1262/1262/1262
f 1445/1445/1445 1442/1442/1442 1887/1887/1887
f 1446/1446/1446 519/519/519 1985/1985/1985
f 524/524/524 1446/1446/1446 522/522/522
f 1249/1249/1249 1447/1447/1447 1023/1023/1023
f 1256/1256/1256 1447/1447/1447 1248/1248/1248
f 1723/1723/1723 1608/1608/1608 1448/1448/1448
f 1793/1793/1793 1252/1252/1252 1791/1791/1791
f 1440/1440/1440 1449/1449/1449 756/756/756
f 3482/3482/3482 1449/1449/1449 1271/1271/1271
f 1307/1307/1307 1450/1450/1450 304/304/304
f 1450/1450/1450 1272/1272/1272 1451/1451/1451
f 1451/1451/1451 1064/1064/1064 760/760/760
f 1452/1452/1452 1451/1451/1451 1272/1272/1272
f 1272/1272/1272 1307/1307/1307 1453/1453/1453
f 1063/1063/1063 1275/1275/1275 1452/1452/1452
f 3854/3854/3854 3857/3857/3857 3858/3858/3858
f 1063/1063/1063 1452/1452/1452 1453/1453/1453
f 1456/1456/1456 1072/1072/1072 1457/1457/1457
f 248/248/248 1281/1281/1281 1454/1454/1454
f 1545/1545/1545 1549/1549/1549 1289/1289/1289
f 1473/1473/1473 1477/1477/1477 1472/1472/1472
f 1072/1072/1072 1456/1456/1456 1454/1454/1454
f 1468/1468/1468 1475/1475/1475 1455/1455/1455
f 1292/1292/1292 1559/1559/1559 1467/1467/1467
f 1456/1456/1456 1457/1457/1457 1455/1455/1455
f 1458/1458/1458 1073/1073/1073 1637/1637/1637
f 1282/1282/1282 1629/1629/1629 1459/1459/1459
f 1070/1070/1070 1276/1276/1276 1461/1461/1461
f 306/306/306 1458/1458/1458 1459/1459/1459
f 1460/1460/1460 768/768/768 1068/1068/1068
f 1461/1461/1461 1459/1459/1459 1070/1070/1070
f 1277/1277/1277 1461/1461/1461 1276/1276/1276
f 1459/1459/1459 1461/1461/1461 1460/1460/1460
f 1566/1566/1566 1569/1569/1569 1568/1568/1568
f 1565/1565/1565 1489/1489/1489 1568/1568/1568
f 1293/1293/1293 1463/1463/1463 1075/1075/1075
f 1279/1279/1279 1463/1463/1463 1294/1294/1294
f 1550/1550/1550 1466/1466/1466 1464/1464/1464
f 1295/1295/1295 1290/1290/1290 1464/1464/1464
f 1556/1556/1556 1474/1474/1474 1622/1622/1622
f 1455/1455/1455 1467/1467/1467 1468/1468/1468
f 1467/1467/1467 1466/1466/1466 1469/1469/1469
f 1292/1292/1292 1295/1295/1295 1559/1559/1559
f 1292/1292/1292 1467/1467/1467 1457/1457/1457
f 1469/1469/1469 1466/1466/1466 1465/1465/1465
f 1476/1476/1476 1468/1468/1468 1465/1465/1465
f 1475/1475/1475 1478/1478/1478 1472/1472/1472
f 1465/1465/1465 1468/1468/1468 1469/1469/1469
f 1467/1467/1467 1469/1469/1469 1468/1468/1468
f 1474/1474/1474 1556/1556/1556 1557/1557/1557
f 4113/4113/4113 4112/4112/4112 3356/3356/3356
f 1301/1301/1301 1630/1630/1630 1728/1728/1728
f 1456/1456/1456 1473/1473/1473 248/248/248
f 1456/1456/1456 1477/1477/1477 1473/1473/1473
f 1630/1630/1630 1573/1573/1573 1634/1634/1634
f 1477/1477/1477 1456/1456/1456 1455/1455/1455
f 1726/1726/1726 1472/1472/1472 1478/1478/1478
f 1548/1548/1548 1553/1553/1553 1551/1551/1551
f 1474/1474/1474 1481/1481/1481 1479/1479/1479
f 1479/1479/1479 1468/1468/1468 1476/1476/1476
f 1478/1478/1478 1471/1471/1471 1726/1726/1726
f 1465/1465/1465 1555/1555/1555 1622/1622/1622
f 1476/1476/1476 1474/1474/1474 1479/1479/1479
f 1455/1455/1455 1475/1475/1475 1477/1477/1477
f 1472/1472/1472 1477/1477/1477 1475/1475/1475
f 1479/1479/1479 1475/1475/1475 1468/1468/1468
f 1481/1481/1481 1486/1486/1486 1479/1479/1479
f 1480/1480/1480 1481/1481/1481 1482/1482/1482
f 1478/1478/1478 1475/1475/1475 1479/1479/1479
f 1826/1826/1826 2151/2151/2151 1825/1825/1825
f 1478/1478/1478 1486/1486/1486 1471/1471/1471
f 1482/1482/1482 1481/1481/1481 1474/1474/1474
f 1481/1481/1481 1480/1480/1480 1486/1486/1486
f 1622/1622/1622 1474/1474/1474 1476/1476/1476
f 1482/1482/1482 1470/1470/1470 1895/1895/1895
f 3211/3211/3211 3206/3206/3206 3157/3157/3157
f 1952/1952/1952 1962/1962/1962 1969/1969/1969
f 3354/3354/3354 3339/3339/3339 3343/3343/3343
f 1957/1957/1957 1958/1958/1958 1961/1961/1961
f 1557/1557/1557 1482/1482/1482 1474/1474/1474
f 1484/1484/1484 4223/4223/4223 2062/2062/2062
f 1486/1486/1486 1478/1478/1478 1479/1479/1479
f 1825/1825/1825 1486/1486/1486 1480/1480/1480
f 1168/1168/1168 1347/1347/1347 3378/3378/3378
f 1561/1561/1561 1487/1487/1487 393/393/393
f 1168/1168/1168 1488/1488/1488 1170/1170/1170
f 1299/1299/1299 1488/1488/1488 1487/1487/1487
f 1489/1489/1489 1561/1561/1561 1623/1623/1623
f 564/564/564 1565/1565/1565 1078/1078/1078
f 1626/1626/1626 216/216/216 1627/1627/1627
f 1490/1490/1490 1631/1631/1631 1641/1641/1641
f 1643/1643/1643 1491/1491/1491 787/787/787
f 1491/1491/1491 1302/1302/1302 3486/3486/3486
f 764/764/764 1492/1492/1492 758/758/758
f 1305/1305/1305 1492/1492/1492 1308/1308/1308
f 1278/1278/1278 1493/1493/1493 250/250/250
f 1311/1311/1311 804/804/804 1493/1493/1493
f 813/813/813 815/815/815 1495/1495/1495
f 1312/1312/1312 3495/3495/3495 1494/1494/1494
f 1644/1644/1644 1645/1645/1645 1576/1576/1576
f 1312/1312/1312 1494/1494/1494 1495/1495/1495
f 1496/1496/1496 1114/1114/1114 2161/2161/2161
f 1315/1315/1315 1496/1496/1496 1314/1314/1314
f 1577/1577/1577 599/599/599 831/831/831
f 2128/2128/2128 2163/2163/2163 3925/3925/3925
f 843/843/843 1498/1498/1498 336/336/336
f 842/842/842 1498/1498/1498 838/838/838
f 1578/1578/1578 853/853/853 621/621/621
f 1321/1321/1321 1501/1501/1501 1502/1502/1502
f 623/623/623 1648/1648/1648 621/621/621
f 1321/1321/1321 1500/1500/1500 1580/1580/1580
f 1654/1654/1654 1501/1501/1501 1321/1321/1321
f 1655/1655/1655 1501/1501/1501 1654/1654/1654
f 1321/1321/1321 1502/1502/1502 1499/1499/1499
f 1502/1502/1502 1501/1501/1501 851/851/851
f 866/866/866 1503/1503/1503 867/867/867
f 4117/4117/4117 1503/1503/1503 342/342/342
f 4117/4117/4117 3460/3460/3460 3462/3462/3462
f 2484/2484/2484 2595/2595/2595 2286/2286/2286
f 1154/1154/1154 1507/1507/1507 1509/1509/1509
f 1585/1585/1585 1506/1506/1506 1505/1505/1505
f 1585/1585/1585 1505/1505/1505 1336/1336/1336
f 1681/1681/1681 1506/1506/1506 1585/1585/1585
f 1153/1153/1153 890/890/890 1588/1588/1588
f 1509/1509/1509 1507/1507/1507 1337/1337/1337
f 889/889/889 1235/1235/1235 1527/1527/1527
f 1413/1413/1413 1526/1526/1526 1525/1525/1525
f 1528/1528/1528 1531/1531/1531 1337/1337/1337
f 1509/1509/1509 1505/1505/1505 1584/1584/1584
f 179/179/179 180/180/180 1510/1510/1510
f 1510/1510/1510 180/180/180 914/914/914
f 1511/1511/1511 668/668/668 1216/1216/1216
f 1389/1389/1389 1510/1510/1510 1511/1511/1511
f 1512/1512/1512 913/913/913 1684/1684/1684
f 1392/1392/1392 1512/1512/1512 1189/1189/1189
f 1512/1512/1512 1589/1589/1589 913/913/913
f 3668/3668/3668 1390/1390/1390 3677/3677/3677
f 1512/1512/1512 1514/1514/1514 1189/1189/1189
f 1394/1394/1394 1514/1514/1514 1393/1393/1393
f 2083/2083/2083 2049/2049/2049 2080/2080/2080
f 2944/2944/2944 2890/2890/2890 351/351/351
f 973/973/973 1406/1406/1406 1516/1516/1516
f 1224/1224/1224 1516/1516/1516 1406/1406/1406
f 982/982/982 2169/2169/2169 981/981/981
f 1522/1522/1522 1520/1520/1520 1521/1521/1521
f 2142/2142/2142 2087/2087/2087 2143/2143/2143
f 1522/1522/1522 367/367/367 1517/1517/1517
f 2170/2170/2170 2194/2194/2194 2185/2185/2185
f 3691/3691/3691 2172/2172/2172 3680/3680/3680
f 1409/1409/1409 2192/2192/2192 1520/1520/1520
f 1520/1520/1520 1519/1519/1519 3691/3691/3691
f 3955/3955/3955 3691/3691/3691 3680/3680/3680
f 2412/2412/2412 2437/2437/2437 2254/2254/2254
f 1520/1520/1520 1522/1522/1522 1517/1517/1517
f 3951/3951/3951 1522/1522/1522 1521/1521/1521
f 3950/3950/3950 1523/1523/1523 367/367/367
f 1418/1418/1418 1523/1523/1523 1416/1416/1416
f 1412/1412/1412 1524/1524/1524 489/489/489
f 1533/1533/1533 1524/1524/1524 1417/1417/1417
f 1413/1413/1413 1419/1419/1419 1526/1526/1526
f 1508/1508/1508 1588/1588/1588 1527/1527/1527
f 1528/1528/1528 1526/1526/1526 1155/1155/1155
f 1525/1525/1525 1526/1526/1526 1530/1530/1530
f 725/725/725 1525/1525/1525 1527/1527/1527
f 1508/1508/1508 1527/1527/1527 1525/1525/1525
f 1528/1528/1528 1155/1155/1155 1532/1532/1532
f 1530/1530/1530 1337/1337/1337 1508/1508/1508
f 2380/2380/2380 2406/2406/2406 2368/2368/2368
f 2225/2225/2225 2228/2228/2228 2219/2219/2219
f 1526/1526/1526 1528/1528/1528 1530/1530/1530
f 1337/1337/1337 1530/1530/1530 1528/1528/1528
f 1529/1529/1529 1336/1336/1336 1531/1531/1531
f 1336/1336/1336 1509/1509/1509 1531/1531/1531
f 1532/1532/1532 1155/1155/1155 2376/2376/2376
f 1531/1531/1531 1532/1532/1532 1529/1529/1529
f 1234/1234/1234 1533/1533/1533 725/725/725
f 1524/1524/1524 1533/1533/1533 1233/1233/1233
f 1693/1693/1693 1534/1534/1534 1063/1063/1063
f 1427/1427/1427 1534/1534/1534 1426/1426/1426
f 2095/2095/2095 1826/1826/1826 2060/2060/2060
f 1539/1539/1539 1695/1695/1695 1701/1701/1701
f 1537/1537/1537 1304/1304/1304 1306/1306/1306
f 1699/1699/1699 1702/1702/1702 1703/1703/1703
f 3858/3858/3858 1306/1306/1306 247/247/247
f 1304/1304/1304 1538/1538/1538 1453/1453/1453
f 1536/1536/1536 1696/1696/1696 1537/1537/1537
f 1694/1694/1694 1696/1696/1696 1697/1697/1697
f 1426/1426/1426 1534/1534/1534 1693/1693/1693
f 1695/1695/1695 1539/1539/1539 1426/1426/1426
f 1429/1429/1429 1540/1540/1540 1243/1243/1243
f 1423/1423/1423 1540/1540/1540 1008/1008/1008
f 1539/1539/1539 1541/1541/1541 1242/1242/1242
f 1595/1595/1595 1541/1541/1541 291/291/291
f 1594/1594/1594 1430/1430/1430 1595/1595/1595
f 1596/1596/1596 1599/1599/1599 1432/1432/1432
f 1601/1601/1601 1713/1713/1713 1543/1543/1543
f 290/290/290 1435/1435/1435 1716/1716/1716
f 1544/1544/1544 1604/1604/1604 1605/1605/1605
f 1810/1810/1810 1448/1448/1448 1809/1809/1809
f 1546/1546/1546 1290/1290/1290 392/392/392
f 1547/1547/1547 1545/1545/1545 1462/1462/1462
f 1546/1546/1546 392/392/392 1567/1567/1567
f 1462/1462/1462 1545/1545/1545 1546/1546/1546
f 1462/1462/1462 1624/1624/1624 1563/1563/1563
f 1547/1547/1547 308/308/308 1548/1548/1548
f 1553/1553/1553 1554/1554/1554 1552/1552/1552
f 1551/1551/1551 1553/1553/1553 1555/1555/1555
f 1547/1547/1547 1549/1549/1549 1545/1545/1545
f 1551/1551/1551 1549/1549/1549 1548/1548/1548
f 1551/1551/1551 1550/1550/1550 1289/1289/1289
f 1465/1465/1465 1466/1466/1466 1550/1550/1550
f 1549/1549/1549 1551/1551/1551 1289/1289/1289
f 1621/1621/1621 1553/1553/1553 1548/1548/1548
f 1484/1484/1484 1557/1557/1557 1558/1558/1558
f 1550/1550/1550 1551/1551/1551 1555/1555/1555
f 1621/1621/1621 1548/1548/1548 308/308/308
f 1553/1553/1553 1552/1552/1552 1555/1555/1555
f 3312/3312/3312 3207/3207/3207 3278/3278/3278
f 1554/1554/1554 3327/3327/3327 3328/3328/3328
f 1552/1552/1552 1556/1556/1556 1555/1555/1555
f 1550/1550/1550 1555/1555/1555 1465/1465/1465
f 1552/1552/1552 3328/3328/3328 1558/1558/1558
f 1485/1485/1485 1557/1557/1557 1484/1484/1484
f 1557/1557/1557 1485/1485/1485 1482/1482/1482
f 1558/1558/1558 1557/1557/1557 1556/1556/1556
f 1552/1552/1552 1558/1558/1558 1556/1556/1556
f 1558/1558/1558 1483/1483/1483 4225/4225/4225
f 1295/1295/1295 1466/1466/1466 1559/1559/1559
f 1467/1467/1467 1559/1559/1559 1466/1466/1466
f 1561/1561/1561 1560/1560/1560 1299/1299/1299
f 1565/1565/1565 1560/1560/1560 1489/1489/1489
f 1487/1487/1487 1561/1561/1561 1299/1299/1299
f 1623/1623/1623 1561/1561/1561 393/393/393
f 3315/3315/3315 3363/3363/3363 3366/3366/3366
f 1564/1564/1564 1462/1462/1462 1563/1563/1563
f 3361/3361/3361 3369/3369/3369 3366/3366/3366
f 3383/3383/3383 1352/1352/1352 1354/1354/1354
f 1462/1462/1462 1564/1564/1564 1547/1547/1547
f 3417/3417/3417 1563/1563/1563 3416/3416/3416
f 1623/1623/1623 1566/1566/1566 1568/1568/1568
f 1569/1569/1569 1625/1625/1625 1567/1567/1567
f 1562/1562/1562 1624/1624/1624 1566/1566/1566
f 1546/1546/1546 1567/1567/1567 1625/1625/1625
f 392/392/392 1286/1286/1286 1571/1571/1571
f 1565/1565/1565 1569/1569/1569 1078/1078/1078
f 1568/1568/1568 1489/1489/1489 1623/1623/1623
f 1566/1566/1566 1625/1625/1625 1569/1569/1569
f 1568/1568/1568 1569/1569/1569 1565/1565/1565
f 1570/1570/1570 1569/1569/1569 1567/1567/1567
f 1571/1571/1571 1567/1567/1567 392/392/392
f 1570/1570/1570 563/563/563 779/779/779
f 563/563/563 1571/1571/1571 1286/1286/1286
f 1567/1567/1567 1571/1571/1571 1570/1570/1570
f 1090/1090/1090 1572/1572/1572 800/800/800
f 1626/1626/1626 1572/1572/1572 216/216/216
f 1632/1632/1632 1638/1638/1638 1640/1640/1640
f 1630/1630/1630 1631/1631/1631 1626/1626/1626
f 1641/1641/1641 3843/3843/3843 1574/1574/1574
f 1643/1643/1643 1642/1642/1642 1574/1574/1574
f 814/814/814 1495/1495/1495 1575/1575/1575
f 815/815/815 1575/1575/1575 1495/1495/1495
f 1495/1495/1495 1645/1645/1645 1644/1644/1644
f 1106/1106/1106 2124/2124/2124 1107/1107/1107
f 1994/1994/1994 598/598/598 265/265/265
f 1497/1497/1497 599/599/599 1577/1577/1577
f 1647/1647/1647 1578/1578/1578 621/621/621
f 1499/1499/1499 1578/1578/1578 1500/1500/1500
f 626/626/626 1650/1650/1650 618/618/618
f 1831/1831/1831 1652/1652/1652 1653/1653/1653
f 1652/1652/1652 1500/1500/1500 1647/1647/1647
f 1500/1500/1500 1652/1652/1652 1580/1580/1580
f 1580/1580/1580 1651/1651/1651 1321/1321/1321
f 1581/1581/1581 1651/1651/1651 1667/1667/1667
f 1995/1995/1995 1582/1582/1582 1660/1660/1660
f 1844/1844/1844 1678/1678/1678 1582/1582/1582
f 1583/1583/1583 1328/1328/1328 4117/4117/4117
f 2687/2687/2687 1583/1583/1583 1504/1504/1504
f 1509/1509/1509 1584/1584/1584 1154/1154/1154
f 1506/1506/1506 1584/1584/1584 1505/1505/1505
f 1586/1586/1586 1585/1585/1585 1336/1336/1336
f 1585/1585/1585 1586/1586/1586 1681/1681/1681
f 1336/1336/1336 2402/2402/2402 1763/1763/1763
f 1336/1336/1336 1763/1763/1763 1586/1586/1586
f 1587/1587/1587 1681/1681/1681 1854/1854/1854
f 1680/1680/1680 1683/1683/1683 883/883/883
f 1527/1527/1527 1588/1588/1588 889/889/889
f 1507/1507/1507 1588/1588/1588 1508/1508/1508
f 3668/3668/3668 1589/1589/1589 1390/1390/1390
f 3673/3673/3673 1513/1513/1513 3672/3672/3672
f 3673/3673/3673 1589/1589/1589 1513/1513/1513
f 1394/1394/1394 1591/1591/1591 1187/1187/1187
f 1686/1686/1686 1590/1590/1590 2084/2084/2084
f 1591/1591/1591 1590/1590/1590 1686/1686/1686
f 1536/1536/1536 3887/3887/3887 1697/1697/1697
f 1693/1693/1693 1695/1695/1695 1426/1426/1426
f 1786/1786/1786 1784/1784/1784 1703/1703/1703
f 1598/1598/1598 1711/1711/1711 1712/1712/1712
f 1430/1430/1430 1541/1541/1541 1595/1595/1595
f 1594/1594/1594 1542/1542/1542 1596/1596/1596
f 1706/1706/1706 291/291/291 1704/1704/1704
f 1542/1542/1542 1594/1594/1594 1595/1595/1595
f 1599/1599/1599 1596/1596/1596 1542/1542/1542
f 1600/1600/1600 1432/1432/1432 1433/1433/1433
f 1710/1710/1710 2052/2052/2052 1705/1705/1705
f 1714/1714/1714 1603/1603/1603 1713/1713/1713
f 1706/1706/1706 1595/1595/1595 291/291/291
f 1598/1598/1598 1597/1597/1597 1711/1711/1711
f 1712/1712/1712 1599/1599/1599 1542/1542/1542
f 1601/1601/1601 1599/1599/1599 1431/1431/1431
f 369/369/369 1596/1596/1596 1600/1600/1600
f 1432/1432/1432 1600/1600/1600 1596/1596/1596
f 1713/1713/1713 1601/1601/1601 1431/1431/1431
f 1601/1601/1601 1543/1543/1543 1602/1602/1602
f 1601/1601/1601 1602/1602/1602 1432/1432/1432
f 1716/1716/1716 1602/1602/1602 1543/1543/1543
f 1431/1431/1431 1712/1712/1712 1711/1711/1711
f 1717/1717/1717 1789/1789/1789 1603/1603/1603
f 1447/1447/1447 1604/1604/1604 1265/1265/1265
f 1605/1605/1605 1604/1604/1604 1255/1255/1255
f 1606/1606/1606 1605/1605/1605 1255/1255/1255
f 1605/1605/1605 1252/1252/1252 1607/1607/1607
f 1255/1255/1255 1256/1256/1256 1720/1720/1720
f 1252/1252/1252 1606/1606/1606 1253/1253/1253
f 1790/1790/1790 1792/1792/1792 1789/1789/1789
f 1609/1609/1609 1810/1810/1810 1617/1617/1617
f 1605/1605/1605 1607/1607/1607 1608/1608/1608
f 1607/1607/1607 1448/1448/1448 1608/1608/1608
f 1863/1863/1863 1809/1809/1809 1448/1448/1448
f 1048/1048/1048 1611/1611/1611 1613/1613/1613
f 1617/1617/1617 1614/1614/1614 1610/1610/1610
f 1049/1049/1049 1611/1611/1611 1048/1048/1048
f 1036/1036/1036 1611/1611/1611 1049/1049/1049
f 1611/1611/1611 1610/1610/1610 1614/1614/1614
f 1607/1607/1607 1863/1863/1863 1448/1448/1448
f 1052/1052/1052 1613/1613/1613 1616/1616/1616
f 1614/1614/1614 1613/1613/1613 1611/1611/1611
f 1616/1616/1616 1613/1613/1613 1612/1612/1612
f 1610/1610/1610 1724/1724/1724 1617/1617/1617
f 1613/1613/1613 1614/1614/1614 1612/1612/1612
f 1048/1048/1048 1613/1613/1613 1615/1615/1615
f 1052/1052/1052 1615/1615/1615 1613/1613/1613
f 1806/1806/1806 1805/1805/1805 1616/1616/1616
f 1052/1052/1052 1616/1616/1616 1620/1620/1620
f 1448/1448/1448 1810/1810/1810 1723/1723/1723
f 1614/1614/1614 1617/1617/1617 1815/1815/1815
f 1809/1809/1809 1797/1797/1797 1803/1803/1803
f 3788/3788/3788 3833/3833/3833 3819/3819/3819
f 1811/1811/1811 1806/1806/1806 1807/1807/1807
f 1882/1882/1882 1619/1619/1619 1805/1805/1805
f 1612/1612/1612 1806/1806/1806 1616/1616/1616
f 212/212/212 1620/1620/1620 1619/1619/1619
f 3420/3420/3420 1621/1621/1621 308/308/308
f 1553/1553/1553 1621/1621/1621 1554/1554/1554
f 1465/1465/1465 1622/1622/1622 1476/1476/1476
f 1555/1555/1555 1556/1556/1556 1622/1622/1622
f 393/393/393 3374/3374/3374 3370/3370/3370
f 1623/1623/1623 1562/1562/1562 1566/1566/1566
f 1624/1624/1624 1562/1562/1562 4116/4116/4116
f 1625/1625/1625 1624/1624/1624 1462/1462/1462
f 1624/1624/1624 1625/1625/1625 1566/1566/1566
f 1546/1546/1546 1625/1625/1625 1462/1462/1462
f 216/216/216 1092/1092/1092 1627/1627/1627
f 1626/1626/1626 1573/1573/1573 1630/1630/1630
f 1091/1091/1091 1278/1278/1278 1628/1628/1628
f 1573/1573/1573 1626/1626/1626 1627/1627/1627
f 1459/1459/1459 1629/1629/1629 1070/1070/1070
f 1091/1091/1091 1628/1628/1628 1627/1627/1627
f 1635/1635/1635 1629/1629/1629 1282/1282/1282
f 1627/1627/1627 1629/1629/1629 1573/1573/1573
f 1634/1634/1634 1635/1635/1635 1638/1638/1638
f 1728/1728/1728 1634/1634/1634 1729/1729/1729
f 1641/1641/1641 1631/1631/1631 1301/1301/1301
f 1626/1626/1626 1631/1631/1631 1490/1490/1490
f 1821/1821/1821 1820/1820/1820 1726/1726/1726
f 1729/1729/1729 1731/1731/1731 1727/1727/1727
f 1820/1820/1820 1473/1473/1473 1472/1472/1472
f 1634/1634/1634 1638/1638/1638 1632/1632/1632
f 1573/1573/1573 1629/1629/1629 1635/1635/1635
f 1729/1729/1729 1727/1727/1727 1728/1728/1728
f 1282/1282/1282 1636/1636/1636 1635/1635/1635
f 1573/1573/1573 1635/1635/1635 1634/1634/1634
f 1282/1282/1282 1458/1458/1458 1637/1637/1637
f 1633/1633/1633 1636/1636/1636 1639/1639/1639
f 1073/1073/1073 1281/1281/1281 1637/1637/1637
f 1639/1639/1639 1281/1281/1281 248/248/248
f 1635/1635/1635 1636/1636/1636 1638/1638/1638
f 1640/1640/1640 1638/1638/1638 1636/1636/1636
f 1633/1633/1633 1639/1639/1639 248/248/248
f 1636/1636/1636 1637/1637/1637 1639/1639/1639
f 1636/1636/1636 1633/1633/1633 1640/1640/1640
f 1640/1640/1640 1633/1633/1633 1821/1821/1821
f 3843/3843/3843 1641/1641/1641 1301/1301/1301
f 1642/1642/1642 1641/1641/1641 1574/1574/1574
f 1641/1641/1641 1642/1642/1642 1490/1490/1490
f 1574/1574/1574 1302/1302/1302 1643/1643/1643
f 1491/1491/1491 1643/1643/1643 1302/1302/1302
f 1093/1093/1093 1643/1643/1643 787/787/787
f 1645/1645/1645 1495/1495/1495 814/814/814
f 2074/2074/2074 1576/1576/1576 2120/2120/2120
f 814/814/814 587/587/587 1645/1645/1645
f 2120/2120/2120 1576/1576/1576 2123/2123/2123
f 3493/3493/3493 1646/1646/1646 1104/1104/1104
f 1312/1312/1312 1644/1644/1644 1646/1646/1646
f 1648/1648/1648 1647/1647/1647 621/621/621
f 1652/1652/1652 1647/1647/1647 1579/1579/1579
f 1732/1732/1732 1648/1648/1648 618/618/618
f 1648/1648/1648 1579/1579/1579 1647/1647/1647
f 1733/1733/1733 1827/1827/1827 1828/1828/1828
f 1831/1831/1831 1830/1830/1830 1580/1580/1580
f 1828/1828/1828 1650/1650/1650 341/341/341
f 1650/1650/1650 1649/1649/1649 1732/1732/1732
f 1667/1667/1667 1651/1651/1651 1143/1143/1143
f 1654/1654/1654 1651/1651/1651 1581/1581/1581
f 1653/1653/1653 1579/1579/1579 1732/1732/1732
f 1652/1652/1652 1579/1579/1579 1653/1653/1653
f 1649/1649/1649 1827/1827/1827 1653/1653/1653
f 1580/1580/1580 1830/1830/1830 1143/1143/1143
f 1651/1651/1651 1654/1654/1654 1321/1321/1321
f 1655/1655/1655 1654/1654/1654 1581/1581/1581
f 1656/1656/1656 1655/1655/1655 1581/1581/1581
f 1655/1655/1655 1582/1582/1582 1678/1678/1678
f 1658/1658/1658 1659/1659/1659 1665/1665/1665
f 1660/1660/1660 1656/1656/1656 225/225/225
f 1742/1742/1742 1674/1674/1674 1743/1743/1743
f 1677/1677/1677 1918/1918/1918 1675/1675/1675
f 1663/1663/1663 1665/1665/1665 1666/1666/1666
f 1673/1673/1673 1669/1669/1669 1671/1671/1671
f 1666/1666/1666 1656/1656/1656 1581/1581/1581
f 1669/1669/1669 1668/1668/1668 1659/1659/1659
f 1736/1736/1736 1849/1849/1849 1903/1903/1903
f 1582/1582/1582 1655/1655/1655 1660/1660/1660
f 1668/1668/1668 225/225/225 1659/1659/1659
f 1903/1903/1903 225/225/225 1668/1668/1668
f 1995/1995/1995 225/225/225 1903/1903/1903
f 1849/1849/1849 1847/1847/1847 1662/1662/1662
f 1734/1734/1734 1832/1832/1832 1839/1839/1839
f 1674/1674/1674 1672/1672/1672 1658/1658/1658
f 1658/1658/1658 1671/1671/1671 1669/1669/1669
f 1673/1673/1673 1762/1762/1762 1664/1664/1664
f 1659/1659/1659 1656/1656/1656 1666/1666/1666
f 1674/1674/1674 1665/1665/1665 1663/1663/1663
f 1666/1666/1666 1581/1581/1581 1667/1667/1667
f 1659/1659/1659 1666/1666/1666 1665/1665/1665
f 1841/1841/1841 1143/1143/1143 1839/1839/1839
f 1667/1667/1667 1663/1663/1663 1666/1666/1666
f 1669/1669/1669 1659/1659/1659 1658/1658/1658
f 1668/1668/1668 1664/1664/1664 1736/1736/1736
f 1675/1675/1675 1671/1671/1671 1672/1672/1672
f 1668/1668/1668 1669/1669/1669 1673/1673/1673
f 1670/1670/1670 1671/1671/1671 1675/1675/1675
f 1918/1918/1918 1919/1919/1919 1852/1852/1852
f 1672/1672/1672 1671/1671/1671 1658/1658/1658
f 1673/1673/1673 1671/1671/1671 1670/1670/1670
f 1658/1658/1658 1665/1665/1665 1674/1674/1674
f 1672/1672/1672 1657/1657/1657 1675/1675/1675
f 1761/1761/1761 1762/1762/1762 1852/1852/1852
f 1673/1673/1673 1664/1664/1664 1668/1668/1668
f 1663/1663/1663 1667/1667/1667 1738/1738/1738
f 1663/1663/1663 1738/1738/1738 1739/1739/1739
f 1675/1675/1675 1744/1744/1744 1677/1677/1677
f 1744/1744/1744 1675/1675/1675 1657/1657/1657
f 1672/1672/1672 1742/1742/1742 1657/1657/1657
f 1744/1744/1744 1746/1746/1746 1676/1676/1676
f 3909/3909/3909 1851/1851/1851 1676/1676/1676
f 1851/1851/1851 1677/1677/1677 1744/1744/1744
f 1655/1655/1655 1678/1678/1678 1501/1501/1501
f 1844/1844/1844 1582/1582/1582 1843/1843/1843
f 2375/2375/2375 2371/2371/2371 2374/2374/2374
f 2304/2304/2304 2273/2273/2273 2281/2281/2281
f 1681/1681/1681 1680/1680/1680 1506/1506/1506
f 1683/1683/1683 1680/1680/1680 1587/1587/1587
f 271/271/271 1681/1681/1681 1586/1586/1586
f 1681/1681/1681 1587/1587/1587 1680/1680/1680
f 2216/2216/2216 2223/2223/2223 2214/2214/2214
f 2213/2213/2213 270/270/270 2212/2212/2212
f 1587/1587/1587 1854/1854/1854 1856/1856/1856
f 1856/1856/1856 1766/1766/1766 1855/1855/1855
f 3676/3676/3676 913/913/913 3673/3673/3673
f 1685/1685/1685 1590/1590/1590 1591/1591/1591
f 1394/1394/1394 1393/1393/1393 1685/1685/1685
f 1684/1684/1684 1685/1685/1685 1393/1393/1393
f 1689/1689/1689 1686/1686/1686 1515/1515/1515
f 1689/1689/1689 1688/1688/1688 1686/1686/1686
f 1769/1769/1769 2961/2961/2961 1938/1938/1938
f 2968/2968/2968 2967/2967/2967 2959/2959/2959
f 1687/1687/1687 1690/1690/1690 1688/1688/1688
f 1688/1688/1688 1690/1690/1690 1767/1767/1767
f 1689/1689/1689 1515/1515/1515 1939/1939/1939
f 1688/1688/1688 1689/1689/1689 1687/1687/1687
f 1692/1692/1692 1690/1690/1690 1687/1687/1687
f 1767/1767/1767 1690/1690/1690 274/274/274
f 1936/1936/1936 1691/1691/1691 1860/1860/1860
f 2972/2972/2972 2967/2967/2967 2971/2971/2971
f 1937/1937/1937 1859/1859/1859 1936/1936/1936
f 1936/1936/1936 1860/1860/1860 1692/1692/1692
f 1063/1063/1063 1453/1453/1453 1694/1694/1694
f 1693/1693/1693 1592/1592/1592 1695/1695/1695
f 1696/1696/1696 1694/1694/1694 1538/1538/1538
f 1592/1592/1592 1693/1693/1693 1694/1694/1694
f 1707/1707/1707 1698/1698/1698 1700/1700/1700
f 1592/1592/1592 1707/1707/1707 1695/1695/1695
f 1537/1537/1537 1696/1696/1696 1538/1538/1538
f 1697/1697/1697 1696/1696/1696 1536/1536/1536
f 3879/3879/3879 1535/1535/1535 3886/3886/3886
f 1694/1694/1694 1697/1697/1697 1592/1592/1592
f 1708/1708/1708 1703/1703/1703 1593/1593/1593
f 1592/1592/1592 1697/1697/1697 1698/1698/1698
f 1597/1597/1597 1598/1598/1598 1706/1706/1706
f 1701/1701/1701 1704/1704/1704 1539/1539/1539
f 1780/1780/1780 1703/1703/1703 1700/1700/1700
f 1695/1695/1695 1702/1702/1702 1701/1701/1701
f 1695/1695/1695 1707/1707/1707 1702/1702/1702
f 1701/1701/1701 1699/1699/1699 1704/1704/1704
f 1702/1702/1702 1700/1700/1700 1703/1703/1703
f 1699/1699/1699 1701/1701/1701 1702/1702/1702
f 1780/1780/1780 1700/1700/1700 1698/1698/1698
f 1783/1783/1783 1786/1786/1786 1780/1780/1780
f 1705/1705/1705 1704/1704/1704 1699/1699/1699
f 1598/1598/1598 1595/1595/1595 1706/1706/1706
f 1699/1699/1699 1708/1708/1708 1705/1705/1705
f 1705/1705/1705 1708/1708/1708 1710/1710/1710
f 1704/1704/1704 1705/1705/1705 1706/1706/1706
f 1597/1597/1597 1706/1706/1706 1705/1705/1705
f 1698/1698/1698 1707/1707/1707 1592/1592/1592
f 1702/1702/1702 1707/1707/1707 1700/1700/1700
f 1703/1703/1703 1708/1708/1708 1699/1699/1699
f 1862/1862/1862 1710/1710/1710 1593/1593/1593
f 1784/1784/1784 1787/1787/1787 1593/1593/1593
f 1789/1789/1789 1717/1717/1717 239/239/239
f 1593/1593/1593 1710/1710/1710 1708/1708/1708
f 1709/1709/1709 2019/2019/2019 2052/2052/2052
f 1796/1796/1796 1717/1717/1717 1714/1714/1714
f 1714/1714/1714 1713/1713/1713 1431/1431/1431
f 1599/1599/1599 1712/1712/1712 1431/1431/1431
f 1542/1542/1542 1598/1598/1598 1712/1712/1712
f 1714/1714/1714 1431/1431/1431 1711/1711/1711
f 1718/1718/1718 1713/1713/1713 1603/1603/1603
f 1795/1795/1795 1796/1796/1796 1597/1597/1597
f 1603/1603/1603 1714/1714/1714 1717/1717/1717
f 1790/1790/1790 1791/1791/1791 1792/1792/1792
f 1719/1719/1719 1254/1254/1254 290/290/290
f 1435/1435/1435 1434/1434/1434 1716/1716/1716
f 1716/1716/1716 1434/1434/1434 1602/1602/1602
f 1714/1714/1714 1711/1711/1711 1796/1796/1796
f 1717/1717/1717 1943/1943/1943 1942/1942/1942
f 1792/1792/1792 1718/1718/1718 1603/1603/1603
f 1543/1543/1543 1718/1718/1718 1715/1715/1715
f 1719/1719/1719 1715/1715/1715 1794/1794/1794
f 1254/1254/1254 1719/1719/1719 1253/1253/1253
f 1250/1250/1250 1720/1720/1720 1256/1256/1256
f 1253/1253/1253 1720/1720/1720 1254/1254/1254
f 1864/1864/1864 1871/1871/1871 1799/1799/1799
f 1797/1797/1797 1798/1798/1798 1800/1800/1800
f 1544/1544/1544 1608/1608/1608 1723/1723/1723
f 1722/1722/1722 1609/1609/1609 1724/1724/1724
f 1609/1609/1609 1722/1722/1722 1723/1723/1723
f 1544/1544/1544 1723/1723/1723 1722/1722/1722
f 1722/1722/1722 1724/1724/1724 242/242/242
f 1617/1617/1617 1724/1724/1724 1609/1609/1609
f 1799/1799/1799 1801/1801/1801 1800/1800/1800
f 1813/1813/1813 1817/1817/1817 1816/1816/1816
f 3849/3849/3849 1730/1730/1730 1824/1824/1824
f 1640/1640/1640 1821/1821/1821 1632/1632/1632
f 1730/1730/1730 1731/1731/1731 1632/1632/1632
f 3846/3846/3846 3843/3843/3843 3844/3844/3844
f 1634/1634/1634 1728/1728/1728 1630/1630/1630
f 1301/1301/1301 3844/3844/3844 3843/3843/3843
f 1634/1634/1634 1632/1632/1632 1729/1729/1729
f 1632/1632/1632 1821/1821/1821 1730/1730/1730
f 1726/1726/1726 1471/1471/1471 1822/1822/1822
f 1822/1822/1822 1824/1824/1824 1730/1730/1730
f 1632/1632/1632 1731/1731/1731 1729/1729/1729
f 3849/3849/3849 1731/1731/1731 1730/1730/1730
f 1650/1650/1650 1732/1732/1732 618/618/618
f 1653/1653/1653 1732/1732/1732 1649/1649/1649
f 1650/1650/1650 1828/1828/1828 1649/1649/1649
f 1832/1832/1832 1734/1734/1734 1831/1831/1831
f 1653/1653/1653 1827/1827/1827 1832/1832/1832
f 1835/1835/1835 1832/1832/1832 1833/1833/1833
f 1735/1735/1735 1847/1847/1847 1848/1848/1848
f 1735/1735/1735 1848/1848/1848 1899/1899/1899
f 2039/2039/2039 2040/2040/2040 1924/1924/1924
f 1849/1849/1849 1661/1661/1661 1847/1847/1847
f 2587/2587/2587 1837/1837/1837 2588/2588/2588
f 1835/1835/1835 1837/1837/1837 1839/1839/1839
f 1143/1143/1143 1738/1738/1738 1667/1667/1667
f 1739/1739/1739 1738/1738/1738 1737/1737/1737
f 2592/2592/2592 2582/2582/2582 2591/2591/2591
f 1663/1663/1663 1739/1739/1739 1674/1674/1674
f 1752/1752/1752 1676/1676/1676 1746/1746/1746
f 1744/1744/1744 1747/1747/1747 1746/1746/1746
f 2591/2591/2591 2593/2593/2593 2592/2592/2592
f 1750/1750/1750 1747/1747/1747 1749/1749/1749
f 1674/1674/1674 1742/1742/1742 1672/1672/1672
f 1749/1749/1749 1742/1742/1742 1741/1741/1741
f 2592/2592/2592 1739/1739/1739 1737/1737/1737
f 1742/1742/1742 1743/1743/1743 1741/1741/1741
f 1741/1741/1741 1750/1750/1750 1749/1749/1749
f 1851/1851/1851 1744/1744/1744 1676/1676/1676
f 1906/1906/1906 1909/1909/1909 1748/1748/1748
f 2658/2658/2658 2027/2027/2027 2028/2028/2028
f 1747/1747/1747 1744/1744/1744 1657/1657/1657
f 1757/1757/1757 1755/1755/1755 1751/1751/1751
f 1749/1749/1749 1747/1747/1747 1657/1657/1657
f 1745/1745/1745 1746/1746/1746 1747/1747/1747
f 1906/1906/1906 1751/1751/1751 1907/1907/1907
f 2099/2099/2099 1914/1914/1914 2152/2152/2152
f 1742/1742/1742 1749/1749/1749 1657/1657/1657
f 1741/1741/1741 2593/2593/2593 1750/1750/1750
f 2657/2657/2657 1750/1750/1750 1740/1740/1740
f 1747/1747/1747 1750/1750/1750 1745/1745/1745
f 1752/1752/1752 1756/1756/1756 1755/1755/1755
f 1754/1754/1754 1757/1757/1757 1905/1905/1905
f 1756/1756/1756 1746/1746/1746 1745/1745/1745
f 1752/1752/1752 1755/1755/1755 1757/1757/1757
f 1997/1997/1997 2654/2654/2654 2651/2651/2651
f 2467/2467/2467 2476/2476/2476 2478/2478/2478
f 1906/1906/1906 1850/1850/1850 1905/1905/1905
f 1759/1759/1759 1851/1851/1851 3909/3909/3909
f 1756/1756/1756 1752/1752/1752 1746/1746/1746
f 1907/1907/1907 1755/1755/1755 1753/1753/1753
f 3965/3965/3965 1756/1756/1756 1745/1745/1745
f 1755/1755/1755 1756/1756/1756 1753/1753/1753
f 1905/1905/1905 1757/1757/1757 1751/1751/1751
f 1758/1758/1758 1757/1757/1757 1754/1754/1754
f 1757/1757/1757 1758/1758/1758 1752/1752/1752
f 1754/1754/1754 1996/1996/1996 3909/3909/3909
f 1921/1921/1921 1922/1922/1922 1925/1925/1925
f 1852/1852/1852 1670/1670/1670 1918/1918/1918
f 1759/1759/1759 1930/1930/1930 1922/1922/1922
f 2016/2016/2016 2013/2013/2013 1932/1932/1932
f 1673/1673/1673 1852/1852/1852 1762/1762/1762
f 1924/1924/1924 1761/1761/1761 1923/1923/1923
f 1852/1852/1852 1673/1673/1673 1670/1670/1670
f 1924/1924/1924 2040/2040/2040 1761/1761/1761
f 2402/2402/2402 1336/1336/1336 1529/1529/1529
f 1763/1763/1763 1679/1679/1679 2367/2367/2367
f 2224/2224/2224 2243/2243/2243 2253/2253/2253
f 2017/2017/2017 1856/1856/1856 1682/1682/1682
f 2202/2202/2202 1765/1765/1765 345/345/345
f 883/883/883 1765/1765/1765 880/880/880
f 1935/1935/1935 2017/2017/2017 1933/1933/1933
f 451/451/451 2206/2206/2206 877/877/877
f 1768/1768/1768 1767/1767/1767 274/274/274
f 1187/1187/1187 1688/1688/1688 1767/1767/1767
f 1768/1768/1768 1772/1772/1772 1771/1771/1771
f 1188/1188/1188 1386/1386/1386 1768/1768/1768
f 2080/2080/2080 1939/1939/1939 1515/1515/1515
f 2767/2767/2767 2886/2886/2886 2772/2772/2772
f 2967/2967/2967 2972/2972/2972 2974/2974/2974
f 1775/1775/1775 1771/1771/1771 1770/1770/1770
f 1772/1772/1772 1768/1768/1768 274/274/274
f 1365/1365/1365 2975/2975/2975 2973/2973/2973
f 1692/1692/1692 1772/1772/1772 274/274/274
f 1770/1770/1770 1771/1771/1771 1772/1772/1772
f 1364/1364/1364 1779/1779/1779 1366/1366/1366
f 1376/1376/1376 1774/1774/1774 1777/1777/1777
f 1776/1776/1776 1774/1774/1774 349/349/349
f 1777/1777/1777 1774/1774/1774 1773/1773/1773
f 1770/1770/1770 2974/2974/2974 2978/2978/2978
f 1774/1774/1774 1775/1775/1775 1773/1773/1773
f 349/349/349 1188/1188/1188 1776/1776/1776
f 1771/1771/1771 1776/1776/1776 1188/1188/1188
f 1778/1778/1778 1777/1777/1777 1773/1773/1773
f 1376/1376/1376 1777/1777/1777 1184/1184/1184
f 1778/1778/1778 1773/1773/1773 2975/2975/2975
f 1779/1779/1779 1365/1365/1365 1366/1366/1366
f 1184/1184/1184 1779/1779/1779 1364/1364/1364
f 1365/1365/1365 1779/1779/1779 1778/1778/1778
f 1698/1698/1698 1781/1781/1781 1780/1780/1780
f 1780/1780/1780 1781/1781/1781 1783/1783/1783
f 3886/3886/3886 1781/1781/1781 1698/1698/1698
f 3890/3890/3890 3881/3881/3881 3880/3880/3880
f 3872/3872/3872 3860/3860/3860 3863/3863/3863
f 1710/1710/1710 1862/1862/1862 1709/1709/1709
f 1535/1535/1535 1783/1783/1783 1781/1781/1781
f 1783/1783/1783 1782/1782/1782 1784/1784/1784
f 1788/1788/1788 1787/1787/1787 1784/1784/1784
f 1703/1703/1703 1784/1784/1784 1593/1593/1593
f 3877/3877/3877 3878/3878/3878 3889/3889/3889
f 1868/1868/1868 1865/1865/1865 239/239/239
f 1780/1780/1780 1786/1786/1786 1703/1703/1703
f 1783/1783/1783 1784/1784/1784 1786/1786/1786
f 1788/1788/1788 1784/1784/1784 1782/1782/1782
f 1957/1957/1957 1940/1940/1940 1787/1787/1787
f 1788/1788/1788 1782/1782/1782 1956/1956/1956
f 1787/1787/1787 1788/1788/1788 1957/1957/1957
f 239/239/239 1790/1790/1790 1789/1789/1789
f 1721/1721/1721 1791/1791/1791 1790/1790/1790
f 1790/1790/1790 239/239/239 1865/1865/1865
f 1721/1721/1721 1793/1793/1793 1791/1791/1791
f 1792/1792/1792 1791/1791/1791 1794/1794/1794
f 1715/1715/1715 1718/1718/1718 1792/1792/1792
f 1789/1789/1789 1792/1792/1792 1603/1603/1603
f 1791/1791/1791 1252/1252/1252 1794/1794/1794
f 1798/1798/1798 1797/1797/1797 1863/1863/1863
f 1252/1252/1252 1793/1793/1793 1607/1607/1607
f 1794/1794/1794 1252/1252/1252 1253/1253/1253
f 1715/1715/1715 1792/1792/1792 1794/1794/1794
f 1597/1597/1597 1705/1705/1705 2052/2052/2052
f 1709/1709/1709 1862/1862/1862 1861/1861/1861
f 1597/1597/1597 1796/1796/1796 1711/1711/1711
f 1796/1796/1796 1795/1795/1795 1943/1943/1943
f 1607/1607/1607 1793/1793/1793 1798/1798/1798
f 1801/1801/1801 1803/1803/1803 1797/1797/1797
f 1793/1793/1793 1721/1721/1721 1798/1798/1798
f 1721/1721/1721 1864/1864/1864 1798/1798/1798
f 1799/1799/1799 1800/1800/1800 1864/1864/1864
f 1873/1873/1873 1868/1868/1868 1867/1867/1867
f 1864/1864/1864 1800/1800/1800 1798/1798/1798
f 1799/1799/1799 1982/1982/1982 1801/1801/1801
f 1808/1808/1808 1803/1803/1803 1725/1725/1725
f 1797/1797/1797 1800/1800/1800 1801/1801/1801
f 1808/1808/1808 1802/1802/1802 1803/1803/1803
f 1805/1805/1805 1619/1619/1619 1620/1620/1620
f 1725/1725/1725 1803/1803/1803 1801/1801/1801
f 1802/1802/1802 1807/1807/1807 1814/1814/1814
f 1806/1806/1806 1811/1811/1811 1804/1804/1804
f 1883/1883/1883 1882/1882/1882 1804/1804/1804
f 1616/1616/1616 1805/1805/1805 1620/1620/1620
f 1812/1812/1812 1883/1883/1883 1804/1804/1804
f 1807/1807/1807 1806/1806/1806 1612/1612/1612
f 1804/1804/1804 1805/1805/1805 1806/1806/1806
f 1815/1815/1815 1617/1617/1617 1810/1810/1810
f 1807/1807/1807 1802/1802/1802 1811/1811/1811
f 1816/1816/1816 1808/1808/1808 1725/1725/1725
f 1885/1885/1885 1883/1883/1883 1812/1812/1812
f 1814/1814/1814 1803/1803/1803 1802/1802/1802
f 1807/1807/1807 1612/1612/1612 1815/1815/1815
f 1723/1723/1723 1810/1810/1810 1609/1609/1609
f 1810/1810/1810 1809/1809/1809 1814/1814/1814
f 1818/1818/1818 1819/1819/1819 1808/1808/1808
f 1818/1818/1818 1808/1808/1808 1816/1816/1816
f 1804/1804/1804 1811/1811/1811 1812/1812/1812
f 1811/1811/1811 1802/1802/1802 1819/1819/1819
f 1799/1799/1799 1871/1871/1871 1876/1876/1876
f 3757/3757/3757 3748/3748/3748 3750/3750/3750
f 1814/1814/1814 1807/1807/1807 1815/1815/1815
f 1803/1803/1803 1814/1814/1814 1809/1809/1809
f 1815/1815/1815 1612/1612/1612 1614/1614/1614
f 1814/1814/1814 1815/1815/1815 1810/1810/1810
f 1982/1982/1982 1725/1725/1725 1801/1801/1801
f 3819/3819/3819 3820/3820/3820 3835/3835/3835
f 1618/1618/1618 1894/1894/1894 1817/1817/1817
f 1811/1811/1811 1819/1819/1819 1812/1812/1812
f 1816/1816/1816 1817/1817/1817 1818/1818/1818
f 1818/1818/1818 1817/1817/1817 1894/1894/1894
f 1808/1808/1808 1819/1819/1819 1802/1802/1802
f 1819/1819/1819 1818/1818/1818 1894/1894/1894
f 1473/1473/1473 1820/1820/1820 1633/1633/1633
f 1472/1472/1472 1726/1726/1726 1820/1820/1820
f 1820/1820/1820 1821/1821/1821 1633/1633/1633
f 1730/1730/1730 1821/1821/1821 1726/1726/1726
f 1471/1471/1471 1823/1823/1823 1824/1824/1824
f 1730/1730/1730 1726/1726/1726 1822/1822/1822
f 1825/1825/1825 1471/1471/1471 1486/1486/1486
f 1480/1480/1480 1826/1826/1826 1825/1825/1825
f 1471/1471/1471 1824/1824/1824 1822/1822/1822
f 1823/1823/1823 2098/2098/2098 4147/4147/4147
f 1826/1826/1826 1480/1480/1480 1895/1895/1895
f 1471/1471/1471 1825/1825/1825 1823/1823/1823
f 1895/1895/1895 2060/2060/2060 1826/1826/1826
f 2097/2097/2097 2151/2151/2151 2095/2095/2095
f 1828/1828/1828 1827/1827/1827 1649/1649/1649
f 1832/1832/1832 1827/1827/1827 1733/1733/1733
f 1829/1829/1829 341/341/341 1322/1322/1322
f 1898/1898/1898 1897/1897/1897 1828/1828/1828
f 1147/1147/1147 1330/1330/1330 1898/1898/1898
f 341/341/341 1829/1829/1829 1828/1828/1828
f 1831/1831/1831 1580/1580/1580 1652/1652/1652
f 1839/1839/1839 1830/1830/1830 1734/1734/1734
f 1832/1832/1832 1831/1831/1831 1653/1653/1653
f 1830/1830/1830 1831/1831/1831 1734/1734/1734
f 1733/1733/1733 1833/1833/1833 1832/1832/1832
f 1833/1833/1833 268/268/268 1836/1836/1836
f 1897/1897/1897 1833/1833/1833 1733/1733/1733
f 1835/1835/1835 1833/1833/1833 1836/1836/1836
f 1834/1834/1834 1835/1835/1835 1836/1836/1836
f 1840/1840/1840 2586/2586/2586 2577/2577/2577
f 1837/1837/1837 1835/1835/1835 1834/1834/1834
f 1832/1832/1832 1835/1835/1835 1839/1839/1839
f 2575/2575/2575 2646/2646/2646 2579/2579/2579
f 2468/2468/2468 2471/2471/2471 2473/2473/2473
f 1834/1834/1834 2577/2577/2577 2588/2588/2588
f 1738/1738/1738 1841/1841/1841 1737/1737/1737
f 1838/1838/1838 2578/2578/2578 2573/2573/2573
f 2594/2594/2594 2595/2595/2595 2484/2484/2484
f 1837/1837/1837 1737/1737/1737 1841/1841/1841
f 1830/1830/1830 1839/1839/1839 1143/1143/1143
f 2579/2579/2579 1836/1836/1836 268/268/268
f 2586/2586/2586 2574/2574/2574 2581/2581/2581
f 1143/1143/1143 1841/1841/1841 1738/1738/1738
f 1837/1837/1837 1841/1841/1841 1839/1839/1839
f 2646/2646/2646 1836/1836/1836 2579/2579/2579
f 2586/2586/2586 2581/2581/2581 2576/2576/2576
f 1845/1845/1845 1735/1735/1735 1901/1901/1901
f 1846/1846/1846 1845/1845/1845 847/847/847
f 1845/1845/1845 1844/1844/1844 1843/1843/1843
f 852/852/852 1846/1846/1846 847/847/847
f 1735/1735/1735 1845/1845/1845 1843/1843/1843
f 847/847/847 1845/1845/1845 850/850/850
f 851/851/851 1844/1844/1844 1846/1846/1846
f 1845/1845/1845 1846/1846/1846 1844/1844/1844
f 1848/1848/1848 1847/1847/1847 1661/1661/1661
f 1843/1843/1843 1847/1847/1847 1735/1735/1735
f 2014/2014/2014 1661/1661/1661 1849/1849/1849
f 1848/1848/1848 1318/1318/1318 1899/1899/1899
f 1582/1582/1582 1995/1995/1995 1662/1662/1662
f 2014/2014/2014 1849/1849/1849 1736/1736/1736
f 1850/1850/1850 1906/1906/1906 1908/1908/1908
f 3909/3909/3909 1996/1996/1996 205/205/205
f 3909/3909/3909 1676/1676/1676 1758/1758/1758
f 1919/1919/1919 1851/1851/1851 1759/1759/1759
f 1677/1677/1677 1851/1851/1851 1919/1919/1919
f 1852/1852/1852 1921/1921/1921 1923/1923/1923
f 2010/2010/2010 1929/1929/1929 2009/2009/2009
f 2048/2048/2048 2009/2009/2009 2044/2044/2044
f 2252/2252/2252 1854/1854/1854 271/271/271
f 1854/1854/1854 1764/1764/1764 1856/1856/1856
f 1856/1856/1856 1855/1855/1855 1683/1683/1683
f 1934/1934/1934 1855/1855/1855 1766/1766/1766
f 1856/1856/1856 1683/1683/1683 1587/1587/1587
f 1856/1856/1856 1764/1764/1764 2240/2240/2240
f 2215/2215/2215 2217/2217/2217 2220/2220/2220
f 2212/2212/2212 2209/2209/2209 2208/2208/2208
f 1855/1855/1855 1934/1934/1934 345/345/345
f 1766/1766/1766 1935/1935/1935 1934/1934/1934
f 1692/1692/1692 1937/1937/1937 1936/1936/1936
f 2925/2925/2925 2956/2956/2956 2960/2960/2960
f 1691/1691/1691 2967/2967/2967 2974/2974/2974
f 1772/1772/1772 1860/1860/1860 1770/1770/1770
f 1870/1870/1870 1944/1944/1944 1946/1946/1946
f 1709/1709/1709 1861/1861/1861 1941/1941/1941
f 1593/1593/1593 1787/1787/1787 1862/1862/1862
f 1862/1862/1862 1787/1787/1787 1940/1940/1940
f 1798/1798/1798 1863/1863/1863 1607/1607/1607
f 1809/1809/1809 1863/1863/1863 1797/1797/1797
f 1865/1865/1865 1721/1721/1721 1790/1790/1790
f 1721/1721/1721 1865/1865/1865 1864/1864/1864
f 1877/1877/1877 1870/1870/1870 1947/1947/1947
f 1868/1868/1868 1872/1872/1872 1865/1865/1865
f 1945/1945/1945 1951/1951/1951 1953/1953/1953
f 1975/1975/1975 1875/1875/1875 1876/1876/1876
f 1942/1942/1942 1877/1877/1877 1868/1868/1868
f 1869/1869/1869 1872/1872/1872 1873/1873/1873
f 1942/1942/1942 239/239/239 1717/1717/1717
f 1872/1872/1872 1868/1868/1868 1873/1873/1873
f 1813/1813/1813 1816/1816/1816 1878/1878/1878
f 1982/1982/1982 1879/1879/1879 1880/1880/1880
f 2019/2019/2019 1941/1941/1941 1795/1795/1795
f 1951/1951/1951 1948/1948/1948 1785/1785/1785
f 1872/1872/1872 1864/1864/1864 1865/1865/1865
f 1869/1869/1869 1975/1975/1975 1876/1876/1876
f 1869/1869/1869 1871/1871/1871 1872/1872/1872
f 1872/1872/1872 1871/1871/1871 1864/1864/1864
f 1867/1867/1867 1947/1947/1947 1949/1949/1949
f 1874/1874/1874 1873/1873/1873 1867/1867/1867
f 1979/1979/1979 1975/1975/1975 1976/1976/1976
f 1873/1873/1873 1874/1874/1874 1976/1976/1976
f 3919/3919/3919 3910/3910/3910 1978/1978/1978
f 3817/3817/3817 3831/3831/3831 3787/3787/3787
f 1869/1869/1869 1876/1876/1876 1871/1871/1871
f 1876/1876/1876 1875/1875/1875 1879/1879/1879
f 1942/1942/1942 1868/1868/1868 239/239/239
f 1870/1870/1870 1946/1946/1946 1947/1947/1947
f 1880/1880/1880 1816/1816/1816 1725/1725/1725
f 3790/3790/3790 3788/3788/3788 3789/3789/3789
f 1875/1875/1875 1878/1878/1878 1879/1879/1879
f 1878/1878/1878 1816/1816/1816 1880/1880/1880
f 1880/1880/1880 1725/1725/1725 1982/1982/1982
f 1878/1878/1878 1880/1880/1880 1879/1879/1879
f 1881/1881/1881 1883/1883/1883 1885/1885/1885
f 1884/1884/1884 1887/1887/1887 1442/1442/1442
f 1804/1804/1804 1882/1882/1882 1805/1805/1805
f 1884/1884/1884 1882/1882/1882 1881/1881/1881
f 1812/1812/1812 1894/1894/1894 1885/1885/1885
f 1881/1881/1881 1882/1882/1882 1883/1883/1883
f 1884/1884/1884 1881/1881/1881 1889/1889/1889
f 1888/1888/1888 1884/1884/1884 1442/1442/1442
f 1889/1889/1889 1890/1890/1890 1886/1886/1886
f 1991/1991/1991 1020/1020/1020 1987/1987/1987
f 3829/3829/3829 3842/3842/3842 1618/1618/1618
f 1987/1987/1987 516/516/516 1986/1986/1986
f 1889/1889/1889 1887/1887/1887 1884/1884/1884
f 1887/1887/1887 1889/1889/1889 1891/1891/1891
f 212/212/212 1888/1888/1888 1442/1442/1442
f 1882/1882/1882 1888/1888/1888 1619/1619/1619
f 1881/1881/1881 1885/1885/1885 3842/3842/3842
f 1889/1889/1889 1886/1886/1886 1891/1891/1891
f 3789/3789/3789 3819/3819/3819 1813/1813/1813
f 2025/2025/2025 2131/2131/2131 2058/2058/2058
f 2023/2023/2023 1886/1886/1886 1893/1893/1893
f 2023/2023/2023 1985/1985/1985 519/519/519
f 2059/2059/2059 2025/2025/2025 2058/2058/2058
f 742/742/742 1020/1020/1020 1991/1991/1991
f 3828/3828/3828 2025/2025/2025 2059/2059/2059
f 1988/1988/1988 1989/1989/1989 1892/1892/1892
f 1885/1885/1885 1894/1894/1894 1618/1618/1618
f 1894/1894/1894 1812/1812/1812 1819/1819/1819
f 1482/1482/1482 1895/1895/1895 1480/1480/1480
f 2060/2060/2060 1895/1895/1895 1470/1470/1470
f 2026/2026/2026 2088/2088/2088 1993/1993/1993
f 1960/1960/1960 1963/1963/1963 1966/1966/1966
f 1898/1898/1898 1828/1828/1828 1829/1829/1829
f 2647/2647/2647 1897/1897/1897 1329/1329/1329
f 1147/1147/1147 1898/1898/1898 1829/1829/1829
f 1329/1329/1329 1897/1897/1897 1898/1898/1898
f 3925/3925/3925 1900/1900/1900 1318/1318/1318
f 1901/1901/1901 850/850/850 1845/1845/1845
f 1577/1577/1577 598/598/598 1994/1994/1994
f 1318/1318/1318 1900/1900/1900 1899/1899/1899
f 1900/1900/1900 1901/1901/1901 1899/1899/1899
f 1902/1902/1902 1901/1901/1901 1994/1994/1994
f 600/600/600 1902/1902/1902 265/265/265
f 850/850/850 1901/1901/1901 1902/1902/1902
f 1736/1736/1736 1903/1903/1903 1668/1668/1668
f 1995/1995/1995 1849/1849/1849 1662/1662/1662
f 1999/1999/1999 1850/1850/1850 1917/1917/1917
f 2005/2005/2005 3593/3593/3593 3626/3626/3626
f 1906/1906/1906 1905/1905/1905 1751/1751/1751
f 1904/1904/1904 1905/1905/1905 1850/1850/1850
f 1751/1751/1751 1755/1755/1755 1907/1907/1907
f 1906/1906/1906 1748/1748/1748 1908/1908/1908
f 2110/2110/2110 2108/2108/2108 1911/1911/1911
f 1907/1907/1907 2655/2655/2655 2658/2658/2658
f 2112/2112/2112 1915/1915/1915 2070/2070/2070
f 1917/1917/1917 1850/1850/1850 1908/1908/1908
f 1906/1906/1906 1907/1907/1907 1909/1909/1909
f 2027/2027/2027 1911/1911/1911 1912/1912/1912
f 2420/2420/2420 2515/2515/2515 2466/2466/2466
f 2195/2195/2195 3964/3964/3964 3963/3963/3963
f 2187/2187/2187 2191/2191/2191 2196/2196/2196
f 2034/2034/2034 2002/2002/2002 2030/2030/2030
f 2028/2028/2028 1909/1909/1909 1907/1907/1907
f 2070/2070/2070 2113/2113/2113 2112/2112/2112
f 2114/2114/2114 2154/2154/2154 2029/2029/2029
f 2768/2768/2768 2793/2793/2793 2750/2750/2750
f 3062/3062/3062 3067/3067/3067 2893/2893/2893
f 1999/1999/1999 2001/2001/2001 1850/1850/1850
f 2067/2067/2067 1908/1908/1908 1748/1748/1748
f 2007/2007/2007 2003/2003/2003 2008/2008/2008
f 2068/2068/2068 2066/2066/2066 2067/2067/2067
f 1999/1999/1999 1916/1916/1916 2000/2000/2000
f 1908/1908/1908 2067/2067/2067 2069/2069/2069
f 2000/2000/2000 1916/1916/1916 2111/2111/2111
f 1675/1675/1675 1918/1918/1918 1670/1670/1670
f 1919/1919/1919 1918/1918/1918 1677/1677/1677
f 1922/1922/1922 1919/1919/1919 1759/1759/1759
f 1923/1923/1923 1921/1921/1921 1760/1760/1760
f 1998/1998/1998 3628/3628/3628 2001/2001/2001
f 1925/1925/1925 1928/1928/1928 1760/1760/1760
f 1852/1852/1852 1919/1919/1919 1921/1921/1921
f 1921/1921/1921 1919/1919/1919 1922/1922/1922
f 1759/1759/1759 3909/3909/3909 1930/1930/1930
f 1922/1922/1922 1920/1920/1920 1925/1925/1925
f 1923/1923/1923 1760/1760/1760 2010/2010/2010
f 1852/1852/1852 1923/1923/1923 1761/1761/1761
f 2010/2010/2010 1928/1928/1928 1929/1929/1929
f 2015/2015/2015 2039/2039/2039 1932/1932/1932
f 1920/1920/1920 3632/3632/3632 3633/3633/3633
f 1760/1760/1760 1921/1921/1921 1925/1925/1925
f 3627/3627/3627 2007/2007/2007 2005/2005/2005
f 3494/3494/3494 3487/3487/3487 3491/3491/3491
f 3633/3633/3633 3635/3635/3635 3634/3634/3634
f 1928/1928/1928 2041/2041/2041 1929/1929/1929
f 3634/3634/3634 1925/1925/1925 1920/1920/1920
f 1927/1927/1927 2041/2041/2041 1928/1928/1928
f 2041/2041/2041 2042/2042/2042 2011/2011/2011
f 2038/2038/2038 2009/2009/2009 2129/2129/2129
f 3631/3631/3631 3630/3630/3630 3649/3649/3649
f 1920/1920/1920 1922/1922/1922 1930/1930/1930
f 2129/2129/2129 2009/2009/2009 2048/2048/2048
f 2164/2164/2164 1931/1931/1931 2079/2079/2079
f 2015/2015/2015 1736/1736/1736 1664/1664/1664
f 2016/2016/2016 1932/1932/1932 1853/1853/1853
f 2215/2215/2215 1933/1933/1933 2216/2216/2216
f 1857/1857/1857 2207/2207/2207 1935/1935/1935
f 1766/1766/1766 2017/2017/2017 1935/1935/1935
f 1858/1858/1858 2205/2205/2205 2201/2201/2201
f 1857/1857/1857 1935/1935/1935 1933/1933/1933
f 1858/1858/1858 1934/1934/1934 1935/1935/1935
f 1937/1937/1937 1692/1692/1692 1687/1687/1687
f 1859/1859/1859 2961/2961/2961 2959/2959/2959
f 1687/1687/1687 1689/1689/1689 1939/1939/1939
f 1859/1859/1859 1937/1937/1937 1938/1938/1938
f 1937/1937/1937 1939/1939/1939 1938/1938/1938
f 2082/2082/2082 1939/1939/1939 2080/2080/2080
f 1939/1939/1939 1937/1937/1937 1687/1687/1687
f 2049/2049/2049 2083/2083/2083 2910/2910/2910
f 1948/1948/1948 1940/1940/1940 1785/1785/1785
f 1862/1862/1862 1940/1940/1940 1861/1861/1861
f 1861/1861/1861 1948/1948/1948 1950/1950/1950
f 1795/1795/1795 1944/1944/1944 1943/1943/1943
f 1717/1717/1717 1796/1796/1796 1943/1943/1943
f 1877/1877/1877 1942/1942/1942 1870/1870/1870
f 1944/1944/1944 1795/1795/1795 1941/1941/1941
f 1870/1870/1870 1942/1942/1942 1943/1943/1943
f 1950/1950/1950 1948/1948/1948 1946/1946/1946
f 1870/1870/1870 1943/1943/1943 1944/1944/1944
f 1945/1945/1945 1948/1948/1948 1951/1951/1951
f 1874/1874/1874 1867/1867/1867 1949/1949/1949
f 1950/1950/1950 1944/1944/1944 1941/1941/1941
f 1947/1947/1947 1867/1867/1867 1877/1877/1877
f 1946/1946/1946 1945/1945/1945 1947/1947/1947
f 1953/1953/1953 1966/1966/1966 1945/1945/1945
f 1948/1948/1948 1861/1861/1861 1940/1940/1940
f 1945/1945/1945 1946/1946/1946 1948/1948/1948
f 1963/1963/1963 1949/1949/1949 1947/1947/1947
f 1866/1866/1866 1874/1874/1874 1949/1949/1949
f 1944/1944/1944 1950/1950/1950 1946/1946/1946
f 1861/1861/1861 1950/1950/1950 1941/1941/1941
f 1959/1959/1959 1964/1964/1964 1953/1953/1953
f 1961/1961/1961 1951/1951/1951 1785/1785/1785
f 1964/1964/1964 1952/1952/1952 1953/1953/1953
f 3915/3915/3915 1969/1969/1969 3912/3912/3912
f 1961/1961/1961 1959/1959/1959 1951/1951/1951
f 1960/1960/1960 1953/1953/1953 1952/1952/1952
f 1956/1956/1956 1957/1957/1957 1788/1788/1788
f 1968/1968/1968 1971/1971/1971 1973/1973/1973
f 3880/3880/3880 1782/1782/1782 1783/1783/1783
f 3438/3438/3438 3437/3437/3437 3414/3414/3414
f 3889/3889/3889 3878/3878/3878 1956/1956/1956
f 1957/1957/1957 1956/1956/1956 1955/1955/1955
f 1958/1958/1958 1957/1957/1957 1955/1955/1955
f 1785/1785/1785 1940/1940/1940 1957/1957/1957
f 3896/3896/3896 3894/3894/3894 3895/3895/3895
f 1954/1954/1954 1959/1959/1959 1958/1958/1958
f 1959/1959/1959 1954/1954/1954 1962/1962/1962
f 1953/1953/1953 1951/1951/1951 1959/1959/1959
f 1969/1969/1969 3915/3915/3915 1952/1952/1952
f 1960/1960/1960 1866/1866/1866 1963/1963/1963
f 1957/1957/1957 1961/1961/1961 1785/1785/1785
f 1958/1958/1958 1959/1959/1959 1961/1961/1961
f 2055/2055/2055 4179/4179/4179 2054/2054/2054
f 1971/1971/1971 1968/1968/1968 1969/1969/1969
f 1949/1949/1949 1963/1963/1963 1866/1866/1866
f 1945/1945/1945 1963/1963/1963 1947/1947/1947
f 1959/1959/1959 1962/1962/1962 1964/1964/1964
f 1952/1952/1952 1964/1964/1964 1962/1962/1962
f 2094/2094/2094 1993/1993/1993 2088/2088/2088
f 2758/2758/2758 2759/2759/2759 2706/2706/2706
f 1960/1960/1960 1966/1966/1966 1953/1953/1953
f 1963/1963/1963 1945/1945/1945 1966/1966/1966
f 1967/1967/1967 2020/2020/2020 2056/2056/2056
f 1978/1978/1978 3917/3917/3917 3919/3919/3919
f 1958/1958/1958 3896/3896/3896 1954/1954/1954
f 4245/4245/4245 3911/3911/3911 4248/4248/4248
f 1954/1954/1954 1972/1972/1972 1962/1962/1962
f 3913/3913/3913 3921/3921/3921 2020/2020/2020
f 3904/3904/3904 3896/3896/3896 3902/3902/3902
f 2056/2056/2056 2020/2020/2020 1973/1973/1973
f 1962/1962/1962 1971/1971/1971 1969/1969/1969
f 1971/1971/1971 1970/1970/1970 1973/1973/1973
f 1970/1970/1970 1971/1971/1971 1972/1972/1972
f 1962/1962/1962 1972/1972/1972 1971/1971/1971
f 2053/2053/2053 1973/1973/1973 1970/1970/1970
f 2054/2054/2054 1973/1973/1973 2053/2053/2053
f 1952/1952/1952 3915/3915/3915 1960/1960/1960
f 3836/3836/3836 3791/3791/3791 3797/3797/3797
f 1869/1869/1869 1976/1976/1976 1975/1975/1975
f 1979/1979/1979 1978/1978/1978 3910/3910/3910
f 1873/1873/1873 1976/1976/1976 1869/1869/1869
f 1976/1976/1976 1874/1874/1874 1981/1981/1981
f 4243/4243/4243 3821/3821/3821 4142/4142/4142
f 1875/1875/1875 1975/1975/1975 1980/1980/1980
f 1978/1978/1978 3918/3918/3918 3917/3917/3917
f 1866/1866/1866 3914/3914/3914 3917/3917/3917
f 1979/1979/1979 1976/1976/1976 1981/1981/1981
f 1980/1980/1980 1979/1979/1979 1977/1977/1977
f 1979/1979/1979 1980/1980/1980 1975/1975/1975
f 1980/1980/1980 1977/1977/1977 4145/4145/4145
f 3918/3918/3918 1874/1874/1874 1866/1866/1866
f 1979/1979/1979 1981/1981/1981 1978/1978/1978
f 1799/1799/1799 1876/1876/1876 1982/1982/1982
f 1982/1982/1982 1876/1876/1876 1879/1879/1879
f 1984/1984/1984 510/510/510 523/523/523
f 1984/1984/1984 522/522/522 1985/1985/1985
f 522/522/522 1446/1446/1446 1985/1985/1985
f 1984/1984/1984 1983/1983/1983 1986/1986/1986
f 2023/2023/2023 519/519/519 1891/1891/1891
f 1985/1985/1985 2023/2023/2023 1989/1989/1989
f 1986/1986/1986 1983/1983/1983 1987/1987/1987
f 510/510/510 1986/1986/1986 516/516/516
f 1983/1983/1983 1988/1988/1988 1987/1987/1987
f 1990/1990/1990 1991/1991/1991 1988/1988/1988
f 1989/1989/1989 1988/1988/1988 1983/1983/1983
f 1988/1988/1988 1892/1892/1892 1990/1990/1990
f 1985/1985/1985 1989/1989/1989 1983/1983/1983
f 1989/1989/1989 1893/1893/1893 2058/2058/2058
f 2139/2139/2139 2131/2131/2131 2025/2025/2025
f 2085/2085/2085 2130/2130/2130 2057/2057/2057
f 1988/1988/1988 1991/1991/1991 1987/1987/1987
f 1991/1991/1991 1990/1990/1990 2085/2085/2085
f 3840/3840/3840 3841/3841/3841 3829/3829/3829
f 2134/2134/2134 2132/2132/2132 2135/2135/2135
f 1470/1470/1470 2089/2089/2089 2060/2060/2060
f 2095/2095/2095 2063/2063/2063 2097/2097/2097
f 1994/1994/1994 265/265/265 1902/1902/1902
f 1577/1577/1577 1994/1994/1994 1900/1900/1900
f 225/225/225 1995/1995/1995 1660/1660/1660
f 1849/1849/1849 1995/1995/1995 1903/1903/1903
f 1905/1905/1905 1996/1996/1996 1754/1754/1754
f 3649/3649/3649 1996/1996/1996 1904/1904/1904
f 1753/1753/1753 1756/1756/1756 3965/3965/3965
f 2573/2573/2573 2572/2572/2572 1838/1838/1838
f 1998/1998/1998 1999/1999/1999 2000/2000/2000
f 3593/3593/3593 2005/2005/2005 3592/3592/3592
f 1916/1916/1916 1999/1999/1999 1917/1917/1917
f 2001/2001/2001 1999/1999/1999 1998/1998/1998
f 2031/2031/2031 2003/2003/2003 2006/2006/2006
f 2000/2000/2000 1915/1915/1915 2003/2003/2003
f 3615/3615/3615 3628/3628/3628 3627/3627/3627
f 1850/1850/1850 2001/2001/2001 1904/1904/1904
f 2002/2002/2002 2031/2031/2031 2030/2030/2030
f 2007/2007/2007 1998/1998/1998 2000/2000/2000
f 2006/2006/2006 2003/2003/2003 1915/1915/1915
f 2003/2003/2003 2002/2002/2002 2008/2008/2008
f 2111/2111/2111 2070/2070/2070 1915/1915/1915
f 2152/2152/2152 2030/2030/2030 2004/2004/2004
f 2002/2002/2002 2034/2034/2034 3595/3595/3595
f 3554/3554/3554 224/224/224 3539/3539/3539
f 2112/2112/2112 2006/2006/2006 1915/1915/1915
f 2004/2004/2004 2030/2030/2030 2031/2031/2031
f 2003/2003/2003 2007/2007/2007 2000/2000/2000
f 3627/3627/3627 2005/2005/2005 3626/3626/3626
f 2002/2002/2002 3595/3595/3595 3592/3592/3592
f 2007/2007/2007 2008/2008/2008 2005/2005/2005
f 1929/1929/1929 2041/2041/2041 2044/2044/2044
f 2129/2129/2129 2078/2078/2078 2079/2079/2079
f 1923/1923/1923 2010/2010/2010 1924/1924/1924
f 1928/1928/1928 2010/2010/2010 1760/1760/1760
f 2071/2071/2071 2011/2011/2011 2042/2042/2042
f 2044/2044/2044 2009/2009/2009 1929/1929/1929
f 1848/1848/1848 1661/1661/1661 2013/2013/2013
f 2012/2012/2012 1931/1931/1931 2164/2164/2164
f 1848/1848/1848 2013/2013/2013 2012/2012/2012
f 2014/2014/2014 2013/2013/2013 1661/1661/1661
f 2015/2015/2015 2014/2014/2014 1736/1736/1736
f 2013/2013/2013 2014/2014/2014 1932/1932/1932
f 1664/1664/1664 1762/1762/1762 2040/2040/2040
f 2039/2039/2039 2038/2038/2038 1853/1853/1853
f 2079/2079/2079 2016/2016/2016 1853/1853/1853
f 2013/2013/2013 2016/2016/2016 1931/1931/1931
f 1856/1856/1856 2017/2017/2017 1766/1766/1766
f 1682/1682/1682 1933/1933/1933 2017/2017/2017
f 2762/2762/2762 2763/2763/2763 2764/2764/2764
f 2051/2051/2051 1769/1769/1769 1938/1938/1938
f 1597/1597/1597 2019/2019/2019 1795/1795/1795
f 1709/1709/1709 1941/1941/1941 2019/2019/2019
f 3912/3912/3912 1968/1968/1968 3921/3921/3921
f 1968/1968/1968 1973/1973/1973 2020/2020/2020
f 3895/3895/3895 1970/1970/1970 1972/1972/1972
f 3355/3355/3355 2090/2090/2090 3351/3351/3351
f 3128/3128/3128 3136/3136/3136 3130/3130/3130
f 4103/4103/4103 4167/4167/4167 4168/4168/4168
f 1886/1886/1886 2023/2023/2023 1891/1891/1891
f 1989/1989/1989 2023/2023/2023 1893/1893/1893
f 2134/2134/2134 2140/2140/2140 2024/2024/2024
f 2144/2144/2144 742/742/742 2085/2085/2085
f 2059/2059/2059 1893/1893/1893 1886/1886/1886
f 2139/2139/2139 1992/1992/1992 2136/2136/2136
f 1470/1470/1470 1485/1485/1485 2062/2062/2062
f 2096/2096/2096 2095/2095/2095 2026/2026/2026
f 2028/2028/2028 2027/2027/2027 1912/1912/1912
f 2109/2109/2109 2688/2688/2688 2652/2652/2652
f 1909/1909/1909 2028/2028/2028 1912/1912/1912
f 1907/1907/1907 1753/1753/1753 2655/2655/2655
f 2111/2111/2111 2069/2069/2069 2070/2070/2070
f 2186/2186/2186 2177/2177/2177 2065/2065/2065
f 2034/2034/2034 2036/2036/2036 2033/2033/2033
f 2034/2034/2034 2037/2037/2037 2036/2036/2036
f 2003/2003/2003 2031/2031/2031 2002/2002/2002
f 2004/2004/2004 2031/2031/2031 2006/2006/2006
f 3150/3150/3150 2893/2893/2893 3067/3067/3067
f 3575/3575/3575 3601/3601/3601 3506/3506/3506
f 2032/2032/2032 3562/3562/3562 3564/3564/3564
f 3619/3619/3619 3621/3621/3621 3594/3594/3594
f 2037/2037/2037 2030/2030/2030 1914/1914/1914
f 3620/3620/3620 3563/3563/3563 3621/3621/3621
f 1914/1914/1914 4045/4045/4045 4035/4035/4035
f 3564/3564/3564 3922/3922/3922 2032/2032/2032
f 2037/2037/2037 2034/2034/2034 2030/2030/2030
f 3922/3922/3922 2036/2036/2036 2035/2035/2035
f 4035/4035/4035 2037/2037/2037 1914/1914/1914
f 2036/2036/2036 2037/2037/2037 2035/2035/2035
f 1853/1853/1853 1932/1932/1932 2039/2039/2039
f 1924/1924/1924 2009/2009/2009 2038/2038/2038
f 2039/2039/2039 2015/2015/2015 2040/2040/2040
f 1924/1924/1924 2038/2038/2038 2039/2039/2039
f 1664/1664/1664 2040/2040/2040 2015/2015/2015
f 1761/1761/1761 2040/2040/2040 1762/1762/1762
f 2042/2042/2042 2041/2041/2041 1927/1927/1927
f 2044/2044/2044 2041/2041/2041 2011/2011/2011
f 1927/1927/1927 3634/3634/3634 3635/3635/3635
f 2071/2071/2071 2042/2042/2042 1926/1926/1926
f 3502/3502/3502 3494/3494/3494 3602/3602/3602
f 2125/2125/2125 2117/2117/2117 2046/2046/2046
f 2045/2045/2045 2011/2011/2011 2071/2071/2071
f 2044/2044/2044 2011/2011/2011 2045/2045/2045
f 2072/2072/2072 2043/2043/2043 3496/3496/3496
f 2075/2075/2075 1104/1104/1104 2074/2074/2074
f 2043/2043/2043 2072/2072/2072 2045/2045/2045
f 1318/1318/1318 2012/2012/2012 2128/2128/2128
f 2045/2045/2045 2077/2077/2077 2126/2126/2126
f 2127/2127/2127 2078/2078/2078 2129/2129/2129
f 2126/2126/2126 2048/2048/2048 2044/2044/2044
f 2129/2129/2129 2048/2048/2048 2047/2047/2047
f 2083/2083/2083 2080/2080/2080 2084/2084/2084
f 2018/2018/2018 2921/2921/2921 2955/2955/2955
f 2050/2050/2050 2051/2051/2051 1939/1939/1939
f 2921/2921/2921 2914/2914/2914 2955/2955/2955
f 1939/1939/1939 2051/2051/2051 1938/1938/1938
f 2051/2051/2051 2050/2050/2050 2954/2954/2954
f 1709/1709/1709 2052/2052/2052 1710/1710/1710
f 2019/2019/2019 1597/1597/1597 2052/2052/2052
f 1970/1970/1970 3895/3895/3895 3897/3897/3897
f 2054/2054/2054 2053/2053/2053 2021/2021/2021
f 2055/2055/2055 2054/2054/2054 2021/2021/2021
f 2054/2054/2054 2022/2022/2022 2056/2056/2056
f 2175/2175/2175 2091/2091/2091 2092/2092/2092
f 1965/1965/1965 4173/4173/4173 4179/4179/4179
f 2054/2054/2054 2056/2056/2056 1973/1973/1973
f 4169/4169/4169 2022/2022/2022 4168/4168/4168
f 2130/2130/2130 1990/1990/1990 2131/2131/2131
f 2143/2143/2143 2057/2057/2057 2024/2024/2024
f 1989/1989/1989 2058/2058/2058 1892/1892/1892
f 2059/2059/2059 2058/2058/2058 1893/1893/1893
f 1886/1886/1886 1890/1890/1890 2059/2059/2059
f 3841/3841/3841 3828/3828/3828 1890/1890/1890
f 2089/2089/2089 1470/1470/1470 2062/2062/2062
f 2095/2095/2095 2060/2060/2060 2026/2026/2026
f 1965/1965/1965 2055/2055/2055 2092/2092/2092
f 4222/4222/4222 2094/2094/2094 2088/2088/2088
f 1484/1484/1484 2062/2062/2062 1485/1485/1485
f 2061/2061/2061 2088/2088/2088 2089/2089/2089
f 3446/3446/3446 3445/3445/3445 3447/3447/3447
f 2063/2063/2063 2096/2096/2096 3445/3445/3445
f 3991/3991/3991 3993/3993/3993 3990/3990/3990
f 4067/4067/4067 4070/4070/4070 4066/4066/4066
f 2068/2068/2068 2102/2102/2102 2103/2103/2103
f 2107/2107/2107 2106/2106/2106 2186/2186/2186
f 2153/2153/2153 2070/2070/2070 2069/2069/2069
f 1917/1917/1917 1908/1908/1908 2069/2069/2069
f 1748/1748/1748 2102/2102/2102 2067/2067/2067
f 2067/2067/2067 2066/2066/2066 2069/2069/2069
f 2102/2102/2102 2068/2068/2068 2067/2067/2067
f 2103/2103/2103 1912/1912/1912 1911/1911/1911
f 2066/2066/2066 2153/2153/2153 2069/2069/2069
f 1917/1917/1917 2069/2069/2069 1916/1916/1916
f 2101/2101/2101 2153/2153/2153 2100/2100/2100
f 2099/2099/2099 2112/2112/2112 2115/2115/2115
f 3640/3640/3640 3498/3498/3498 1926/1926/1926
f 2045/2045/2045 2071/2071/2071 2043/2043/2043
f 1104/1104/1104 1646/1646/1646 2074/2074/2074
f 2072/2072/2072 2077/2077/2077 2045/2045/2045
f 587/587/587 2121/2121/2121 2123/2123/2123
f 2046/2046/2046 2127/2127/2127 2125/2125/2125
f 1576/1576/1576 2074/2074/2074 1646/1646/1646
f 2075/2075/2075 2074/2074/2074 2073/2073/2073
f 2075/2075/2075 2073/2073/2073 2076/2076/2076
f 1104/1104/1104 2075/2075/2075 2072/2072/2072
f 2076/2076/2076 2073/2073/2073 2117/2117/2117
f 2125/2125/2125 2126/2126/2126 2076/2076/2076
f 2075/2075/2075 2077/2077/2077 2072/2072/2072
f 2126/2126/2126 2077/2077/2077 2076/2076/2076
f 2179/2179/2179 2165/2165/2165 2166/2166/2166
f 1931/1931/1931 2016/2016/2016 2079/2079/2079
f 2038/2038/2038 2129/2129/2129 1853/1853/1853
f 2079/2079/2079 2078/2078/2078 2164/2164/2164
f 2083/2083/2083 2084/2084/2084 2081/2081/2081
f 2082/2082/2082 2080/2080/2080 2049/2049/2049
f 913/913/913 3676/3676/3676 1684/1684/1684
f 3679/3679/3679 3671/3671/3671 351/351/351
f 2914/2914/2914 2082/2082/2082 2049/2049/2049
f 1939/1939/1939 2082/2082/2082 2050/2050/2050
f 2084/2084/2084 2080/2080/2080 1515/1515/1515
f 2018/2018/2018 2911/2911/2911 2915/2915/2915
f 1686/1686/1686 2084/2084/2084 1515/1515/1515
f 2084/2084/2084 1590/1590/1590 3676/3676/3676
f 1991/1991/1991 2085/2085/2085 742/742/742
f 2130/2130/2130 2085/2085/2085 1990/1990/1990
f 2134/2134/2134 2024/2024/2024 2132/2132/2132
f 2130/2130/2130 2132/2132/2132 2057/2057/2057
f 2140/2140/2140 2142/2142/2142 2024/2024/2024
f 2145/2145/2145 2146/2146/2146 980/980/980
f 2089/2089/2089 2088/2088/2088 2026/2026/2026
f 2061/2061/2061 4221/4221/4221 4222/4222/4222
f 2060/2060/2060 2089/2089/2089 2026/2026/2026
f 2061/2061/2061 2089/2089/2089 2062/2062/2062
f 3310/3310/3310 4111/4111/4111 4115/4115/4115
f 3279/3279/3279 3276/3276/3276 3270/3270/3270
f 3908/3908/3908 2175/2175/2175 2021/2021/2021
f 3264/3264/3264 3275/3275/3275 3278/3278/3278
f 2021/2021/2021 2092/2092/2092 2055/2055/2055
f 3339/3339/3339 2091/2091/2091 3341/3341/3341
f 3342/3342/3342 3439/3439/3439 3448/3448/3448
f 2093/2093/2093 3448/3448/3448 3443/3443/3443
f 4222/4222/4222 2088/2088/2088 2061/2061/2061
f 3443/3443/3443 2094/2094/2094 2093/2093/2093
f 2096/2096/2096 2026/2026/2026 1993/1993/1993
f 3864/3864/3864 2097/2097/2097 2063/2063/2063
f 3445/3445/3445 2096/2096/2096 1993/1993/1993
f 2063/2063/2063 2095/2095/2095 2096/2096/2096
f 215/215/215 2098/2098/2098 2097/2097/2097
f 2097/2097/2097 2098/2098/2098 2151/2151/2151
f 215/215/215 3849/3849/3849 4147/4147/4147
f 2151/2151/2151 2098/2098/2098 1823/1823/1823
f 2004/2004/2004 2006/2006/2006 2112/2112/2112
f 2099/2099/2099 2064/2064/2064 4063/4063/4063
f 2065/2065/2065 2176/2176/2176 2100/2100/2100
f 2066/2066/2066 2068/2068/2068 2100/2100/2100
f 2154/2154/2154 2101/2101/2101 2176/2176/2176
f 2115/2115/2115 2113/2113/2113 2116/2116/2116
f 1909/1909/1909 2102/2102/2102 1748/1748/1748
f 2103/2103/2103 2102/2102/2102 1912/1912/1912
f 3924/3924/3924 2107/2107/2107 2108/2108/2108
f 2100/2100/2100 2105/2105/2105 2065/2065/2065
f 3924/3924/3924 2155/2155/2155 2640/2640/2640
f 2327/2327/2327 2233/2233/2233 2317/2317/2317
f 2068/2068/2068 2103/2103/2103 2105/2105/2105
f 2103/2103/2103 2107/2107/2107 2186/2186/2186
f 2107/2107/2107 2103/2103/2103 1911/1911/1911
f 2196/2196/2196 2197/2197/2197 2187/2187/2187
f 1911/1911/1911 2108/2108/2108 2107/2107/2107
f 3924/3924/3924 2104/2104/2104 2106/2106/2106
f 1911/1911/1911 2027/2027/2027 2110/2110/2110
f 2156/2156/2156 2178/2178/2178 2108/2108/2108
f 2474/2474/2474 2477/2477/2477 2472/2472/2472
f 2178/2178/2178 2156/2156/2156 1910/1910/1910
f 2688/2688/2688 2027/2027/2027 1997/1997/1997
f 2110/2110/2110 2109/2109/2109 2156/2156/2156
f 2000/2000/2000 2111/2111/2111 1915/1915/1915
f 2069/2069/2069 2111/2111/2111 1916/1916/1916
f 2153/2153/2153 2113/2113/2113 2070/2070/2070
f 2099/2099/2099 2004/2004/2004 2112/2112/2112
f 2114/2114/2114 2113/2113/2113 2101/2101/2101
f 2113/2113/2113 2114/2114/2114 2116/2116/2116
f 2154/2154/2154 2114/2114/2114 2101/2101/2101
f 4064/4064/4064 3990/3990/3990 3989/3989/3989
f 2099/2099/2099 2115/2115/2115 2064/2064/2064
f 2112/2112/2112 2113/2113/2113 2115/2115/2115
f 3991/3991/3991 2114/2114/2114 2029/2029/2029
f 2064/2064/2064 2115/2115/2115 2116/2116/2116
f 2073/2073/2073 2119/2119/2119 2117/2117/2117
f 2166/2166/2166 2117/2117/2117 2122/2122/2122
f 2119/2119/2119 2073/2073/2073 2120/2120/2120
f 2118/2118/2118 2157/2157/2157 2122/2122/2122
f 2073/2073/2073 2074/2074/2074 2120/2120/2120
f 2122/2122/2122 2119/2119/2119 2118/2118/2118
f 2123/2123/2123 1576/1576/1576 1645/1645/1645
f 2118/2118/2118 2119/2119/2119 2120/2120/2120
f 2124/2124/2124 587/587/587 1107/1107/1107
f 2118/2118/2118 2120/2120/2120 2121/2121/2121
f 2118/2118/2118 2124/2124/2124 2157/2157/2157
f 2179/2179/2179 2159/2159/2159 2160/2160/2160
f 587/587/587 2123/2123/2123 1645/1645/1645
f 2120/2120/2120 2123/2123/2123 2121/2121/2121
f 2124/2124/2124 1106/1106/1106 2157/2157/2157
f 587/587/587 2124/2124/2124 2121/2121/2121
f 2126/2126/2126 2125/2125/2125 2047/2047/2047
f 2117/2117/2117 2125/2125/2125 2076/2076/2076
f 2048/2048/2048 2126/2126/2126 2047/2047/2047
f 2045/2045/2045 2126/2126/2126 2044/2044/2044
f 2125/2125/2125 2127/2127/2127 2047/2047/2047
f 2165/2165/2165 2127/2127/2127 2046/2046/2046
f 2127/2127/2127 2165/2165/2165 2078/2078/2078
f 2160/2160/2160 1314/1314/1314 2161/2161/2161
f 2129/2129/2129 2047/2047/2047 2127/2127/2127
f 1853/1853/1853 2129/2129/2129 2079/2079/2079
f 2131/2131/2131 1990/1990/1990 1892/1892/1892
f 2132/2132/2132 2130/2130/2130 2086/2086/2086
f 2131/2131/2131 1892/1892/1892 2058/2058/2058
f 2086/2086/2086 2130/2130/2130 2131/2131/2131
f 2132/2132/2132 2086/2086/2086 2135/2135/2135
f 2057/2057/2057 2132/2132/2132 2024/2024/2024
f 2136/2136/2136 2135/2135/2135 2086/2086/2086
f 3827/3827/3827 3792/3792/3792 3799/3799/3799
f 2133/2133/2133 2137/2137/2137 2134/2134/2134
f 2171/2171/2171 2168/2168/2168 2173/2173/2173
f 2086/2086/2086 2139/2139/2139 2136/2136/2136
f 2134/2134/2134 2135/2135/2135 2133/2133/2133
f 3806/3806/3806 3803/3803/3803 3804/3804/3804
f 2133/2133/2133 2135/2135/2135 2136/2136/2136
f 2133/2133/2133 3806/3806/3806 3804/3804/3804
f 2137/2137/2137 238/238/238 2141/2141/2141
f 2140/2140/2140 2134/2134/2134 2141/2141/2141
f 3784/3784/3784 3683/3683/3683 2141/2141/2141
f 2131/2131/2131 2139/2139/2139 2086/2086/2086
f 1992/1992/1992 2139/2139/2139 2025/2025/2025
f 2134/2134/2134 2137/2137/2137 2141/2141/2141
f 2140/2140/2140 2138/2138/2138 2142/2142/2142
f 3801/3801/3801 3781/3781/3781 3782/3782/3782
f 2138/2138/2138 2140/2140/2140 2141/2141/2141
f 2167/2167/2167 2142/2142/2142 2138/2138/2138
f 2142/2142/2142 2173/2173/2173 2174/2174/2174
f 2142/2142/2142 2143/2143/2143 2024/2024/2024
f 2144/2144/2144 2143/2143/2143 2087/2087/2087
f 2143/2143/2143 2144/2144/2144 2057/2057/2057
f 2145/2145/2145 2144/2144/2144 2087/2087/2087
f 2146/2146/2146 2145/2145/2145 2087/2087/2087
f 2147/2147/2147 2145/2145/2145 976/976/976
f 2174/2174/2174 2087/2087/2087 2142/2142/2142
f 980/980/980 2146/2146/2146 289/289/289
f 976/976/976 978/978/978 2147/2147/2147
f 2147/2147/2147 978/978/978 2148/2148/2148
f 1021/1021/1021 2148/2148/2148 978/978/978
f 1020/1020/1020 742/742/742 2148/2148/2148
f 2147/2147/2147 2149/2149/2149 2145/2145/2145
f 742/742/742 2149/2149/2149 2148/2148/2148
f 3897/3897/3897 2053/2053/2053 1970/1970/1970
f 2091/2091/2091 3413/3413/3413 3342/3342/3342
f 1825/1825/1825 2151/2151/2151 1823/1823/1823
f 2095/2095/2095 2151/2151/2151 1826/1826/1826
f 2030/2030/2030 2152/2152/2152 1914/1914/1914
f 2004/2004/2004 2099/2099/2099 2152/2152/2152
f 2100/2100/2100 2153/2153/2153 2066/2066/2066
f 2113/2113/2113 2153/2153/2153 2101/2101/2101
f 2065/2065/2065 2105/2105/2105 2186/2186/2186
f 2154/2154/2154 2065/2065/2065 2177/2177/2177
f 2392/2392/2392 2395/2395/2395 2393/2393/2393
f 2461/2461/2461 2531/2531/2531 2459/2459/2459
f 2110/2110/2110 2156/2156/2156 2108/2108/2108
f 2477/2477/2477 2109/2109/2109 2652/2652/2652
f 1106/1106/1106 1113/1113/1113 2158/2158/2158
f 2159/2159/2159 2157/2157/2157 2158/2158/2158
f 1315/1315/1315 2158/2158/2158 1112/1112/1112
f 2159/2159/2159 2158/2158/2158 1314/1314/1314
f 2160/2160/2160 2159/2159/2159 1314/1314/1314
f 2122/2122/2122 2157/2157/2157 2159/2159/2159
f 1314/1314/1314 1496/1496/1496 2161/2161/2161
f 2164/2164/2164 2165/2165/2165 2128/2128/2128
f 1114/1114/1114 2162/2162/2162 2161/2161/2161
f 1900/1900/1900 3925/3925/3925 1497/1497/1497
f 1317/1317/1317 2162/2162/2162 1114/1114/1114
f 2162/2162/2162 1497/1497/1497 3925/3925/3925
f 2160/2160/2160 2161/2161/2161 2163/2163/2163
f 2163/2163/2163 2161/2161/2161 2162/2162/2162
f 2165/2165/2165 2164/2164/2164 2078/2078/2078
f 2012/2012/2012 2164/2164/2164 2128/2128/2128
f 2166/2166/2166 2165/2165/2165 2046/2046/2046
f 2160/2160/2160 2128/2128/2128 2165/2165/2165
f 2117/2117/2117 2166/2166/2166 2046/2046/2046
f 2122/2122/2122 2159/2159/2159 2179/2179/2179
f 3684/3684/3684 2167/2167/2167 2138/2138/2138
f 1518/1518/1518 2171/2171/2171 2167/2167/2167
f 2171/2171/2171 2172/2172/2172 2185/2185/2185
f 1519/1519/1519 1520/1520/1520 2170/2170/2170
f 982/982/982 289/289/289 2169/2169/2169
f 289/289/289 2174/2174/2174 2173/2173/2173
f 2180/2180/2180 2170/2170/2170 2192/2192/2192
f 2181/2181/2181 981/981/981 2169/2169/2169
f 2172/2172/2172 2171/2171/2171 1518/1518/1518
f 2173/2173/2173 2168/2168/2168 2169/2169/2169
f 2172/2172/2172 1518/1518/1518 3686/3686/3686
f 1519/1519/1519 2170/2170/2170 2185/2185/2185
f 289/289/289 2173/2173/2173 2169/2169/2169
f 2142/2142/2142 2167/2167/2167 2173/2173/2173
f 289/289/289 2146/2146/2146 2174/2174/2174
f 2087/2087/2087 2174/2174/2174 2146/2146/2146
f 2021/2021/2021 2175/2175/2175 2092/2092/2092
f 3402/3402/3402 2175/2175/2175 2150/2150/2150
f 2100/2100/2100 2176/2176/2176 2101/2101/2101
f 2065/2065/2065 2154/2154/2154 2176/2176/2176
f 2104/2104/2104 2187/2187/2187 2106/2106/2106
f 2177/2177/2177 2106/2106/2106 2187/2187/2187
f 2533/2533/2533 2178/2178/2178 1910/1910/1910
f 3924/3924/3924 2178/2178/2178 2155/2155/2155
f 2165/2165/2165 2179/2179/2179 2160/2160/2160
f 2122/2122/2122 2179/2179/2179 2166/2166/2166
f 1410/1410/1410 2180/2180/2180 1409/1409/1409
f 2184/2184/2184 1231/1231/1231 1420/1420/1420
f 2183/2183/2183 2170/2170/2170 2180/2180/2180
f 984/984/984 2182/2182/2182 488/488/488
f 981/981/981 2182/2182/2182 984/984/984
f 2181/2181/2181 2170/2170/2170 2183/2183/2183
f 2184/2184/2184 2180/2180/2180 1231/1231/1231
f 488/488/488 2182/2182/2182 2183/2183/2183
f 1420/1420/1420 723/723/723 2184/2184/2184
f 2184/2184/2184 723/723/723 986/986/986
f 2171/2171/2171 2185/2185/2185 2168/2168/2168
f 1519/1519/1519 2185/2185/2185 2172/2172/2172
f 2103/2103/2103 2186/2186/2186 2105/2105/2105
f 2106/2106/2106 2177/2177/2177 2186/2186/2186
f 2187/2187/2187 2104/2104/2104 2191/2191/2191
f 2154/2154/2154 2177/2177/2177 2197/2197/2197
f 2561/2561/2561 2562/2562/2562 2520/2520/2520
f 2720/2720/2720 2763/2763/2763 2188/2188/2188
f 2463/2463/2463 2396/2396/2396 2568/2568/2568
f 2806/2806/2806 2792/2792/2792 2795/2795/2795
f 2463/2463/2463 2568/2568/2568 2569/2569/2569
f 2198/2198/2198 2029/2029/2029 2154/2154/2154
f 2104/2104/2104 2640/2640/2640 2570/2570/2570
f 2196/2196/2196 2195/2195/2195 2197/2197/2197
f 1520/1520/1520 2192/2192/2192 2170/2170/2170
f 1409/1409/1409 2180/2180/2180 2192/2192/2192
f 1408/1408/1408 2193/2193/2193 1410/1410/1410
f 1231/1231/1231 2180/2180/2180 2193/2193/2193
f 2185/2185/2185 2194/2194/2194 2168/2168/2168
f 2170/2170/2170 2181/2181/2181 2194/2194/2194
f 2643/2643/2643 2190/2190/2190 2641/2641/2641
f 2196/2196/2196 2643/2643/2643 2195/2195/2195
f 2191/2191/2191 2190/2190/2190 2196/2196/2196
f 2643/2643/2643 2641/2641/2641 2642/2642/2642
f 2197/2197/2197 2195/2195/2195 2198/2198/2198
f 2187/2187/2187 2197/2197/2197 2177/2177/2177
f 2197/2197/2197 2198/2198/2198 2154/2154/2154
f 3964/3964/3964 2195/2195/2195 2643/2643/2643
f 2199/2199/2199 373/373/373 505/505/505
f 1017/1017/1017 2199/2199/2199 509/509/509
f 2201/2201/2201 2200/2200/2200 2202/2202/2202
f 2201/2201/2201 345/345/345 1934/1934/1934
f 1858/1858/1858 2201/2201/2201 1934/1934/1934
f 2200/2200/2200 2204/2204/2204 2202/2202/2202
f 880/880/880 2202/2202/2202 452/452/452
f 345/345/345 2201/2201/2201 2202/2202/2202
f 874/874/874 2203/2203/2203 451/451/451
f 2204/2204/2204 2203/2203/2203 643/643/643
f 645/645/645 2204/2204/2204 643/643/643
f 2202/2202/2202 2204/2204/2204 452/452/452
f 2206/2206/2206 2205/2205/2205 1858/1858/1858
f 2203/2203/2203 2205/2205/2205 451/451/451
f 2207/2207/2207 2206/2206/2206 1858/1858/1858
f 877/877/877 2206/2206/2206 876/876/876
f 1935/1935/1935 2207/2207/2207 1858/1858/1858
f 1857/1857/1857 2208/2208/2208 2207/2207/2207
f 2220/2220/2220 2213/2213/2213 2208/2208/2208
f 2212/2212/2212 2208/2208/2208 2213/2213/2213
f 878/878/878 2209/2209/2209 879/879/879
f 876/876/876 2206/2206/2206 2210/2210/2210
f 2208/2208/2208 2210/2210/2210 2207/2207/2207
f 876/876/876 2210/2210/2210 2209/2209/2209
f 1857/1857/1857 1933/1933/1933 2215/2215/2215
f 2226/2226/2226 2214/2214/2214 2225/2225/2225
f 2212/2212/2212 270/270/270 3933/3933/3933
f 2209/2209/2209 2212/2212/2212 879/879/879
f 2220/2220/2220 2208/2208/2208 1857/1857/1857
f 2213/2213/2213 2211/2211/2211 2250/2250/2250
f 2214/2214/2214 2215/2215/2215 2216/2216/2216
f 2222/2222/2222 2226/2226/2226 2225/2225/2225
f 2216/2216/2216 1933/1933/1933 1682/1682/1682
f 2217/2217/2217 2215/2215/2215 2214/2214/2214
f 2223/2223/2223 2224/2224/2224 2221/2221/2221
f 2240/2240/2240 2224/2224/2224 1682/1682/1682
f 2228/2228/2228 2227/2227/2227 2230/2230/2230
f 2220/2220/2220 2217/2217/2217 2211/2211/2211
f 2224/2224/2224 2242/2242/2242 2243/2243/2243
f 2254/2254/2254 2360/2360/2360 2412/2412/2412
f 2219/2219/2219 2228/2228/2228 2230/2230/2230
f 270/270/270 2213/2213/2213 2239/2239/2239
f 2213/2213/2213 2220/2220/2220 2211/2211/2211
f 2215/2215/2215 2220/2220/2220 1857/1857/1857
f 2224/2224/2224 2216/2216/2216 1682/1682/1682
f 2227/2227/2227 2232/2232/2232 2231/2231/2231
f 2230/2230/2230 2236/2236/2236 2219/2219/2219
f 2250/2250/2250 2239/2239/2239 2213/2213/2213
f 2224/2224/2224 2223/2223/2223 2216/2216/2216
f 2223/2223/2223 2221/2221/2221 2229/2229/2229
f 2242/2242/2242 2240/2240/2240 2252/2252/2252
f 2240/2240/2240 2242/2242/2242 2224/2224/2224
f 2214/2214/2214 2223/2223/2223 2229/2229/2229
f 2219/2219/2219 2222/2222/2222 2225/2225/2225
f 2226/2226/2226 2222/2222/2222 2250/2250/2250
f 2214/2214/2214 2226/2226/2226 2217/2217/2217
f 2227/2227/2227 2228/2228/2228 2229/2229/2229
f 2218/2218/2218 2305/2305/2305 2244/2244/2244
f 2214/2214/2214 2229/2229/2229 2225/2225/2225
f 2230/2230/2230 2227/2227/2227 2231/2231/2231
f 2229/2229/2229 2221/2221/2221 2244/2244/2244
f 2225/2225/2225 2229/2229/2229 2228/2228/2228
f 2272/2272/2272 2235/2235/2235 2236/2236/2236
f 2237/2237/2237 2272/2272/2272 2236/2236/2236
f 2227/2227/2227 2244/2244/2244 2232/2232/2232
f 2238/2238/2238 2231/2231/2231 227/227/227
f 2232/2232/2232 2244/2244/2244 2305/2305/2305
f 2496/2496/2496 2498/2498/2498 2500/2500/2500
f 2358/2358/2358 2335/2335/2335 2292/2292/2292
f 2191/2191/2191 2570/2570/2570 2190/2190/2190
f 2260/2260/2260 2263/2263/2263 2251/2251/2251
f 3944/3944/3944 3945/3945/3945 3946/3946/3946
f 2238/2238/2238 2236/2236/2236 2230/2230/2230
f 2239/2239/2239 2250/2250/2250 2255/2255/2255
f 2230/2230/2230 2231/2231/2231 2238/2238/2238
f 2235/2235/2235 2269/2269/2269 2247/2247/2247
f 2297/2297/2297 2336/2336/2336 2274/2274/2274
f 2234/2234/2234 2267/2267/2267 2248/2248/2248
f 2296/2296/2296 2238/2238/2238 227/227/227
f 2236/2236/2236 2238/2238/2238 2237/2237/2237
f 2219/2219/2219 2247/2247/2247 2222/2222/2222
f 2259/2259/2259 2257/2257/2257 2256/2256/2256
f 1856/1856/1856 2240/2240/2240 1682/1682/1682
f 2252/2252/2252 2241/2241/2241 2242/2242/2242
f 2366/2366/2366 2364/2364/2364 271/271/271
f 2341/2341/2341 2347/2347/2347 2275/2275/2275
f 2252/2252/2252 2240/2240/2240 1764/1764/1764
f 2243/2243/2243 2242/2242/2242 2241/2241/2241
f 2365/2365/2365 2308/2308/2308 2363/2363/2363
f 2350/2350/2350 2253/2253/2253 2243/2243/2243
f 2229/2229/2229 2244/2244/2244 2227/2227/2227
f 2244/2244/2244 2221/2221/2221 2253/2253/2253
f 3701/3701/3701 3704/3704/3704 3692/3692/3692
f 2751/2751/2751 2715/2715/2715 2761/2761/2761
f 2269/2269/2269 2235/2235/2235 2267/2267/2267
f 2260/2260/2260 2264/2264/2264 2263/2263/2263
f 2235/2235/2235 2247/2247/2247 2236/2236/2236
f 2247/2247/2247 2246/2246/2246 2255/2255/2255
f 2295/2295/2295 2296/2296/2296 2280/2280/2280
f 2234/2234/2234 2248/2248/2248 2279/2279/2279
f 2347/2347/2347 2341/2341/2341 2283/2283/2283
f 2530/2530/2530 2630/2630/2630 2629/2629/2629
f 2226/2226/2226 2250/2250/2250 2211/2211/2211
f 2255/2255/2255 2250/2250/2250 2222/2222/2222
f 2257/2257/2257 2259/2259/2259 2276/2276/2276
f 2239/2239/2239 2255/2255/2255 2257/2257/2257
f 1854/1854/1854 2252/2252/2252 1764/1764/1764
f 2252/2252/2252 271/271/271 2364/2364/2364
f 2244/2244/2244 2253/2253/2253 2218/2218/2218
f 2224/2224/2224 2253/2253/2253 2221/2221/2221
f 2351/2351/2351 2243/2243/2243 2241/2241/2241
f 2494/2494/2494 2254/2254/2254 2451/2451/2451
f 2247/2247/2247 2255/2255/2255 2222/2222/2222
f 2270/2270/2270 2268/2268/2268 2271/2271/2271
f 2269/2269/2269 2246/2246/2246 2247/2247/2247
f 2264/2264/2264 2262/2262/2262 2263/2263/2263
f 2246/2246/2246 2257/2257/2257 2255/2255/2255
f 2258/2258/2258 2259/2259/2259 2260/2260/2260
f 3941/3941/3941 3939/3939/3939 3943/3943/3943
f 2239/2239/2239 2276/2276/2276 270/270/270
f 2260/2260/2260 2259/2259/2259 2256/2256/2256
f 2259/2259/2259 2258/2258/2258 2276/2276/2276
f 2262/2262/2262 2264/2264/2264 2277/2277/2277
f 2260/2260/2260 2251/2251/2251 3942/3942/3942
f 2285/2285/2285 2309/2309/2309 2261/2261/2261
f 2359/2359/2359 2291/2291/2291 2398/2398/2398
f 2285/2285/2285 2262/2262/2262 2277/2277/2277
f 2263/2263/2263 2262/2262/2262 2266/2266/2266
f 2264/2264/2264 2260/2260/2260 2256/2256/2256
f 2262/2262/2262 2601/2601/2601 2266/2266/2266
f 2257/2257/2257 2270/2270/2270 2256/2256/2256
f 2309/2309/2309 2285/2285/2285 2277/2277/2277
f 3457/3457/3457 3456/3456/3456 3458/3458/3458
f 2266/2266/2266 3945/3945/3945 2263/2263/2263
f 2601/2601/2601 2262/2262/2262 2285/2285/2285
f 2266/2266/2266 2265/2265/2265 3945/3945/3945
f 2290/2290/2290 2269/2269/2269 2234/2234/2234
f 2272/2272/2272 2267/2267/2267 2235/2235/2235
f 2289/2289/2289 2277/2277/2277 2264/2264/2264
f 2271/2271/2271 2256/2256/2256 2270/2270/2270
f 2234/2234/2234 2269/2269/2269 2267/2267/2267
f 2269/2269/2269 2268/2268/2268 2270/2270/2270
f 2257/2257/2257 2246/2246/2246 2270/2270/2270
f 2269/2269/2269 2270/2270/2270 2246/2246/2246
f 2271/2271/2271 2268/2268/2268 2278/2278/2278
f 2256/2256/2256 2271/2271/2271 2264/2264/2264
f 2295/2295/2295 2272/2272/2272 2237/2237/2237
f 2267/2267/2267 2272/2272/2272 2248/2248/2248
f 2295/2295/2295 2248/2248/2248 2272/2272/2272
f 2304/2304/2304 2281/2281/2281 2297/2297/2297
f 2318/2318/2318 2298/2298/2298 2319/2319/2319
f 2279/2279/2279 2248/2248/2248 2282/2282/2282
f 2349/2349/2349 2350/2350/2350 2308/2308/2308
f 2346/2346/2346 2306/2306/2306 2341/2341/2341
f 2276/2276/2276 2239/2239/2239 2257/2257/2257
f 3933/3933/3933 3932/3932/3932 2212/2212/2212
f 2271/2271/2271 2278/2278/2278 2289/2289/2289
f 2291/2291/2291 2309/2309/2309 2289/2289/2289
f 2268/2268/2268 2290/2290/2290 2278/2278/2278
f 2278/2278/2278 2310/2310/2310 2291/2291/2291
f 2282/2282/2282 2280/2280/2280 2281/2281/2281
f 2234/2234/2234 2293/2293/2293 2292/2292/2292
f 2237/2237/2237 2238/2238/2238 2296/2296/2296
f 2279/2279/2279 2281/2281/2281 2273/2273/2273
f 2297/2297/2297 2280/2280/2280 2336/2336/2336
f 2297/2297/2297 2281/2281/2281 2280/2280/2280
f 2282/2282/2282 2248/2248/2248 2295/2295/2295
f 2281/2281/2281 2279/2279/2279 2282/2282/2282
f 2347/2347/2347 2348/2348/2348 2307/2307/2307
f 2338/2338/2338 2296/2296/2296 227/227/227
f 2404/2404/2404 1532/1532/1532 2376/2376/2376
f 2360/2360/2360 2344/2344/2344 2412/2412/2412
f 2285/2285/2285 2261/2261/2261 2288/2288/2288
f 2600/2600/2600 2597/2597/2597 2663/2663/2663
f 2428/2428/2428 2430/2430/2430 2400/2400/2400
f 2481/2481/2481 226/226/226 2483/2483/2483
f 2359/2359/2359 2425/2425/2425 2261/2261/2261
f 2596/2596/2596 2597/2597/2597 2598/2598/2598
f 2288/2288/2288 2261/2261/2261 2425/2425/2425
f 2288/2288/2288 2287/2287/2287 2600/2600/2600
f 2271/2271/2271 2289/2289/2289 2264/2264/2264
f 2291/2291/2291 2289/2289/2289 2278/2278/2278
f 2269/2269/2269 2290/2290/2290 2268/2268/2268
f 2290/2290/2290 2234/2234/2234 2292/2292/2292
f 2290/2290/2290 2292/2292/2292 2310/2310/2310
f 2310/2310/2310 2292/2292/2292 2398/2398/2398
f 2293/2293/2293 2234/2234/2234 2279/2279/2279
f 2294/2294/2294 2358/2358/2358 2311/2311/2311
f 2273/2273/2273 2311/2311/2311 2279/2279/2279
f 2312/2312/2312 2294/2294/2294 2311/2311/2311
f 2387/2387/2387 2399/2399/2399 2416/2416/2416
f 2311/2311/2311 2358/2358/2358 2293/2293/2293
f 2296/2296/2296 2295/2295/2295 2237/2237/2237
f 2282/2282/2282 2295/2295/2295 2280/2280/2280
f 2338/2338/2338 227/227/227 2339/2339/2339
f 2280/2280/2280 2296/2296/2296 2336/2336/2336
f 2297/2297/2297 2274/2274/2274 2300/2300/2300
f 2302/2302/2302 2304/2304/2304 2300/2300/2300
f 2320/2320/2320 2323/2323/2323 2386/2386/2386
f 2394/2394/2394 2391/2391/2391 2422/2422/2422
f 2300/2300/2300 2274/2274/2274 2303/2303/2303
f 2313/2313/2313 2302/2302/2302 2315/2315/2315
f 2337/2337/2337 2505/2505/2505 2500/2500/2500
f 2299/2299/2299 2302/2302/2302 2300/2300/2300
f 2320/2320/2320 2386/2386/2386 2356/2356/2356
f 2303/2303/2303 2322/2322/2322 2300/2300/2300
f 2315/2315/2315 2316/2316/2316 2314/2314/2314
f 2233/2233/2233 2417/2417/2417 2312/2312/2312
f 2498/2498/2498 2496/2496/2496 2497/2497/2497
f 2301/2301/2301 2320/2320/2320 2322/2322/2322
f 2300/2300/2300 2304/2304/2304 2297/2297/2297
f 2273/2273/2273 2304/2304/2304 2302/2302/2302
f 2348/2348/2348 2305/2305/2305 2218/2218/2218
f 2340/2340/2340 2305/2305/2305 2283/2283/2283
f 2340/2340/2340 2283/2283/2283 2341/2341/2341
f 2275/2275/2275 2343/2343/2343 2341/2341/2341
f 2283/2283/2283 2305/2305/2305 2348/2348/2348
f 2379/2379/2379 2381/2381/2381 2413/2413/2413
f 2352/2352/2352 2363/2363/2363 2364/2364/2364
f 2284/2284/2284 2405/2405/2405 2349/2349/2349
f 2289/2289/2289 2309/2309/2309 2277/2277/2277
f 2359/2359/2359 2309/2309/2309 2291/2291/2291
f 2290/2290/2290 2310/2310/2310 2278/2278/2278
f 2398/2398/2398 2292/2292/2292 2335/2335/2335
f 2279/2279/2279 2311/2311/2311 2293/2293/2293
f 2311/2311/2311 2273/2273/2273 2312/2312/2312
f 2302/2302/2302 2313/2313/2313 2273/2273/2273
f 2313/2313/2313 2312/2312/2312 2273/2273/2273
f 2315/2315/2315 2302/2302/2302 2316/2316/2316
f 2315/2315/2315 2317/2317/2317 2313/2313/2313
f 2326/2326/2326 2314/2314/2314 2319/2319/2319
f 2312/2312/2312 2313/2313/2313 2317/2317/2317
f 2316/2316/2316 2302/2302/2302 2299/2299/2299
f 2315/2315/2315 2314/2314/2314 2317/2317/2317
f 2318/2318/2318 2316/2316/2316 2299/2299/2299
f 2319/2319/2319 2316/2316/2316 2318/2318/2318
f 2327/2327/2327 2328/2328/2328 2329/2329/2329
f 2312/2312/2312 2317/2317/2317 2233/2233/2233
f 2320/2320/2320 2299/2299/2299 2322/2322/2322
f 2318/2318/2318 2299/2299/2299 2320/2320/2320
f 2563/2563/2563 2326/2326/2326 2298/2298/2298
f 2314/2314/2314 2316/2316/2316 2319/2319/2319
f 2353/2353/2353 2323/2323/2323 2301/2301/2301
f 2301/2301/2301 2323/2323/2323 2320/2320/2320
f 2530/2530/2530 2524/2524/2524 2325/2325/2325
f 2569/2569/2569 2640/2640/2640 2639/2639/2639
f 2300/2300/2300 2322/2322/2322 2299/2299/2299
f 2301/2301/2301 2322/2322/2322 2303/2303/2303
f 2323/2323/2323 2353/2353/2353 2415/2415/2415
f 2298/2298/2298 2318/2318/2318 2356/2356/2356
f 2326/2326/2326 2328/2328/2328 2333/2333/2333
f 2395/2395/2395 2357/2357/2357 2389/2389/2389
f 2565/2565/2565 2529/2529/2529 2630/2630/2630
f 2327/2327/2327 2329/2329/2329 2324/2324/2324
f 2298/2298/2298 2326/2326/2326 2319/2319/2319
f 2326/2326/2326 2325/2325/2325 2328/2328/2328
f 2314/2314/2314 2333/2333/2333 2317/2317/2317
f 2387/2387/2387 2418/2418/2418 2399/2399/2399
f 2328/2328/2328 2325/2325/2325 2329/2329/2329
f 2333/2333/2333 2327/2327/2327 2317/2317/2317
f 2330/2330/2330 2525/2525/2525 2523/2523/2523
f 2324/2324/2324 2329/2329/2329 2332/2332/2332
f 2527/2527/2527 2528/2528/2528 2625/2625/2625
f 2528/2528/2528 2519/2519/2519 2525/2525/2525
f 2329/2329/2329 2325/2325/2325 2524/2524/2524
f 2521/2521/2521 2522/2522/2522 2519/2519/2519
f 2332/2332/2332 2329/2329/2329 2524/2524/2524
f 2391/2391/2391 2390/2390/2390 2393/2393/2393
f 2326/2326/2326 2333/2333/2333 2314/2314/2314
f 2327/2327/2327 2333/2333/2333 2328/2328/2328
f 2233/2233/2233 2327/2327/2327 2388/2388/2388
f 2400/2400/2400 2430/2430/2430 2433/2433/2433
f 2388/2388/2388 2387/2387/2387 2417/2417/2417
f 2359/2359/2359 2261/2261/2261 2309/2309/2309
f 2337/2337/2337 2296/2296/2296 2338/2338/2338
f 2336/2336/2336 2296/2296/2296 2337/2337/2337
f 2306/2306/2306 2340/2340/2340 2341/2341/2341
f 2511/2511/2511 2512/2512/2512 2505/2505/2505
f 227/227/227 2231/2231/2231 2339/2339/2339
f 2338/2338/2338 2306/2306/2306 2362/2362/2362
f 2232/2232/2232 2305/2305/2305 2340/2340/2340
f 2306/2306/2306 2338/2338/2338 2339/2339/2339
f 2306/2306/2306 2339/2339/2339 2340/2340/2340
f 2232/2232/2232 2340/2340/2340 2339/2339/2339
f 2360/2360/2360 2343/2343/2343 2344/2344/2344
f 2341/2341/2341 2343/2343/2343 2346/2346/2346
f 2507/2507/2507 2502/2502/2502 2623/2623/2623
f 2362/2362/2362 2337/2337/2337 2338/2338/2338
f 2275/2275/2275 2401/2401/2401 2343/2343/2343
f 2346/2346/2346 2343/2343/2343 2509/2509/2509
f 2361/2361/2361 2275/2275/2275 2347/2347/2347
f 2401/2401/2401 2361/2361/2361 2413/2413/2413
f 2342/2342/2342 2492/2492/2492 2503/2503/2503
f 2496/2496/2496 2499/2499/2499 2497/2497/2497
f 2509/2509/2509 2343/2343/2343 2342/2342/2342
f 2346/2346/2346 2345/2345/2345 2362/2362/2362
f 2348/2348/2348 2347/2347/2347 2283/2283/2283
f 2361/2361/2361 2347/2347/2347 2307/2307/2307
f 2218/2218/2218 2253/2253/2253 2350/2350/2350
f 2349/2349/2349 2348/2348/2348 2350/2350/2350
f 2284/2284/2284 2349/2349/2349 2308/2308/2308
f 2307/2307/2307 2348/2348/2348 2349/2349/2349
f 2218/2218/2218 2350/2350/2350 2348/2348/2348
f 2350/2350/2350 2243/2243/2243 2351/2351/2351
f 2363/2363/2363 2351/2351/2351 2241/2241/2241
f 2350/2350/2350 2351/2351/2351 2308/2308/2308
f 1586/1586/1586 2367/2367/2367 2366/2366/2366
f 2365/2365/2365 2284/2284/2284 2308/2308/2308
f 2498/2498/2498 2497/2497/2497 2301/2301/2301
f 2415/2415/2415 2353/2353/2353 2249/2249/2249
f 2607/2607/2607 2605/2605/2605 2604/2604/2604
f 2385/2385/2385 2551/2551/2551 2553/2553/2553
f 2385/2385/2385 3386/3386/3386 3400/3400/3400
f 3334/3334/3334 3387/3387/3387 3337/3337/3337
f 2320/2320/2320 2356/2356/2356 2318/2318/2318
f 2356/2356/2356 2355/2355/2355 3393/3393/3393
f 2388/2388/2388 2327/2327/2327 2389/2389/2389
f 2357/2357/2357 2388/2388/2388 2389/2389/2389
f 2358/2358/2358 2292/2292/2292 2293/2293/2293
f 2416/2416/2416 2358/2358/2358 2294/2294/2294
f 2399/2399/2399 2359/2359/2359 2398/2398/2398
f 2400/2400/2400 2287/2287/2287 2288/2288/2288
f 2494/2494/2494 2492/2492/2492 2360/2360/2360
f 2343/2343/2343 2360/2360/2360 2342/2342/2342
f 2405/2405/2405 2307/2307/2307 2349/2349/2349
f 2377/2377/2377 2284/2284/2284 2370/2370/2370
f 2346/2346/2346 2362/2362/2362 2306/2306/2306
f 2505/2505/2505 2362/2362/2362 2345/2345/2345
f 2364/2364/2364 2363/2363/2363 2241/2241/2241
f 2363/2363/2363 2352/2352/2352 2365/2365/2365
f 2252/2252/2252 2364/2364/2364 2241/2241/2241
f 271/271/271 1586/1586/1586 2366/2366/2366
f 2366/2366/2366 2367/2367/2367 2352/2352/2352
f 2374/2374/2374 2367/2367/2367 1679/1679/1679
f 1586/1586/1586 1763/1763/1763 2367/2367/2367
f 2352/2352/2352 2364/2364/2364 2366/2366/2366
f 2369/2369/2369 2370/2370/2370 2373/2373/2373
f 2382/2382/2382 2374/2374/2374 2373/2373/2373
f 2514/2514/2514 2547/2547/2547 2411/2411/2411
f 2379/2379/2379 2405/2405/2405 2377/2377/2377
f 2407/2407/2407 2373/2373/2373 2371/2371/2371
f 2380/2380/2380 2439/2439/2439 2378/2378/2378
f 2365/2365/2365 2352/2352/2352 2382/2382/2382
f 2377/2377/2377 2370/2370/2370 2378/2378/2378
f 2402/2402/2402 2374/2374/2374 1679/1679/1679
f 2406/2406/2406 2407/2407/2407 2408/2408/2408
f 2372/2372/2372 2377/2377/2377 2378/2378/2378
f 2401/2401/2401 2413/2413/2413 2344/2344/2344
f 2382/2382/2382 2370/2370/2370 2365/2365/2365
f 2382/2382/2382 2367/2367/2367 2374/2374/2374
f 2374/2374/2374 2402/2402/2402 2375/2375/2375
f 2373/2373/2373 2374/2374/2374 2371/2371/2371
f 2376/2376/2376 4190/4190/4190 2404/2404/2404
f 2409/2409/2409 2408/2408/2408 2371/2371/2371
f 2384/2384/2384 1155/1155/1155 1419/1419/1419
f 3948/3948/3948 3949/3949/3949 3950/3950/3950
f 2378/2378/2378 2370/2370/2370 2369/2369/2369
f 2379/2379/2379 2377/2377/2377 2372/2372/2372
f 2380/2380/2380 2369/2369/2369 2406/2406/2406
f 2378/2378/2378 2369/2369/2369 2380/2380/2380
f 2379/2379/2379 2372/2372/2372 2381/2381/2381
f 2361/2361/2361 2307/2307/2307 2405/2405/2405
f 2441/2441/2441 2414/2414/2414 2435/2435/2435
f 2437/2437/2437 2381/2381/2381 2438/2438/2438
f 2439/2439/2439 2434/2434/2434 2372/2372/2372
f 2372/2372/2372 2434/2434/2434 2381/2381/2381
f 2367/2367/2367 2382/2382/2382 2352/2352/2352
f 2370/2370/2370 2382/2382/2382 2373/2373/2373
f 3953/3953/3953 3951/3951/3951 3948/3948/3948
f 3959/3959/3959 3951/3951/3951 3958/3958/3958
f 3949/3949/3949 1419/1419/1419 1416/1416/1416
f 2384/2384/2384 2383/2383/2383 4189/4189/4189
f 2624/2624/2624 2510/2510/2510 2550/2550/2550
f 3386/3386/3386 3335/3335/3335 3337/3337/3337
f 3400/3400/3400 2386/2386/2386 2323/2323/2323
f 2356/2356/2356 2386/2386/2386 2355/2355/2355
f 2387/2387/2387 2416/2416/2416 2417/2417/2417
f 2418/2418/2418 2387/2387/2387 2357/2357/2357
f 2389/2389/2389 2327/2327/2327 2324/2324/2324
f 2387/2387/2387 2388/2388/2388 2357/2357/2357
f 2332/2332/2332 2391/2391/2391 2324/2324/2324
f 2393/2393/2393 2324/2324/2324 2391/2391/2391
f 2391/2391/2391 2394/2394/2394 2390/2390/2390
f 2392/2392/2392 2515/2515/2515 2419/2419/2419
f 2332/2332/2332 2331/2331/2331 2391/2391/2391
f 2422/2422/2422 2391/2391/2391 2331/2331/2331
f 2421/2421/2421 2334/2334/2334 2419/2419/2419
f 2357/2357/2357 2419/2419/2419 2418/2418/2418
f 2393/2393/2393 2390/2390/2390 2516/2516/2516
f 2324/2324/2324 2393/2393/2393 2389/2389/2389
f 2397/2397/2397 2531/2531/2531 2321/2321/2321
f 2466/2466/2466 2465/2465/2465 2470/2470/2470
f 2393/2393/2393 2395/2395/2395 2389/2389/2389
f 2419/2419/2419 2395/2395/2395 2392/2392/2392
f 2517/2517/2517 2396/2396/2396 2397/2397/2397
f 2533/2533/2533 2463/2463/2463 2639/2639/2639
f 2518/2518/2518 2458/2458/2458 2517/2517/2517
f 2397/2397/2397 2396/2396/2396 2459/2459/2459
f 2310/2310/2310 2398/2398/2398 2291/2291/2291
f 2399/2399/2399 2398/2398/2398 2335/2335/2335
f 2399/2399/2399 2335/2335/2335 2416/2416/2416
f 2426/2426/2426 2399/2399/2399 2334/2334/2334
f 2426/2426/2426 2400/2400/2400 2425/2425/2425
f 2431/2431/2431 226/226/226 2481/2481/2481
f 2343/2343/2343 2401/2401/2401 2344/2344/2344
f 2275/2275/2275 2361/2361/2361 2401/2401/2401
f 1763/1763/1763 2402/2402/2402 1679/1679/1679
f 2404/2404/2404 2402/2402/2402 1529/1529/1529
f 4188/4188/4188 4190/4190/4190 4189/4189/4189
f 4187/4187/4187 3952/3952/3952 4186/4186/4186
f 2402/2402/2402 2404/2404/2404 2375/2375/2375
f 1532/1532/1532 2404/2404/2404 1529/1529/1529
f 2377/2377/2377 2405/2405/2405 2284/2284/2284
f 2361/2361/2361 2405/2405/2405 2379/2379/2379
f 2369/2369/2369 2373/2373/2373 2407/2407/2407
f 2410/2410/2410 2406/2406/2406 2408/2408/2408
f 2408/2408/2408 2407/2407/2407 2371/2371/2371
f 2369/2369/2369 2407/2407/2407 2406/2406/2406
f 2409/2409/2409 2371/2371/2371 2375/2375/2375
f 2408/2408/2408 2403/2403/2403 2410/2410/2410
f 2375/2375/2375 2404/2404/2404 4190/4190/4190
f 2403/2403/2403 2408/2408/2408 2409/2409/2409
f 4186/4186/4186 3694/3694/3694 2403/2403/2403
f 2368/2368/2368 2406/2406/2406 2410/2410/2410
f 2440/2440/2440 2443/2443/2443 2441/2441/2441
f 2454/2454/2454 2245/2245/2245 2488/2488/2488
f 2413/2413/2413 2412/2412/2412 2344/2344/2344
f 2434/2434/2434 2438/2438/2438 2381/2381/2381
f 2379/2379/2379 2413/2413/2413 2361/2361/2361
f 2412/2412/2412 2413/2413/2413 2381/2381/2381
f 2368/2368/2368 2442/2442/2442 2444/2444/2444
f 2438/2438/2438 2447/2447/2447 2448/2448/2448
f 2249/2249/2249 2624/2624/2624 2551/2551/2551
f 3400/3400/3400 2415/2415/2415 2385/2385/2385
f 2358/2358/2358 2416/2416/2416 2335/2335/2335
f 2417/2417/2417 2416/2416/2416 2294/2294/2294
f 2312/2312/2312 2417/2417/2417 2294/2294/2294
f 2388/2388/2388 2417/2417/2417 2233/2233/2233
f 2357/2357/2357 2395/2395/2395 2419/2419/2419
f 2399/2399/2399 2418/2418/2418 2334/2334/2334
f 2421/2421/2421 2419/2419/2419 2515/2515/2515
f 2334/2334/2334 2418/2418/2418 2419/2419/2419
f 2516/2516/2516 2392/2392/2392 2393/2393/2393
f 2531/2531/2531 2461/2461/2461 2390/2390/2390
f 2429/2429/2429 2431/2431/2431 2427/2427/2427
f 2421/2421/2421 2420/2420/2420 2486/2486/2486
f 2422/2422/2422 2331/2331/2331 2522/2522/2522
f 2394/2394/2394 2422/2422/2422 2321/2321/2321
f 2518/2518/2518 2321/2321/2321 2521/2521/2521
f 2680/2680/2680 2189/2189/2189 2641/2641/2641
f 2462/2462/2462 2459/2459/2459 2396/2396/2396
f 2466/2466/2466 2470/2470/2470 2420/2420/2420
f 2426/2426/2426 2425/2425/2425 2359/2359/2359
f 2288/2288/2288 2425/2425/2425 2400/2400/2400
f 2399/2399/2399 2426/2426/2426 2359/2359/2359
f 2421/2421/2421 2429/2429/2429 2432/2432/2432
f 2427/2427/2427 2431/2431/2431 2481/2481/2481
f 2400/2400/2400 2426/2426/2426 2428/2428/2428
f 2426/2426/2426 2334/2334/2334 2432/2432/2432
f 2430/2430/2430 2428/2428/2428 2427/2427/2427
f 2427/2427/2427 2428/2428/2428 2429/2429/2429
f 2428/2428/2428 2426/2426/2426 2432/2432/2432
f 2485/2485/2485 2481/2481/2481 2484/2484/2484
f 2433/2433/2433 2430/2430/2430 2286/2286/2286
f 2486/2486/2486 2429/2429/2429 2421/2421/2421
f 2420/2420/2420 2470/2470/2470 2536/2536/2536
f 2421/2421/2421 2432/2432/2432 2334/2334/2334
f 2428/2428/2428 2432/2432/2432 2429/2429/2429
f 2286/2286/2286 2596/2596/2596 2598/2598/2598
f 2400/2400/2400 2433/2433/2433 2287/2287/2287
f 2378/2378/2378 2439/2439/2439 2372/2372/2372
f 2447/2447/2447 2438/2438/2438 2414/2414/2414
f 2368/2368/2368 3694/3694/3694 3695/3695/3695
f 2414/2414/2414 2434/2434/2434 2435/2435/2435
f 2445/2445/2445 2447/2447/2447 2414/2414/2414
f 2446/2446/2446 2452/2452/2452 2448/2448/2448
f 2381/2381/2381 2437/2437/2437 2412/2412/2412
f 2451/2451/2451 2436/2436/2436 2450/2450/2450
f 2414/2414/2414 2438/2438/2438 2434/2434/2434
f 2436/2436/2436 2437/2437/2437 2438/2438/2438
f 2444/2444/2444 2439/2439/2439 2380/2380/2380
f 2439/2439/2439 2435/2435/2435 2434/2434/2434
f 3680/3680/3680 3686/3686/3686 3690/3690/3690
f 3709/3709/3709 2664/2664/2664 2411/2411/2411
f 2435/2435/2435 2439/2439/2439 2444/2444/2444
f 2487/2487/2487 2547/2547/2547 2440/2440/2440
f 2440/2440/2440 2441/2441/2441 2442/2442/2442
f 2441/2441/2441 2435/2435/2435 2444/2444/2444
f 2456/2456/2456 2514/2514/2514 2411/2411/2411
f 2414/2414/2414 2441/2441/2441 2445/2445/2445
f 2368/2368/2368 2444/2444/2444 2380/2380/2380
f 2441/2441/2441 2444/2444/2444 2442/2442/2442
f 2441/2441/2441 2443/2443/2443 2445/2445/2445
f 2447/2447/2447 2445/2445/2445 2514/2514/2514
f 2446/2446/2446 2455/2455/2455 2452/2452/2452
f 2448/2448/2448 2452/2452/2452 2450/2450/2450
f 2514/2514/2514 2445/2445/2445 2443/2443/2443
f 2448/2448/2448 2447/2447/2447 2446/2446/2446
f 2450/2450/2450 2452/2452/2452 2449/2449/2449
f 2438/2438/2438 2448/2448/2448 2436/2436/2436
f 2454/2454/2454 2488/2488/2488 2449/2449/2449
f 2436/2436/2436 2448/2448/2448 2450/2450/2450
f 2254/2254/2254 2437/2437/2437 2451/2451/2451
f 2451/2451/2451 2437/2437/2437 2436/2436/2436
f 2506/2506/2506 2501/2501/2501 2502/2502/2502
f 2488/2488/2488 2501/2501/2501 2449/2449/2449
f 2695/2695/2695 2455/2455/2455 2456/2456/2456
f 2449/2449/2449 2452/2452/2452 2454/2454/2454
f 2692/2692/2692 2693/2693/2693 2694/2694/2694
f 2245/2245/2245 2454/2454/2454 2555/2555/2555
f 2455/2455/2455 2454/2454/2454 2452/2452/2452
f 2454/2454/2454 2556/2556/2556 2555/2555/2555
f 2456/2456/2456 2455/2455/2455 2446/2446/2446
f 2454/2454/2454 2455/2455/2455 2453/2453/2453
f 2446/2446/2446 2447/2447/2447 2514/2514/2514
f 2697/2697/2697 2695/2695/2695 2411/2411/2411
f 2516/2516/2516 2461/2461/2461 2464/2464/2464
f 2464/2464/2464 2465/2465/2465 2466/2466/2466
f 2397/2397/2397 2518/2518/2518 2517/2517/2517
f 3961/3961/3961 2558/2558/2558 2644/2644/2644
f 2460/2460/2460 2462/2462/2462 2463/2463/2463
f 2461/2461/2461 2459/2459/2459 2424/2424/2424
f 2469/2469/2469 2465/2465/2465 2424/2424/2424
f 2462/2462/2462 2535/2535/2535 2459/2459/2459
f 2464/2464/2464 2461/2461/2461 2424/2424/2424
f 2531/2531/2531 2390/2390/2390 2394/2394/2394
f 2463/2463/2463 2462/2462/2462 2396/2396/2396
f 2462/2462/2462 2460/2460/2460 2535/2535/2535
f 2517/2517/2517 2532/2532/2532 2568/2568/2568
f 2178/2178/2178 2533/2533/2533 2155/2155/2155
f 2464/2464/2464 2424/2424/2424 2465/2465/2465
f 2464/2464/2464 2457/2457/2457 2516/2516/2516
f 2467/2467/2467 2469/2469/2469 2535/2535/2535
f 2534/2534/2534 2460/2460/2460 2533/2533/2533
f 2515/2515/2515 2420/2420/2420 2421/2421/2421
f 2464/2464/2464 2466/2466/2466 2457/2457/2457
f 2156/2156/2156 2474/2474/2474 1910/1910/1910
f 2536/2536/2536 226/226/226 2431/2431/2431
f 2471/2471/2471 2470/2470/2470 2465/2465/2465
f 2471/2471/2471 2467/2467/2467 2478/2478/2478
f 2535/2535/2535 2469/2469/2469 2424/2424/2424
f 2471/2471/2471 2469/2469/2469 2467/2467/2467
f 2465/2465/2465 2469/2469/2469 2471/2471/2471
f 2470/2470/2470 2468/2468/2468 2536/2536/2536
f 2474/2474/2474 2480/2480/2480 1910/1910/1910
f 2468/2468/2468 2470/2470/2470 2471/2471/2471
f 2652/2652/2652 2688/2688/2688 2651/2651/2651
f 2536/2536/2536 2538/2538/2538 226/226/226
f 2542/2542/2542 2540/2540/2540 2545/2545/2545
f 2468/2468/2468 2473/2473/2473 2538/2538/2538
f 2109/2109/2109 2474/2474/2474 2156/2156/2156
f 2476/2476/2476 2474/2474/2474 2472/2472/2472
f 2656/2656/2656 2651/2651/2651 2654/2654/2654
f 2577/2577/2577 1834/1834/1834 1842/1842/1842
f 2478/2478/2478 2476/2476/2476 2472/2472/2472
f 2476/2476/2476 2467/2467/2467 2479/2479/2479
f 2109/2109/2109 2477/2477/2477 2474/2474/2474
f 2544/2544/2544 2477/2477/2477 2475/2475/2475
f 2543/2543/2543 2478/2478/2478 2472/2472/2472
f 2471/2471/2471 2478/2478/2478 2473/2473/2473
f 2535/2535/2535 2479/2479/2479 2467/2467/2467
f 2534/2534/2534 2480/2480/2480 2479/2479/2479
f 2474/2474/2474 2476/2476/2476 2480/2480/2480
f 2479/2479/2479 2480/2480/2480 2476/2476/2476
f 2541/2541/2541 2483/2483/2483 226/226/226
f 2484/2484/2484 2481/2481/2481 2483/2483/2483
f 2573/2573/2573 2578/2578/2578 2580/2580/2580
f 2430/2430/2430 2427/2427/2427 2485/2485/2485
f 2541/2541/2541 226/226/226 2538/2538/2538
f 2483/2483/2483 2482/2482/2482 2484/2484/2484
f 2594/2594/2594 2484/2484/2484 2482/2482/2482
f 2430/2430/2430 2485/2485/2485 2286/2286/2286
f 2481/2481/2481 2485/2485/2485 2427/2427/2427
f 2286/2286/2286 2485/2485/2485 2484/2484/2484
f 2536/2536/2536 2486/2486/2486 2420/2420/2420
f 2429/2429/2429 2486/2486/2486 2431/2431/2431
f 2410/2410/2410 3694/3694/3694 2368/2368/2368
f 3189/3189/3189 2735/2735/2735 3193/3193/3193
f 2490/2490/2490 2603/2603/2603 2605/2605/2605
f 2450/2450/2450 2449/2449/2449 2506/2506/2506
f 2489/2489/2489 2607/2607/2607 2665/2665/2665
f 3181/3181/3181 3180/3180/3180 2622/2622/2622
f 3386/3386/3386 2553/2553/2553 2670/2670/2670
f 2360/2360/2360 2492/2492/2492 2342/2342/2342
f 2624/2624/2624 2550/2550/2550 2551/2551/2551
f 2503/2503/2503 2511/2511/2511 2509/2509/2509
f 2494/2494/2494 2360/2360/2360 2254/2254/2254
f 2508/2508/2508 2503/2503/2503 2492/2492/2492
f 2606/2606/2606 2488/2488/2488 2245/2245/2245
f 2549/2549/2549 2502/2502/2502 2493/2493/2493
f 2451/2451/2451 2450/2450/2450 2506/2506/2506
f 2491/2491/2491 2492/2492/2492 2494/2494/2494
f 2497/2497/2497 2499/2499/2499 2624/2624/2624
f 2249/2249/2249 2353/2353/2353 2497/2497/2497
f 2498/2498/2498 2301/2301/2301 2303/2303/2303
f 2500/2500/2500 2498/2498/2498 2274/2274/2274
f 2301/2301/2301 2497/2497/2497 2353/2353/2353
f 2496/2496/2496 2512/2512/2512 2499/2499/2499
f 2303/2303/2303 2274/2274/2274 2498/2498/2498
f 2500/2500/2500 2274/2274/2274 2336/2336/2336
f 2510/2510/2510 2508/2508/2508 2504/2504/2504
f 2499/2499/2499 2495/2495/2495 2510/2510/2510
f 2336/2336/2336 2337/2337/2337 2500/2500/2500
f 2337/2337/2337 2362/2362/2362 2505/2505/2505
f 2606/2606/2606 2501/2501/2501 2488/2488/2488
f 2502/2502/2502 2501/2501/2501 2493/2493/2493
f 2493/2493/2493 2603/2603/2603 2549/2549/2549
f 2494/2494/2494 2451/2451/2451 2507/2507/2507
f 2508/2508/2508 2492/2492/2492 2491/2491/2491
f 2503/2503/2503 2495/2495/2495 2511/2511/2511
f 2609/2609/2609 2491/2491/2491 2623/2623/2623
f 2610/2610/2610 2614/2614/2614 2618/2618/2618
f 2509/2509/2509 2511/2511/2511 2345/2345/2345
f 2496/2496/2496 2500/2500/2500 2505/2505/2505
f 2501/2501/2501 2506/2506/2506 2449/2449/2449
f 2506/2506/2506 2502/2502/2502 2507/2507/2507
f 2506/2506/2506 2507/2507/2507 2451/2451/2451
f 2502/2502/2502 2549/2549/2549 2623/2623/2623
f 2508/2508/2508 2491/2491/2491 2612/2612/2612
f 2495/2495/2495 2503/2503/2503 2508/2508/2508
f 2346/2346/2346 2509/2509/2509 2345/2345/2345
f 2342/2342/2342 2503/2503/2503 2509/2509/2509
f 2508/2508/2508 2510/2510/2510 2495/2495/2495
f 2550/2550/2550 2510/2510/2510 2504/2504/2504
f 2512/2512/2512 2511/2511/2511 2495/2495/2495
f 2511/2511/2511 2505/2505/2505 2345/2345/2345
f 2499/2499/2499 2512/2512/2512 2495/2495/2495
f 2496/2496/2496 2505/2505/2505 2512/2512/2512
f 2694/2694/2694 2697/2697/2697 2696/2696/2696
f 2730/2730/2730 2738/2738/2738 2755/2755/2755
f 2514/2514/2514 2443/2443/2443 2547/2547/2547
f 2446/2446/2446 2514/2514/2514 2456/2456/2456
f 2516/2516/2516 2515/2515/2515 2392/2392/2392
f 2466/2466/2466 2515/2515/2515 2457/2457/2457
f 2516/2516/2516 2390/2390/2390 2461/2461/2461
f 2515/2515/2515 2516/2516/2516 2457/2457/2457
f 2518/2518/2518 2397/2397/2397 2321/2321/2321
f 2532/2532/2532 2517/2517/2517 2458/2458/2458
f 2321/2321/2321 2522/2522/2522 2521/2521/2521
f 2458/2458/2458 2518/2518/2518 2520/2520/2520
f 2626/2626/2626 2671/2671/2671 2625/2625/2625
f 2557/2557/2557 2520/2520/2520 2423/2423/2423
f 2521/2521/2521 2520/2520/2520 2518/2518/2518
f 2519/2519/2519 2528/2528/2528 2561/2561/2561
f 2321/2321/2321 2422/2422/2422 2522/2522/2522
f 2520/2520/2520 2521/2521/2521 2519/2519/2519
f 2523/2523/2523 2522/2522/2522 2331/2331/2331
f 2525/2525/2525 2522/2522/2522 2523/2523/2523
f 2331/2331/2331 2332/2332/2332 2524/2524/2524
f 2331/2331/2331 2524/2524/2524 2523/2523/2523
f 2565/2565/2565 2530/2530/2530 2563/2563/2563
f 2523/2523/2523 2524/2524/2524 2629/2629/2629
f 2567/2567/2567 2330/2330/2330 2629/2629/2629
f 2519/2519/2519 2522/2522/2522 2525/2525/2525
f 2675/2675/2675 3009/3009/3009 2676/2676/2676
f 275/275/275 2808/2808/2808 2884/2884/2884
f 2719/2719/2719 2708/2708/2708 2710/2710/2710
f 2520/2520/2520 2519/2519/2519 2561/2561/2561
f 2626/2626/2626 2525/2525/2525 2330/2330/2330
f 2527/2527/2527 2627/2627/2627 2528/2528/2528
f 3388/3388/3388 3401/3401/3401 3387/3387/3387
f 2631/2631/2631 2636/2636/2636 2559/2559/2559
f 2325/2325/2325 2326/2326/2326 2563/2563/2563
f 2565/2565/2565 2630/2630/2630 2530/2530/2530
f 2321/2321/2321 2531/2531/2531 2394/2394/2394
f 2459/2459/2459 2531/2531/2531 2397/2397/2397
f 2557/2557/2557 2558/2558/2558 3961/3961/3961
f 2104/2104/2104 2570/2570/2570 2191/2191/2191
f 2534/2534/2534 1910/1910/1910 2480/2480/2480
f 2460/2460/2460 2463/2463/2463 2533/2533/2533
f 2460/2460/2460 2534/2534/2534 2479/2479/2479
f 1910/1910/1910 2534/2534/2534 2533/2533/2533
f 2535/2535/2535 2424/2424/2424 2459/2459/2459
f 2479/2479/2479 2535/2535/2535 2460/2460/2460
f 2431/2431/2431 2486/2486/2486 2536/2536/2536
f 2538/2538/2538 2536/2536/2536 2468/2468/2468
f 2545/2545/2545 2543/2543/2543 2544/2544/2544
f 2589/2589/2589 2576/2576/2576 2581/2581/2581
f 2540/2540/2540 2538/2538/2538 2473/2473/2473
f 2483/2483/2483 2539/2539/2539 2482/2482/2482
f 2542/2542/2542 2538/2538/2538 2540/2540/2540
f 2539/2539/2539 2574/2574/2574 2572/2572/2572
f 2473/2473/2473 2543/2543/2543 2540/2540/2540
f 2472/2472/2472 2544/2544/2544 2543/2543/2543
f 2542/2542/2542 2541/2541/2541 2538/2538/2538
f 2483/2483/2483 2541/2541/2541 2539/2539/2539
f 2574/2574/2574 2542/2542/2542 2537/2537/2537
f 2542/2542/2542 2539/2539/2539 2541/2541/2541
f 2478/2478/2478 2543/2543/2543 2473/2473/2473
f 2472/2472/2472 2477/2477/2477 2544/2544/2544
f 2650/2650/2650 2585/2585/2585 2544/2544/2544
f 2542/2542/2542 2545/2545/2545 2537/2537/2537
f 2543/2543/2543 2545/2545/2545 2540/2540/2540
f 2585/2585/2585 2545/2545/2545 2544/2544/2544
f 2482/2482/2482 2572/2572/2572 2573/2573/2573
f 2595/2595/2595 2546/2546/2546 2661/2661/2661
f 2440/2440/2440 2547/2547/2547 2443/2443/2443
f 2547/2547/2547 2487/2487/2487 3709/3709/3709
f 3699/3699/3699 2440/2440/2440 3696/3696/3696
f 3745/3745/3745 3736/3736/3736 3715/3715/3715
f 2609/2609/2609 2549/2549/2549 2490/2490/2490
f 2623/2623/2623 2491/2491/2491 2494/2494/2494
f 2621/2621/2621 2611/2611/2611 2504/2504/2504
f 2415/2415/2415 2551/2551/2551 2385/2385/2385
f 2249/2249/2249 2551/2551/2551 2415/2415/2415
f 2554/2554/2554 2553/2553/2553 2551/2551/2551
f 2554/2554/2554 2550/2550/2550 2611/2611/2611
f 2617/2617/2617 2552/2552/2552 2615/2615/2615
f 2554/2554/2554 2551/2551/2551 2550/2550/2550
f 2552/2552/2552 2620/2620/2620 2670/2670/2670
f 2611/2611/2611 2610/2610/2610 2615/2615/2615
f 2552/2552/2552 2553/2553/2553 2554/2554/2554
f 2556/2556/2556 2454/2454/2454 2453/2453/2453
f 2714/2714/2714 2555/2555/2555 2513/2513/2513
f 2453/2453/2453 2694/2694/2694 2693/2693/2693
f 2513/2513/2513 2555/2555/2555 2556/2556/2556
f 2557/2557/2557 2423/2423/2423 2558/2558/2558
f 2458/2458/2458 2520/2520/2520 2557/2557/2557
f 2645/2645/2645 2558/2558/2558 2681/2681/2681
f 2571/2571/2571 2190/2190/2190 2570/2570/2570
f 2631/2631/2631 2559/2559/2559 2671/2671/2671
f 2638/2638/2638 2559/2559/2559 2637/2637/2637
f 2678/2678/2678 2717/2717/2717 2638/2638/2638
f 2683/2683/2683 2645/2645/2645 2681/2681/2681
f 2627/2627/2627 2561/2561/2561 2528/2528/2528
f 2562/2562/2562 2561/2561/2561 2560/2560/2560
f 2684/2684/2684 2562/2562/2562 2560/2560/2560
f 2520/2520/2520 2562/2562/2562 2423/2423/2423
f 2563/2563/2563 2298/2298/2298 2566/2566/2566
f 2325/2325/2325 2563/2563/2563 2530/2530/2530
f 2566/2566/2566 2356/2356/2356 3393/3393/3393
f 3386/3386/3386 3337/3337/3337 3400/3400/3400
f 2566/2566/2566 2565/2565/2565 2563/2563/2563
f 2672/2672/2672 2565/2565/2565 2564/2564/2564
f 2356/2356/2356 2566/2566/2566 2298/2298/2298
f 2565/2565/2565 2566/2566/2566 2564/2564/2564
f 2567/2567/2567 2630/2630/2630 2631/2631/2631
f 2567/2567/2567 2631/2631/2631 2671/2671/2671
f 2517/2517/2517 2568/2568/2568 2396/2396/2396
f 2569/2569/2569 2568/2568/2568 2532/2532/2532
f 2571/2571/2571 2644/2644/2644 2558/2558/2558
f 3924/3924/3924 2640/2640/2640 2104/2104/2104
f 2644/2644/2644 2569/2569/2569 2532/2532/2532
f 2571/2571/2571 2680/2680/2680 2641/2641/2641
f 2644/2644/2644 2571/2571/2571 2570/2570/2570
f 2680/2680/2680 2558/2558/2558 2645/2645/2645
f 2482/2482/2482 2539/2539/2539 2572/2572/2572
f 2539/2539/2539 2542/2542/2542 2574/2574/2574
f 1840/1840/1840 2575/2575/2575 2578/2578/2578
f 2573/2573/2573 2546/2546/2546 2594/2594/2594
f 2574/2574/2574 2537/2537/2537 2581/2581/2581
f 1838/1838/1838 2572/2572/2572 2574/2574/2574
f 1842/1842/1842 1836/1836/1836 2646/2646/2646
f 2573/2573/2573 2580/2580/2580 2546/2546/2546
f 2585/2585/2585 2589/2589/2589 2537/2537/2537
f 2587/2587/2587 1737/1737/1737 1837/1837/1837
f 1840/1840/1840 2577/2577/2577 1842/1842/1842
f 2588/2588/2588 2576/2576/2576 2660/2660/2660
f 1840/1840/1840 2578/2578/2578 1838/1838/1838
f 2580/2580/2580 2578/2578/2578 2575/2575/2575
f 268/268/268 2647/2647/2647 2579/2579/2579
f 2687/2687/2687 2648/2648/2648 1326/1326/1326
f 2649/2649/2649 2579/2579/2579 2648/2648/2648
f 1325/1325/1325 2583/2583/2583 2580/2580/2580
f 2537/2537/2537 2545/2545/2545 2585/2585/2585
f 2586/2586/2586 2576/2576/2576 2577/2577/2577
f 2582/2582/2582 2588/2588/2588 2660/2660/2660
f 2660/2660/2660 2591/2591/2591 2582/2582/2582
f 2661/2661/2661 2583/2583/2583 2711/2711/2711
f 2546/2546/2546 2580/2580/2580 2583/2583/2583
f 2690/2690/2690 2584/2584/2584 2691/2691/2691
f 2584/2584/2584 2597/2597/2597 2596/2596/2596
f 2650/2650/2650 2544/2544/2544 2475/2475/2475
f 2589/2589/2589 2585/2585/2585 2590/2590/2590
f 1840/1840/1840 1838/1838/1838 2586/2586/2586
f 2574/2574/2574 2586/2586/2586 1838/1838/1838
f 2588/2588/2588 1837/1837/1837 1834/1834/1834
f 2592/2592/2592 2587/2587/2587 2582/2582/2582
f 2576/2576/2576 2588/2588/2588 2577/2577/2577
f 2587/2587/2587 2588/2588/2588 2582/2582/2582
f 2537/2537/2537 2589/2589/2589 2581/2581/2581
f 2656/2656/2656 2659/2659/2659 2585/2585/2585
f 2590/2590/2590 1740/1740/1740 2591/2591/2591
f 2576/2576/2576 2589/2589/2589 2590/2590/2590
f 2593/2593/2593 1740/1740/1740 1750/1750/1750
f 1741/1741/1741 1743/1743/1743 2592/2592/2592
f 1739/1739/1739 2592/2592/2592 1743/1743/1743
f 2592/2592/2592 1737/1737/1737 2587/2587/2587
f 2592/2592/2592 2593/2593/2593 1741/1741/1741
f 1740/1740/1740 2593/2593/2593 2591/2591/2591
f 2573/2573/2573 2594/2594/2594 2482/2482/2482
f 2595/2595/2595 2594/2594/2594 2546/2546/2546
f 2661/2661/2661 2546/2546/2546 2583/2583/2583
f 2596/2596/2596 2595/2595/2595 2661/2661/2661
f 2690/2690/2690 2691/2691/2691 2662/2662/2662
f 2286/2286/2286 2595/2595/2595 2596/2596/2596
f 2265/2265/2265 2599/2599/2599 2663/2663/2663
f 2598/2598/2598 2287/2287/2287 2433/2433/2433
f 2286/2286/2286 2598/2598/2598 2433/2433/2433
f 2663/2663/2663 2597/2597/2597 2689/2689/2689
f 2601/2601/2601 2265/2265/2265 2266/2266/2266
f 2285/2285/2285 2288/2288/2288 2600/2600/2600
f 2597/2597/2597 2600/2600/2600 2598/2598/2598
f 2599/2599/2599 2601/2601/2601 2600/2600/2600
f 2600/2600/2600 2601/2601/2601 2285/2285/2285
f 2601/2601/2601 2599/2599/2599 2265/2265/2265
f 3689/3689/3689 3690/3690/3690 3685/3685/3685
f 2513/2513/2513 2556/2556/2556 2693/2693/2693
f 2608/2608/2608 2493/2493/2493 2606/2606/2606
f 2490/2490/2490 2549/2549/2549 2603/2603/2603
f 2493/2493/2493 2501/2501/2501 2606/2606/2606
f 2701/2701/2701 2705/2705/2705 2706/2706/2706
f 2493/2493/2493 2605/2605/2605 2603/2603/2603
f 2604/2604/2604 2665/2665/2665 2607/2607/2607
f 2668/2668/2668 2669/2669/2669 2701/2701/2701
f 2608/2608/2608 2604/2604/2604 2605/2605/2605
f 2607/2607/2607 2489/2489/2489 2622/2622/2622
f 2605/2605/2605 2607/2607/2607 2614/2614/2614
f 2493/2493/2493 2608/2608/2608 2605/2605/2605
f 2703/2703/2703 2608/2608/2608 2606/2606/2606
f 2613/2613/2613 2609/2609/2609 2490/2490/2490
f 2612/2612/2612 2609/2609/2609 2621/2621/2621
f 2613/2613/2613 2490/2490/2490 2614/2614/2614
f 2554/2554/2554 2611/2611/2611 2615/2615/2615
f 2550/2550/2550 2504/2504/2504 2611/2611/2611
f 2621/2621/2621 2609/2609/2609 2613/2613/2613
f 2508/2508/2508 2612/2612/2612 2504/2504/2504
f 2491/2491/2491 2609/2609/2609 2612/2612/2612
f 2490/2490/2490 2605/2605/2605 2614/2614/2614
f 2621/2621/2621 2610/2610/2610 2611/2611/2611
f 2669/2669/2669 3175/3175/3175 2489/2489/2489
f 2610/2610/2610 2613/2613/2613 2614/2614/2614
f 2610/2610/2610 2618/2618/2618 2617/2617/2617
f 2554/2554/2554 2615/2615/2615 2552/2552/2552
f 3175/3175/3175 3219/3219/3219 3174/3174/3174
f 2617/2617/2617 2620/2620/2620 2552/2552/2552
f 2610/2610/2610 2617/2617/2617 2615/2615/2615
f 3303/3303/3303 2620/2620/2620 2616/2616/2616
f 2607/2607/2607 2618/2618/2618 2614/2614/2614
f 2616/2616/2616 2617/2617/2617 2618/2618/2618
f 2669/2669/2669 2668/2668/2668 3175/3175/3175
f 3331/3331/3331 3333/3333/3333 2619/2619/2619
f 2616/2616/2616 2620/2620/2620 2617/2617/2617
f 2670/2670/2670 2619/2619/2619 2354/2354/2354
f 2621/2621/2621 2504/2504/2504 2612/2612/2612
f 2610/2610/2610 2621/2621/2621 2613/2613/2613
f 2616/2616/2616 2618/2618/2618 2622/2622/2622
f 2607/2607/2607 2622/2622/2622 2618/2618/2618
f 2507/2507/2507 2623/2623/2623 2494/2494/2494
f 2609/2609/2609 2623/2623/2623 2549/2549/2549
f 2497/2497/2497 2624/2624/2624 2249/2249/2249
f 2510/2510/2510 2624/2624/2624 2499/2499/2499
f 2626/2626/2626 2625/2625/2625 2528/2528/2528
f 2559/2559/2559 2636/2636/2636 2637/2637/2637
f 2525/2525/2525 2626/2626/2626 2528/2528/2528
f 2330/2330/2330 2567/2567/2567 2671/2671/2671
f 2627/2627/2627 2527/2527/2527 2717/2717/2717
f 2561/2561/2561 2627/2627/2627 2560/2560/2560
f 2638/2638/2638 2527/2527/2527 2625/2625/2625
f 2672/2672/2672 3388/3388/3388 3392/3392/3392
f 2523/2523/2523 2629/2629/2629 2330/2330/2330
f 2530/2530/2530 2629/2629/2629 2524/2524/2524
f 2631/2631/2631 2630/2630/2630 2529/2529/2529
f 2629/2629/2629 2630/2630/2630 2567/2567/2567
f 2529/2529/2529 2634/2634/2634 2631/2631/2631
f 2673/2673/2673 2635/2635/2635 2636/2636/2636
f 2632/2632/2632 2634/2634/2634 2672/2672/2672
f 3397/3397/3397 2635/2635/2635 2673/2673/2673
f 3389/3389/3389 3390/3390/3390 3399/3399/3399
f 2995/2995/2995 3075/3075/3075 3077/3077/3077
f 2672/2672/2672 2634/2634/2634 2529/2529/2529
f 2673/2673/2673 2634/2634/2634 2632/2632/2632
f 2631/2631/2631 2634/2634/2634 2673/2673/2673
f 2635/2635/2635 2674/2674/2674 2637/2637/2637
f 2673/2673/2673 2636/2636/2636 2631/2631/2631
f 2637/2637/2637 2636/2636/2636 2635/2635/2635
f 2674/2674/2674 2635/2635/2635 2633/2633/2633
f 2637/2637/2637 2676/2676/2676 2679/2679/2679
f 2559/2559/2559 2638/2638/2638 2625/2625/2625
f 2638/2638/2638 2637/2637/2637 2679/2679/2679
f 2533/2533/2533 2639/2639/2639 2155/2155/2155
f 2463/2463/2463 2569/2569/2569 2639/2639/2639
f 2639/2639/2639 2640/2640/2640 2155/2155/2155
f 2570/2570/2570 2640/2640/2640 2569/2569/2569
f 2189/2189/2189 3968/3968/3968 2641/2641/2641
f 2190/2190/2190 2571/2571/2571 2641/2641/2641
f 3971/3971/3971 2188/2188/2188 2820/2820/2820
f 3963/3963/3963 2029/2029/2029 2198/2198/2198
f 2190/2190/2190 2643/2643/2643 2196/2196/2196
f 3964/3964/3964 2643/2643/2643 2642/2642/2642
f 2569/2569/2569 2644/2644/2644 2570/2570/2570
f 2644/2644/2644 2532/2532/2532 3961/3961/3961
f 2721/2721/2721 2686/2686/2686 2682/2682/2682
f 2686/2686/2686 2645/2645/2645 2683/2683/2683
f 2575/2575/2575 1840/1840/1840 2646/2646/2646
f 1842/1842/1842 2646/2646/2646 1840/1840/1840
f 1897/1897/1897 2647/2647/2647 268/268/268
f 1329/1329/1329 1330/1330/1330 2648/2648/2648
f 2579/2579/2579 2647/2647/2647 2648/2648/2648
f 2647/2647/2647 1329/1329/1329 2648/2648/2648
f 2579/2579/2579 2649/2649/2649 2575/2575/2575
f 1325/1325/1325 2649/2649/2649 2648/2648/2648
f 2475/2475/2475 2651/2651/2651 2650/2650/2650
f 2651/2651/2651 2656/2656/2656 2650/2650/2650
f 2652/2652/2652 2651/2651/2651 2475/2475/2475
f 2654/2654/2654 2655/2655/2655 2653/2653/2653
f 2477/2477/2477 2652/2652/2652 2475/2475/2475
f 2109/2109/2109 2110/2110/2110 2688/2688/2688
f 2657/2657/2657 1745/1745/1745 1750/1750/1750
f 1740/1740/1740 2590/2590/2590 2659/2659/2659
f 2655/2655/2655 2654/2654/2654 1997/1997/1997
f 2654/2654/2654 2653/2653/2653 2656/2656/2656
f 2658/2658/2658 2655/2655/2655 1997/1997/1997
f 2655/2655/2655 1753/1753/1753 3965/3965/3965
f 2656/2656/2656 2653/2653/2653 2657/2657/2657
f 2585/2585/2585 2650/2650/2650 2656/2656/2656
f 2657/2657/2657 1740/1740/1740 2659/2659/2659
f 2657/2657/2657 2653/2653/2653 3965/3965/3965
f 2027/2027/2027 2658/2658/2658 1997/1997/1997
f 1907/1907/1907 2658/2658/2658 2028/2028/2028
f 2585/2585/2585 2659/2659/2659 2590/2590/2590
f 2657/2657/2657 2659/2659/2659 2656/2656/2656
f 2576/2576/2576 2590/2590/2590 2660/2660/2660
f 2591/2591/2591 2660/2660/2660 2590/2590/2590
f 2711/2711/2711 2583/2583/2583 1325/1325/1325
f 2596/2596/2596 2661/2661/2661 2584/2584/2584
f 1503/1503/1503 4117/4117/4117 1328/1328/1328
f 3463/3463/3463 3464/3464/3464 3460/3460/3460
f 2265/2265/2265 2663/2663/2663 269/269/269
f 2600/2600/2600 2663/2663/2663 2599/2599/2599
f 3702/3702/3702 3706/3706/3706 3699/3699/3699
f 2696/2696/2696 2698/2698/2698 2733/2733/2733
f 2700/2700/2700 2702/2702/2702 2703/2703/2703
f 1377/1377/1377 2980/2980/2980 3070/3070/3070
f 2489/2489/2489 2665/2665/2665 2669/2669/2669
f 2713/2713/2713 2714/2714/2714 2746/2746/2746
f 2703/2703/2703 2704/2704/2704 2700/2700/2700
f 2667/2667/2667 2759/2759/2759 2760/2760/2760
f 2665/2665/2665 2604/2604/2604 2702/2702/2702
f 3170/3170/3170 3172/3172/3172 2760/2760/2760
f 2665/2665/2665 2702/2702/2702 2701/2701/2701
f 2668/2668/2668 3219/3219/3219 3175/3175/3175
f 2552/2552/2552 2670/2670/2670 2553/2553/2553
f 2619/2619/2619 2670/2670/2670 2620/2620/2620
f 2625/2625/2625 2671/2671/2671 2559/2559/2559
f 2330/2330/2330 2671/2671/2671 2626/2626/2626
f 2565/2565/2565 2672/2672/2672 2529/2529/2529
f 2628/2628/2628 3392/3392/3392 3387/3387/3387
f 2628/2628/2628 3398/3398/3398 2632/2632/2632
f 3396/3396/3396 3398/3398/3398 3399/3399/3399
f 2677/2677/2677 2674/2674/2674 2633/2633/2633
f 2740/2740/2740 2679/2679/2679 2526/2526/2526
f 3106/3106/3106 3101/3101/3101 3097/3097/3097
f 2769/2769/2769 2768/2768/2768 2767/2767/2767
f 2637/2637/2637 2674/2674/2674 2676/2676/2676
f 2676/2676/2676 2674/2674/2674 2677/2677/2677
f 2677/2677/2677 2633/2633/2633 3105/3105/3105
f 2676/2676/2676 2677/2677/2677 2675/2675/2675
f 2679/2679/2679 2740/2740/2740 2678/2678/2678
f 2638/2638/2638 2717/2717/2717 2527/2527/2527
f 2526/2526/2526 2679/2679/2679 2676/2676/2676
f 2638/2638/2638 2679/2679/2679 2678/2678/2678
f 2558/2558/2558 2680/2680/2680 2571/2571/2571
f 3970/3970/3970 2645/2645/2645 2686/2686/2686
f 2558/2558/2558 2423/2423/2423 2681/2681/2681
f 2684/2684/2684 2682/2682/2682 2683/2683/2683
f 2562/2562/2562 2684/2684/2684 2423/2423/2423
f 2560/2560/2560 2627/2627/2627 2708/2708/2708
f 2684/2684/2684 2681/2681/2681 2423/2423/2423
f 2721/2721/2721 2685/2685/2685 2686/2686/2686
f 2560/2560/2560 2708/2708/2708 2709/2709/2709
f 2684/2684/2684 2683/2683/2683 2681/2681/2681
f 2799/2799/2799 2820/2820/2820 2188/2188/2188
f 2680/2680/2680 2645/2645/2645 3970/3970/3970
f 2682/2682/2682 2686/2686/2686 2683/2683/2683
f 2686/2686/2686 2685/2685/2685 3969/3969/3969
f 2687/2687/2687 1326/1326/1326 1583/1583/1583
f 1325/1325/1325 2648/2648/2648 2687/2687/2687
f 2027/2027/2027 2688/2688/2688 2110/2110/2110
f 2651/2651/2651 2688/2688/2688 1997/1997/1997
f 2690/2690/2690 2597/2597/2597 2584/2584/2584
f 3459/3459/3459 2689/2689/2689 2662/2662/2662
f 2662/2662/2662 2689/2689/2689 2690/2690/2690
f 2597/2597/2597 2690/2690/2690 2689/2689/2689
f 2584/2584/2584 2661/2661/2661 2711/2711/2711
f 2691/2691/2691 1504/1504/1504 3462/3462/3462
f 2602/2602/2602 3718/3718/3718 3721/3721/3721
f 2726/2726/2726 2692/2692/2692 2732/2732/2732
f 2453/2453/2453 2693/2693/2693 2556/2556/2556
f 2724/2724/2724 2725/2725/2725 2726/2726/2726
f 2695/2695/2695 2694/2694/2694 2453/2453/2453
f 2697/2697/2697 2664/2664/2664 2696/2696/2696
f 2455/2455/2455 2695/2695/2695 2453/2453/2453
f 2411/2411/2411 2695/2695/2695 2456/2456/2456
f 2698/2698/2698 2696/2696/2696 2664/2664/2664
f 2692/2692/2692 2694/2694/2694 2696/2696/2696
f 2695/2695/2695 2697/2697/2697 2694/2694/2694
f 2664/2664/2664 2697/2697/2697 2411/2411/2411
f 3708/3708/3708 2698/2698/2698 2664/2664/2664
f 2698/2698/2698 2602/2602/2602 2733/2733/2733
f 2513/2513/2513 2727/2727/2727 2714/2714/2714
f 2705/2705/2705 2747/2747/2747 2758/2758/2758
f 2604/2604/2604 2703/2703/2703 2702/2702/2702
f 2705/2705/2705 2701/2701/2701 2700/2700/2700
f 2665/2665/2665 2701/2701/2701 2669/2669/2669
f 2712/2712/2712 2705/2705/2705 2700/2700/2700
f 2604/2604/2604 2608/2608/2608 2703/2703/2703
f 2701/2701/2701 2702/2702/2702 2700/2700/2700
f 2245/2245/2245 2713/2713/2713 2606/2606/2606
f 2704/2704/2704 2745/2745/2745 2712/2712/2712
f 2703/2703/2703 2713/2713/2713 2704/2704/2704
f 2245/2245/2245 2714/2714/2714 2713/2713/2713
f 2712/2712/2712 2747/2747/2747 2705/2705/2705
f 2701/2701/2701 2706/2706/2706 2668/2668/2668
f 2758/2758/2758 2706/2706/2706 2705/2705/2705
f 3219/3219/3219 2706/2706/2706 2667/2667/2667
f 2776/2776/2776 2781/2781/2781 2936/2936/2936
f 2786/2786/2786 2769/2769/2769 2772/2772/2772
f 2710/2710/2710 2742/2742/2742 2741/2741/2741
f 2560/2560/2560 2709/2709/2709 2684/2684/2684
f 2742/2742/2742 2678/2678/2678 2740/2740/2740
f 2682/2682/2682 2684/2684/2684 2709/2709/2709
f 2720/2720/2720 2743/2743/2743 2718/2718/2718
f 2682/2682/2682 2709/2709/2709 2719/2719/2719
f 1325/1325/1325 2691/2691/2691 2711/2711/2711
f 2584/2584/2584 2711/2711/2711 2691/2691/2691
f 2712/2712/2712 2699/2699/2699 2747/2747/2747
f 2700/2700/2700 2704/2704/2704 2712/2712/2712
f 2606/2606/2606 2713/2713/2713 2703/2703/2703
f 2245/2245/2245 2555/2555/2555 2714/2714/2714
f 2725/2725/2725 2513/2513/2513 2693/2693/2693
f 2746/2746/2746 2722/2722/2722 2745/2745/2745
f 2699/2699/2699 2712/2712/2712 2745/2745/2745
f 3199/3199/3199 3135/3135/3135 3167/3167/3167
f 2935/2935/2935 3011/3011/3011 3010/3010/3010
f 2716/2716/2716 2780/2780/2780 2741/2741/2741
f 2742/2742/2742 2717/2717/2717 2678/2678/2678
f 2627/2627/2627 2717/2717/2717 2708/2708/2708
f 2765/2765/2765 2762/2762/2762 2764/2764/2764
f 2685/2685/2685 2721/2721/2721 2188/2188/2188
f 2708/2708/2708 2719/2719/2719 2709/2709/2709
f 2710/2710/2710 2743/2743/2743 2720/2720/2720
f 2720/2720/2720 2718/2718/2718 2763/2763/2763
f 2682/2682/2682 2719/2719/2719 2720/2720/2720
f 2682/2682/2682 2720/2720/2720 2721/2721/2721
f 2188/2188/2188 2721/2721/2721 2720/2720/2720
f 2725/2725/2725 2727/2727/2727 2513/2513/2513
f 3225/3225/3225 3228/3228/3228 3200/3200/3200
f 4139/4139/4139 4140/4140/4140 3762/3762/3762
f 4159/4159/4159 3762/3762/3762 4140/4140/4140
f 2693/2693/2693 2726/2726/2726 2725/2725/2725
f 2730/2730/2730 2727/2727/2727 2724/2724/2724
f 2726/2726/2726 2693/2693/2693 2692/2692/2692
f 2725/2725/2725 2724/2724/2724 2727/2727/2727
f 2728/2728/2728 2732/2732/2732 2733/2733/2733
f 2724/2724/2724 2726/2726/2726 2729/2729/2729
f 2724/2724/2724 2734/2734/2734 2730/2730/2730
f 2714/2714/2714 2727/2727/2727 2731/2731/2731
f 3731/3731/3731 3726/3726/3726 2548/2548/2548
f 2729/2729/2729 3734/3734/3734 2734/2734/2734
f 2732/2732/2732 2729/2729/2729 2726/2726/2726
f 2736/2736/2736 2729/2729/2729 2732/2732/2732
f 2730/2730/2730 2723/2723/2723 2738/2738/2738
f 2731/2731/2731 2722/2722/2722 2746/2746/2746
f 2727/2727/2727 2730/2730/2730 2731/2731/2731
f 2731/2731/2731 2730/2730/2730 2755/2755/2755
f 2696/2696/2696 2733/2733/2733 2692/2692/2692
f 2732/2732/2732 2728/2728/2728 2736/2736/2736
f 2602/2602/2602 3721/3721/3721 3725/3725/3725
f 2692/2692/2692 2733/2733/2733 2732/2732/2732
f 2730/2730/2730 2734/2734/2734 2723/2723/2723
f 2724/2724/2724 2729/2729/2729 2734/2734/2734
f 3237/3237/3237 3234/3234/3234 3743/3743/3743
f 3135/3135/3135 3128/3128/3128 3133/3133/3133
f 2728/2728/2728 3725/3725/3725 3726/3726/3726
f 3732/3732/3732 3738/3738/3738 2736/2736/2736
f 3229/3229/3229 3234/3234/3234 3236/3236/3236
f 2756/2756/2756 2757/2757/2757 2748/2748/2748
f 2723/2723/2723 3764/3764/3764 3740/3740/3740
f 2755/2755/2755 2737/2737/2737 2754/2754/2754
f 2752/2752/2752 2748/2748/2748 2751/2751/2751
f 2751/2751/2751 2761/2761/2761 2739/2739/2739
f 2781/2781/2781 2740/2740/2740 2526/2526/2526
f 2742/2742/2742 2740/2740/2740 2716/2716/2716
f 2743/2743/2743 2741/2741/2741 2707/2707/2707
f 2742/2742/2742 2710/2710/2710 2708/2708/2708
f 2742/2742/2742 2708/2708/2708 2717/2717/2717
f 2716/2716/2716 2741/2741/2741 2742/2742/2742
f 2741/2741/2741 2743/2743/2743 2710/2710/2710
f 2764/2764/2764 2743/2743/2743 2707/2707/2707
f 2764/2764/2764 2707/2707/2707 2775/2775/2775
f 2885/2885/2885 2884/2884/2884 2894/2894/2894
f 2746/2746/2746 2745/2745/2745 2704/2704/2704
f 2753/2753/2753 2745/2745/2745 2722/2722/2722
f 2713/2713/2713 2746/2746/2746 2704/2704/2704
f 2731/2731/2731 2746/2746/2746 2714/2714/2714
f 2752/2752/2752 2747/2747/2747 2699/2699/2699
f 2758/2758/2758 2747/2747/2747 2739/2739/2739
f 2739/2739/2739 2752/2752/2752 2751/2751/2751
f 2754/2754/2754 2756/2756/2756 2753/2753/2753
f 2666/2666/2666 3163/3163/3163 3162/3162/3162
f 3165/3165/3165 2759/2759/2759 2749/2749/2749
f 2793/2793/2793 2768/2768/2768 2769/2769/2769
f 2804/2804/2804 2806/2806/2806 2795/2795/2795
f 2739/2739/2739 2747/2747/2747 2752/2752/2752
f 3188/3188/3188 2751/2751/2751 2748/2748/2748
f 2699/2699/2699 2753/2753/2753 2752/2752/2752
f 2722/2722/2722 2754/2754/2754 2753/2753/2753
f 2745/2745/2745 2753/2753/2753 2699/2699/2699
f 2755/2755/2755 2722/2722/2722 2731/2731/2731
f 2757/2757/2757 2737/2737/2737 2735/2735/2735
f 2752/2752/2752 2756/2756/2756 2748/2748/2748
f 2737/2737/2737 2755/2755/2755 2738/2738/2738
f 2755/2755/2755 2754/2754/2754 2722/2722/2722
f 2753/2753/2753 2756/2756/2756 2752/2752/2752
f 2757/2757/2757 2756/2756/2756 2754/2754/2754
f 2737/2737/2737 2757/2757/2757 2754/2754/2754
f 2757/2757/2757 2735/2735/2735 3189/3189/3189
f 2761/2761/2761 2758/2758/2758 2739/2739/2739
f 2759/2759/2759 2758/2758/2758 2749/2749/2749
f 3165/3165/3165 2760/2760/2760 2759/2759/2759
f 2706/2706/2706 2759/2759/2759 2667/2667/2667
f 2917/2917/2917 2927/2927/2927 2943/2943/2943
f 3170/3170/3170 2760/2760/2760 3138/3138/3138
f 2761/2761/2761 2715/2715/2715 3186/3186/3186
f 2758/2758/2758 2761/2761/2761 2749/2749/2749
f 2718/2718/2718 2743/2743/2743 2764/2764/2764
f 2750/2750/2750 2793/2793/2793 2792/2792/2792
f 2764/2764/2764 2763/2763/2763 2718/2718/2718
f 2799/2799/2799 2763/2763/2763 2762/2762/2762
f 2777/2777/2777 2782/2782/2782 2771/2771/2771
f 2822/2822/2822 2765/2765/2765 2750/2750/2750
f 2771/2771/2771 2767/2767/2767 2768/2768/2768
f 2750/2750/2750 2765/2765/2765 2768/2768/2768
f 2919/2919/2919 2929/2929/2929 1769/1769/1769
f 2902/2902/2902 2918/2918/2918 2904/2904/2904
f 2775/2775/2775 2771/2771/2771 2764/2764/2764
f 2773/2773/2773 2886/2886/2886 2767/2767/2767
f 2771/2771/2771 2765/2765/2765 2764/2764/2764
f 2769/2769/2769 2767/2767/2767 2772/2772/2772
f 2779/2779/2779 2784/2784/2784 2797/2797/2797
f 2769/2769/2769 2786/2786/2786 2790/2790/2790
f 2707/2707/2707 2780/2780/2780 2775/2775/2775
f 2770/2770/2770 2775/2775/2775 2776/2776/2776
f 2771/2771/2771 2768/2768/2768 2765/2765/2765
f 2777/2777/2777 2771/2771/2771 2770/2770/2770
f 2767/2767/2767 2782/2782/2782 2773/2773/2773
f 2786/2786/2786 2772/2772/2772 2744/2744/2744
f 2773/2773/2773 2766/2766/2766 2785/2785/2785
f 2887/2887/2887 2869/2869/2869 2870/2870/2870
f 2774/2774/2774 2819/2819/2819 2811/2811/2811
f 3063/3063/3063 4092/4092/4092 4096/4096/4096
f 2775/2775/2775 2780/2780/2780 2776/2776/2776
f 2771/2771/2771 2775/2775/2775 2770/2770/2770
f 2781/2781/2781 2716/2716/2716 2740/2740/2740
f 2780/2780/2780 2781/2781/2781 2776/2776/2776
f 2776/2776/2776 3011/3011/3011 2770/2770/2770
f 2766/2766/2766 2773/2773/2773 2782/2782/2782
f 2930/2930/2930 2924/2924/2924 3006/3006/3006
f 2938/2938/2938 2902/2902/2902 2922/2922/2922
f 2797/2797/2797 2784/2784/2784 2789/2789/2789
f 3975/3975/3975 3978/3978/3978 3966/3966/3966
f 2741/2741/2741 2780/2780/2780 2707/2707/2707
f 2781/2781/2781 2780/2780/2780 2716/2716/2716
f 2936/2936/2936 2781/2781/2781 3008/3008/3008
f 3005/3005/3005 3012/3012/3012 2931/2931/2931
f 2771/2771/2771 2782/2782/2782 2767/2767/2767
f 2766/2766/2766 2782/2782/2782 2777/2777/2777
f 2933/2933/2933 3005/3005/3005 3006/3006/3006
f 2887/2887/2887 2897/2897/2897 2823/2823/2823
f 2784/2784/2784 2786/2786/2786 2789/2789/2789
f 2791/2791/2791 2790/2790/2790 2784/2784/2784
f 2766/2766/2766 2935/2935/2935 3015/3015/3015
f 2868/2868/2868 2869/2869/2869 2871/2871/2871
f 2789/2789/2789 2786/2786/2786 2744/2744/2744
f 2790/2790/2790 2786/2786/2786 2784/2784/2784
f 2785/2785/2785 2867/2867/2867 2773/2773/2773
f 2796/2796/2796 2800/2800/2800 2807/2807/2807
f 2815/2815/2815 2798/2798/2798 2803/2803/2803
f 3975/3975/3975 2803/2803/2803 3978/3978/3978
f 2887/2887/2887 2885/2885/2885 2865/2865/2865
f 2872/2872/2872 2800/2800/2800 2789/2789/2789
f 2791/2791/2791 2784/2784/2784 2779/2779/2779
f 2790/2790/2790 2788/2788/2788 2792/2792/2792
f 2817/2817/2817 2791/2791/2791 2779/2779/2779
f 2788/2788/2788 2790/2790/2790 2791/2791/2791
f 2792/2792/2792 2788/2788/2788 2795/2795/2795
f 2792/2792/2792 2806/2806/2806 2822/2822/2822
f 2769/2769/2769 2790/2790/2790 2793/2793/2793
f 2792/2792/2792 2793/2793/2793 2790/2790/2790
f 2812/2812/2812 2794/2794/2794 2804/2804/2804
f 3968/3968/3968 3967/3967/3967 3976/3976/3976
f 2803/2803/2803 2812/2812/2812 2813/2813/2813
f 2812/2812/2812 2804/2804/2804 2795/2795/2795
f 2808/2808/2808 2801/2801/2801 2807/2807/2807
f 2817/2817/2817 2818/2818/2818 2814/2814/2814
f 2800/2800/2800 2797/2797/2797 2789/2789/2789
f 2796/2796/2796 2779/2779/2779 2797/2797/2797
f 2788/2788/2788 2816/2816/2816 2813/2813/2813
f 2774/2774/2774 2891/2891/2891 3032/3032/3032
f 3972/3972/3972 2821/2821/2821 2794/2794/2794
f 2799/2799/2799 2188/2188/2188 2763/2763/2763
f 2807/2807/2807 2800/2800/2800 2787/2787/2787
f 2797/2797/2797 2800/2800/2800 2796/2796/2796
f 2801/2801/2801 2808/2808/2808 2824/2824/2824
f 2809/2809/2809 2802/2802/2802 2810/2810/2810
f 2796/2796/2796 2810/2810/2810 2779/2779/2779
f 2807/2807/2807 2809/2809/2809 2810/2810/2810
f 2813/2813/2813 2795/2795/2795 2788/2788/2788
f 3982/3982/3982 1913/1913/1913 3980/3980/3980
f 2821/2821/2821 2804/2804/2804 2794/2794/2794
f 2806/2806/2806 2804/2804/2804 2799/2799/2799
f 3974/3974/3974 3967/3967/3967 3969/3969/3969
f 3969/3969/3969 3971/3971/3971 3974/3974/3974
f 2762/2762/2762 2822/2822/2822 2799/2799/2799
f 2822/2822/2822 2762/2762/2762 2765/2765/2765
f 2807/2807/2807 2787/2787/2787 2894/2894/2894
f 2807/2807/2807 2801/2801/2801 2809/2809/2809
f 2864/2864/2864 2884/2884/2884 2885/2885/2885
f 2808/2808/2808 275/275/275 2824/2824/2824
f 2801/2801/2801 2828/2828/2828 2832/2832/2832
f 2802/2802/2802 2809/2809/2809 2811/2811/2811
f 2779/2779/2779 2810/2810/2810 2802/2802/2802
f 2807/2807/2807 2810/2810/2810 2796/2796/2796
f 2827/2827/2827 2828/2828/2828 2824/2824/2824
f 2863/2863/2863 2832/2832/2832 3999/3999/3999
f 2813/2813/2813 2812/2812/2812 2795/2795/2795
f 3975/3975/3975 2812/2812/2812 2803/2803/2803
f 2816/2816/2816 2788/2788/2788 2817/2817/2817
f 2803/2803/2803 2813/2813/2813 2815/2815/2815
f 2779/2779/2779 2818/2818/2818 2817/2817/2817
f 4092/4092/4092 3063/3063/3063 3984/3984/3984
f 2816/2816/2816 2815/2815/2815 2813/2813/2813
f 4095/4095/4095 2814/2814/2814 4092/4092/4092
f 2817/2817/2817 2788/2788/2788 2791/2791/2791
f 2815/2815/2815 2816/2816/2816 2814/2814/2814
f 2818/2818/2818 2779/2779/2779 2802/2802/2802
f 2816/2816/2816 2817/2817/2817 2814/2814/2814
f 2802/2802/2802 2819/2819/2819 2818/2818/2818
f 2818/2818/2818 2819/2819/2819 4093/4093/4093
f 2811/2811/2811 2819/2819/2819 2802/2802/2802
f 4094/4094/4094 4093/4093/4093 2774/2774/2774
f 2799/2799/2799 2804/2804/2804 2821/2821/2821
f 2820/2820/2820 2805/2805/2805 3971/3971/3971
f 2805/2805/2805 2820/2820/2820 2821/2821/2821
f 2799/2799/2799 2821/2821/2821 2820/2820/2820
f 2792/2792/2792 2822/2822/2822 2750/2750/2750
f 2799/2799/2799 2822/2822/2822 2806/2806/2806
f 2871/2871/2871 2872/2872/2872 2789/2789/2789
f 2897/2897/2897 2887/2887/2887 2870/2870/2870
f 2852/2852/2852 2850/2850/2850 2826/2826/2826
f 2824/2824/2824 275/275/275 2827/2827/2827
f 2847/2847/2847 2848/2848/2848 2853/2853/2853
f 2801/2801/2801 2824/2824/2824 2828/2828/2828
f 351/351/351 3670/3670/3670 2842/2842/2842
f 2855/2855/2855 2857/2857/2857 2826/2826/2826
f 2852/2852/2852 2827/2827/2827 3023/3023/3023
f 2827/2827/2827 2826/2826/2826 2828/2828/2828
f 2860/2860/2860 2855/2855/2855 2825/2825/2825
f 2801/2801/2801 2832/2832/2832 2809/2809/2809
f 2848/2848/2848 2825/2825/2825 2854/2854/2854
f 1218/1218/1218 2831/2831/2831 2842/2842/2842
f 2835/2835/2835 2841/2841/2841 467/467/467
f 2880/2880/2880 2879/2879/2879 2858/2858/2858
f 2841/2841/2841 1401/1401/1401 1217/1217/1217
f 2831/2831/2831 2830/2830/2830 2843/2843/2843
f 2828/2828/2828 2857/2857/2857 3999/3999/3999
f 2811/2811/2811 2809/2809/2809 2832/2832/2832
f 1211/1211/1211 1214/1214/1214 2834/2834/2834
f 2844/2844/2844 2838/2838/2838 2833/2833/2833
f 2834/2834/2834 277/277/277 2846/2846/2846
f 2833/2833/2833 2834/2834/2834 2840/2840/2840
f 2835/2835/2835 467/467/467 2845/2845/2845
f 2830/2830/2830 2831/2831/2831 2835/2835/2835
f 2849/2849/2849 2875/2875/2875 2830/2830/2830
f 2873/2873/2873 2950/2950/2950 2906/2906/2906
f 2834/2834/2834 2837/2837/2837 1211/1211/1211
f 2837/2837/2837 2833/2833/2833 2838/2838/2838
f 2874/2874/2874 2844/2844/2844 2833/2833/2833
f 467/467/467 1209/1209/1209 2838/2838/2838
f 277/277/277 1214/1214/1214 4208/4208/4208
f 3026/3026/3026 2860/2860/2860 2862/2862/2862
f 2847/2847/2847 2834/2834/2834 2846/2846/2846
f 2834/2834/2834 2847/2847/2847 2840/2840/2840
f 1401/1401/1401 2841/2841/2841 2831/2831/2831
f 467/467/467 2841/2841/2841 1217/1217/1217
f 2843/2843/2843 2842/2842/2842 2831/2831/2831
f 2842/2842/2842 2836/2836/2836 2944/2944/2944
f 2881/2881/2881 2843/2843/2843 2830/2830/2830
f 2842/2842/2842 2843/2843/2843 2836/2836/2836
f 2875/2875/2875 2844/2844/2844 2829/2829/2829
f 2835/2835/2835 2849/2849/2849 2830/2830/2830
f 467/467/467 2838/2838/2838 2845/2845/2845
f 2844/2844/2844 2845/2845/2845 2838/2838/2838
f 4002/4002/4002 2846/2846/2846 4202/4202/4202
f 2846/2846/2846 2839/2839/2839 2847/2847/2847
f 2839/2839/2839 4192/4192/4192 2848/2848/2848
f 2847/2847/2847 2839/2839/2839 2848/2848/2848
f 2855/2855/2855 2850/2850/2850 2854/2854/2854
f 2853/2853/2853 2840/2840/2840 2847/2847/2847
f 2845/2845/2845 2849/2849/2849 2835/2835/2835
f 2875/2875/2875 2849/2849/2849 2844/2844/2844
f 2826/2826/2826 2827/2827/2827 2852/2852/2852
f 2840/2840/2840 2853/2853/2853 2829/2829/2829
f 2907/2907/2907 3021/3021/3021 3022/3022/3022
f 2858/2858/2858 2829/2829/2829 2853/2853/2853
f 3023/3023/3023 2827/2827/2827 275/275/275
f 2852/2852/2852 2851/2851/2851 2880/2880/2880
f 2882/2882/2882 2848/2848/2848 2854/2854/2854
f 2858/2858/2858 2853/2853/2853 2882/2882/2882
f 2855/2855/2855 2854/2854/2854 2825/2825/2825
f 2854/2854/2854 2850/2850/2850 2882/2882/2882
f 2860/2860/2860 2857/2857/2857 2855/2855/2855
f 2850/2850/2850 2855/2855/2855 2826/2826/2826
f 4196/4196/4196 2839/2839/2839 4002/4002/4002
f 2891/2891/2891 2863/2863/2863 2883/2883/2883
f 3999/3999/3999 2857/2857/2857 2856/2856/2856
f 2828/2828/2828 2826/2826/2826 2857/2857/2857
f 2947/2947/2947 2907/2907/2907 2950/2950/2950
f 2881/2881/2881 2830/2830/2830 2875/2875/2875
f 3025/3025/3025 3027/3027/3027 3028/3028/3028
f 2774/2774/2774 2811/2811/2811 2891/2891/2891
f 4000/4000/4000 4193/4193/4193 4191/4191/4191
f 2856/2856/2856 2857/2857/2857 2860/2860/2860
f 3058/3058/3058 4007/4007/4007 4013/4013/4013
f 3024/3024/3024 2948/2948/2948 3056/3056/3056
f 4191/4191/4191 2860/2860/2860 2825/2825/2825
f 3027/3027/3027 2892/2892/2892 3028/3028/3028
f 3999/3999/3999 2832/2832/2832 2828/2828/2828
f 2863/2863/2863 2859/2859/2859 3024/3024/3024
f 2823/2823/2823 2901/2901/2901 2895/2895/2895
f 2909/2909/2909 2901/2901/2901 2905/2905/2905
f 2744/2744/2744 2868/2868/2868 2871/2871/2871
f 2867/2867/2867 2868/2868/2868 2886/2886/2886
f 2867/2867/2867 2785/2785/2785 4003/4003/4003
f 2870/2870/2870 2869/2869/2869 2896/2896/2896
f 4003/4003/4003 2785/2785/2785 2783/2783/2783
f 2868/2868/2868 2867/2867/2867 2866/2866/2866
f 2869/2869/2869 2868/2868/2868 2866/2866/2866
f 2744/2744/2744 2772/2772/2772 2886/2886/2886
f 2866/2866/2866 2896/2896/2896 2869/2869/2869
f 2871/2871/2871 2869/2869/2869 2865/2865/2865
f 2896/2896/2896 4003/4003/4003 2888/2888/2888
f 2897/2897/2897 2870/2870/2870 2898/2898/2898
f 2872/2872/2872 2871/2871/2871 2865/2865/2865
f 2789/2789/2789 2744/2744/2744 2871/2871/2871
f 2885/2885/2885 2872/2872/2872 2865/2865/2865
f 2872/2872/2872 2787/2787/2787 2800/2800/2800
f 2836/2836/2836 2843/2843/2843 2881/2881/2881
f 2909/2909/2909 2864/2864/2864 2901/2901/2901
f 2840/2840/2840 2874/2874/2874 2833/2833/2833
f 2829/2829/2829 2844/2844/2844 2874/2874/2874
f 2829/2829/2829 2876/2876/2876 2875/2875/2875
f 2878/2878/2878 2875/2875/2875 2876/2876/2876
f 2829/2829/2829 2858/2858/2858 2876/2876/2876
f 2876/2876/2876 2858/2858/2858 2878/2878/2878
f 2879/2879/2879 3020/3020/3020 2878/2878/2878
f 2890/2890/2890 2945/2945/2945 2946/2946/2946
f 2879/2879/2879 2878/2878/2878 2858/2858/2858
f 2878/2878/2878 2877/2877/2877 2881/2881/2881
f 2858/2858/2858 2882/2882/2882 2880/2880/2880
f 2851/2851/2851 2947/2947/2947 3020/3020/3020
f 2852/2852/2852 2880/2880/2880 2850/2850/2850
f 2851/2851/2851 2879/2879/2879 2880/2880/2880
f 2878/2878/2878 2881/2881/2881 2875/2875/2875
f 2945/2945/2945 2881/2881/2881 2877/2877/2877
f 2882/2882/2882 2853/2853/2853 2848/2848/2848
f 2880/2880/2880 2882/2882/2882 2850/2850/2850
f 3025/3025/3025 2948/2948/2948 3024/3024/3024
f 3057/3057/3057 2948/2948/2948 3028/3028/3028
f 2884/2884/2884 2808/2808/2808 2894/2894/2894
f 3022/3022/3022 2884/2884/2884 2864/2864/2864
f 2894/2894/2894 2872/2872/2872 2885/2885/2885
f 2895/2895/2895 2885/2885/2885 2887/2887/2887
f 2867/2867/2867 2886/2886/2886 2773/2773/2773
f 2744/2744/2744 2886/2886/2886 2868/2868/2868
f 2887/2887/2887 2823/2823/2823 2895/2895/2895
f 2869/2869/2869 2887/2887/2887 2865/2865/2865
f 3014/3014/3014 2783/2783/2783 3013/3013/3013
f 2900/2900/2900 2897/2897/2897 2889/2889/2889
f 2899/2899/2899 2898/2898/2898 2888/2888/2888
f 2904/2904/2904 2920/2920/2920 2903/2903/2903
f 2836/2836/2836 2881/2881/2881 2945/2945/2945
f 2915/2915/2915 2952/2952/2952 2906/2906/2906
f 2863/2863/2863 2891/2891/2891 2811/2811/2811
f 3032/3032/3032 2891/2891/2891 2883/2883/2883
f 3030/3030/3030 2892/2892/2892 3027/3027/3027
f 3986/3986/3986 3985/3985/3985 4072/4072/4072
f 3060/3060/3060 3057/3057/3057 2892/2892/2892
f 4058/4058/4058 4030/4030/4030 4029/4029/4029
f 2807/2807/2807 2894/2894/2894 2808/2808/2808
f 2872/2872/2872 2894/2894/2894 2787/2787/2787
f 2901/2901/2901 2823/2823/2823 2900/2900/2900
f 2864/2864/2864 2885/2885/2885 2895/2895/2895
f 4003/4003/4003 2896/2896/2896 2866/2866/2866
f 2898/2898/2898 2896/2896/2896 2888/2888/2888
f 2870/2870/2870 2896/2896/2896 2898/2898/2898
f 2921/2921/2921 2923/2923/2923 2889/2889/2889
f 2888/2888/2888 3014/3014/3014 2899/2899/2899
f 2897/2897/2897 2898/2898/2898 2903/2903/2903
f 2912/2912/2912 2904/2904/2904 2899/2899/2899
f 2897/2897/2897 2903/2903/2903 2889/2889/2889
f 2895/2895/2895 2901/2901/2901 2864/2864/2864
f 2823/2823/2823 2897/2897/2897 2900/2900/2900
f 2905/2905/2905 2900/2900/2900 2923/2923/2923
f 2901/2901/2901 2900/2900/2900 2905/2905/2905
f 2902/2902/2902 2904/2904/2904 2912/2912/2912
f 2954/2954/2954 2919/2919/2919 2051/2051/2051
f 2898/2898/2898 2899/2899/2899 2903/2903/2903
f 2904/2904/2904 2903/2903/2903 2899/2899/2899
f 2912/2912/2912 2899/2899/2899 2778/2778/2778
f 2918/2918/2918 2902/2902/2902 2919/2919/2919
f 2906/2906/2906 2905/2905/2905 2018/2018/2018
f 2950/2950/2950 2909/2909/2909 2906/2906/2906
f 2911/2911/2911 2910/2910/2910 2908/2908/2908
f 2906/2906/2906 2952/2952/2952 2873/2873/2873
f 2873/2873/2873 2946/2946/2946 2947/2947/2947
f 2907/2907/2907 2947/2947/2947 3021/3021/3021
f 4004/4004/4004 2910/2910/2910 2081/2081/2081
f 3671/3671/3671 3672/3672/3672 1513/1513/1513
f 2906/2906/2906 2909/2909/2909 2905/2905/2905
f 2909/2909/2909 2907/2907/2907 3022/3022/3022
f 2081/2081/2081 2910/2910/2910 2083/2083/2083
f 2908/2908/2908 2915/2915/2915 2911/2911/2911
f 2889/2889/2889 2920/2920/2920 2921/2921/2921
f 2049/2049/2049 2910/2910/2910 2911/2911/2911
f 2926/2926/2926 2917/2917/2917 2922/2922/2922
f 2902/2902/2902 2912/2912/2912 2922/2922/2922
f 2082/2082/2082 2914/2914/2914 2050/2050/2050
f 2918/2918/2918 2920/2920/2920 2904/2904/2904
f 2955/2955/2955 2049/2049/2049 2911/2911/2911
f 2914/2914/2914 2913/2913/2913 2954/2954/2954
f 2908/2908/2908 4004/4004/4004 2952/2952/2952
f 2018/2018/2018 2915/2915/2915 2906/2906/2906
f 2927/2927/2927 2930/2930/2930 2916/2916/2916
f 3072/3072/3072 3074/3074/3074 3075/3075/3075
f 2926/2926/2926 2924/2924/2924 2927/2927/2927
f 2927/2927/2927 2917/2917/2917 2926/2926/2926
f 2929/2929/2929 2938/2938/2938 2925/2925/2925
f 2920/2920/2920 2918/2918/2918 2913/2913/2913
f 2919/2919/2919 1769/1769/1769 2051/2051/2051
f 2913/2913/2913 2918/2918/2918 2919/2919/2919
f 2921/2921/2921 2920/2920/2920 2913/2913/2913
f 2920/2920/2920 2889/2889/2889 2903/2903/2903
f 2914/2914/2914 2921/2921/2921 2913/2913/2913
f 2921/2921/2921 2018/2018/2018 2923/2923/2923
f 2928/2928/2928 2912/2912/2912 2778/2778/2778
f 2922/2922/2922 2917/2917/2917 2925/2925/2925
f 2905/2905/2905 2923/2923/2923 2018/2018/2018
f 2889/2889/2889 2923/2923/2923 2900/2900/2900
f 2922/2922/2922 2928/2928/2928 2926/2926/2926
f 3018/3018/3018 3012/3012/3012 2939/2939/2939
f 2917/2917/2917 2956/2956/2956 2925/2925/2925
f 2960/2960/2960 2956/2956/2956 2962/2962/2962
f 2928/2928/2928 2922/2922/2922 2912/2912/2912
f 2924/2924/2924 2930/2930/2930 2927/2927/2927
f 2940/2940/2940 2927/2927/2927 2916/2916/2916
f 2927/2927/2927 2940/2940/2940 2943/2943/2943
f 3012/3012/3012 3005/3005/3005 2933/2933/2933
f 2926/2926/2926 2928/2928/2928 2924/2924/2924
f 2938/2938/2938 2919/2919/2919 2902/2902/2902
f 2925/2925/2925 1769/1769/1769 2929/2929/2929
f 2928/2928/2928 2933/2933/2933 2924/2924/2924
f 2785/2785/2785 2941/2941/2941 2783/2783/2783
f 2777/2777/2777 2935/2935/2935 2766/2766/2766
f 3006/3006/3006 3052/3052/3052 2930/2930/2930
f 3018/3018/3018 3017/3017/3017 2931/2931/2931
f 3098/3098/3098 3050/3050/3050 3045/3045/3045
f 2778/2778/2778 3013/3013/3013 2928/2928/2928
f 2933/2933/2933 3013/3013/3013 3012/3012/3012
f 3008/3008/3008 3009/3009/3009 3115/3115/3115
f 3010/3010/3010 3044/3044/3044 2934/2934/2934
f 2770/2770/2770 2935/2935/2935 2777/2777/2777
f 3015/3015/3015 3016/3016/3016 2939/2939/2939
f 3008/3008/3008 2781/2781/2781 2526/2526/2526
f 2936/2936/2936 3044/3044/3044 3010/3010/3010
f 3051/3051/3051 3052/3052/3052 3049/3049/3049
f 2997/2997/2997 3088/3088/3088 3092/3092/3092
f 2925/2925/2925 2938/2938/2938 2922/2922/2922
f 2919/2919/2919 2938/2938/2938 2929/2929/2929
f 2941/2941/2941 2766/2766/2766 3015/3015/3015
f 2935/2935/2935 3016/3016/3016 3015/3015/3015
f 3051/3051/3051 2916/2916/2916 3052/3052/3052
f 2942/2942/2942 2940/2940/2940 2937/2937/2937
f 2766/2766/2766 2941/2941/2941 2785/2785/2785
f 3012/3012/3012 2941/2941/2941 2939/2939/2939
f 3069/3069/3069 2969/2969/2969 3035/3035/3035
f 229/229/229 2956/2956/2956 2957/2957/2957
f 2940/2940/2940 2942/2942/2942 2943/2943/2943
f 229/229/229 2957/2957/2957 2942/2942/2942
f 2842/2842/2842 2944/2944/2944 351/351/351
f 2945/2945/2945 2944/2944/2944 2836/2836/2836
f 2946/2946/2946 2945/2945/2945 2877/2877/2877
f 2945/2945/2945 2890/2890/2890 2944/2944/2944
f 2946/2946/2946 2877/2877/2877 2947/2947/2947
f 2890/2890/2890 2946/2946/2946 2873/2873/2873
f 3020/3020/3020 2947/2947/2947 2877/2877/2877
f 3021/3021/3021 2947/2947/2947 2851/2851/2851
f 2859/2859/2859 3999/3999/3999 3025/3025/3025
f 2949/2949/2949 3032/3032/3032 3033/3033/3033
f 2883/2883/2883 3024/3024/3024 3056/3056/3056
f 4096/4096/4096 3062/3062/3062 3063/3063/3063
f 2947/2947/2947 2950/2950/2950 2873/2873/2873
f 2909/2909/2909 2950/2950/2950 2907/2907/2907
f 2953/2953/2953 2873/2873/2873 2952/2952/2952
f 2951/2951/2951 2952/2952/2952 4004/4004/4004
f 2908/2908/2908 2952/2952/2952 2915/2915/2915
f 2952/2952/2952 2951/2951/2951 2953/2953/2953
f 2953/2953/2953 2951/2951/2951 3679/3679/3679
f 2873/2873/2873 2953/2953/2953 2890/2890/2890
f 2914/2914/2914 2954/2954/2954 2050/2050/2050
f 2913/2913/2913 2919/2919/2919 2954/2954/2954
f 2049/2049/2049 2955/2955/2955 2914/2914/2914
f 2018/2018/2018 2955/2955/2955 2911/2911/2911
f 2956/2956/2956 2917/2917/2917 2957/2957/2957
f 2956/2956/2956 229/229/229 2962/2962/2962
f 2917/2917/2917 2943/2943/2943 2957/2957/2957
f 2942/2942/2942 2957/2957/2957 2943/2943/2943
f 2967/2967/2967 1691/1691/1691 2959/2959/2959
f 1936/1936/1936 2959/2959/2959 1691/1691/1691
f 1859/1859/1859 2959/2959/2959 1936/1936/1936
f 2959/2959/2959 2958/2958/2958 2968/2968/2968
f 2961/2961/2961 2960/2960/2960 2958/2958/2958
f 1769/1769/1769 2925/2925/2925 2960/2960/2960
f 2959/2959/2959 2961/2961/2961 2958/2958/2958
f 2961/2961/2961 1859/1859/1859 1938/1938/1938
f 2964/2964/2964 2962/2962/2962 229/229/229
f 2960/2960/2960 2962/2962/2962 2958/2958/2958
f 2964/2964/2964 2958/2958/2958 2962/2962/2962
f 2963/2963/2963 2964/2964/2964 2966/2966/2966
f 2969/2969/2969 2966/2966/2966 3034/3034/3034
f 2964/2964/2964 2963/2963/2963 2968/2968/2968
f 2976/2976/2976 2993/2993/2993 2999/2999/2999
f 1379/1379/1379 2980/2980/2980 1377/1377/1377
f 3034/3034/3034 2964/2964/2964 229/229/229
f 2966/2966/2966 2965/2965/2965 2970/2970/2970
f 2963/2963/2963 2971/2971/2971 2967/2967/2967
f 2977/2977/2977 2971/2971/2971 1378/1378/1378
f 2964/2964/2964 2968/2968/2968 2958/2958/2958
f 2967/2967/2967 2968/2968/2968 2963/2963/2963
f 229/229/229 2942/2942/2942 2969/2969/2969
f 2937/2937/2937 3035/3035/3035 2942/2942/2942
f 2970/2970/2970 2965/2965/2965 2987/2987/2987
f 2992/2992/2992 2990/2990/2990 2991/2991/2991
f 2970/2970/2970 2971/2971/2971 2963/2963/2963
f 2971/2971/2971 2977/2977/2977 2972/2972/2972
f 1382/1382/1382 1384/1384/1384 2973/2973/2973
f 2974/2974/2974 1770/1770/1770 1860/1860/1860
f 1365/1365/1365 1778/1778/1778 2975/2975/2975
f 2978/2978/2978 2973/2973/2973 2975/2975/2975
f 1691/1691/1691 2974/2974/2974 1860/1860/1860
f 2973/2973/2973 2974/2974/2974 2972/2972/2972
f 1773/1773/1773 1775/1775/1775 2975/2975/2975
f 1775/1775/1775 1770/1770/1770 2978/2978/2978
f 2981/2981/2981 2987/2987/2987 3002/3002/3002
f 2976/2976/2976 3089/3089/3089 3287/3287/3287
f 1378/1378/1378 2988/2988/2988 2983/2983/2983
f 1382/1382/1382 2972/2972/2972 2977/2977/2977
f 2973/2973/2973 2978/2978/2978 2974/2974/2974
f 1775/1775/1775 2978/2978/2978 2975/2975/2975
f 2985/2985/2985 1382/1382/1382 2983/2983/2983
f 2996/2996/2996 2979/2979/2979 2992/2992/2992
f 273/273/273 2980/2980/2980 1379/1379/1379
f 2996/2996/2996 3037/3037/3037 2979/2979/2979
f 2997/2997/2997 3001/3001/3001 3042/3042/3042
f 2996/2996/2996 2992/2992/2992 2991/2991/2991
f 2987/2987/2987 2990/2990/2990 2988/2988/2988
f 2984/2984/2984 2983/2983/2983 2982/2982/2982
f 1378/1378/1378 2983/2983/2983 2977/2977/2977
f 2982/2982/2982 2992/2992/2992 2984/2984/2984
f 2986/2986/2986 2979/2979/2979 2980/2980/2980
f 1384/1384/1384 2985/2985/2985 1375/1375/1375
f 1382/1382/1382 2985/2985/2985 1384/1384/1384
f 2986/2986/2986 2985/2985/2985 2984/2984/2984
f 2979/2979/2979 2986/2986/2986 2984/2984/2984
f 2989/2989/2989 2980/2980/2980 273/273/273
f 3002/3002/3002 2987/2987/2987 3003/3003/3003
f 2990/2990/2990 2987/2987/2987 2981/2981/2981
f 2987/2987/2987 2988/2988/2988 2970/2970/2970
f 2983/2983/2983 2988/2988/2988 2982/2982/2982
f 2985/2985/2985 2989/2989/2989 1375/1375/1375
f 2980/2980/2980 2989/2989/2989 2986/2986/2986
f 2990/2990/2990 2981/2981/2981 2991/2991/2991
f 2988/2988/2988 2990/2990/2990 2982/2982/2982
f 2981/2981/2981 2993/2993/2993 2991/2991/2991
f 2976/2976/2976 2998/2998/2998 2993/2993/2993
f 2984/2984/2984 2992/2992/2992 2979/2979/2979
f 2990/2990/2990 2992/2992/2992 2982/2982/2982
f 2997/2997/2997 2999/2999/2999 3001/3001/3001
f 2998/2998/2998 2994/2994/2994 2996/2996/2996
f 3286/3286/3286 3287/3287/3287 3288/3288/3288
f 3455/3455/3455 3036/3036/3036 3319/3319/3319
f 3040/3040/3040 3071/3071/3071 2937/2937/2937
f 3077/3077/3077 3080/3080/3080 2995/2995/2995
f 2998/2998/2998 2991/2991/2991 2993/2993/2993
f 2994/2994/2994 3317/3317/3317 3037/3037/3037
f 3042/3042/3042 3000/3000/3000 3096/3096/3096
f 3085/3085/3085 2995/2995/2995 3080/3080/3080
f 2998/2998/2998 2976/2976/2976 3290/3290/3290
f 2991/2991/2991 2998/2998/2998 2996/2996/2996
f 3001/3001/3001 2993/2993/2993 2981/2981/2981
f 3086/3086/3086 3092/3092/3092 3090/3090/3090
f 3000/3000/3000 3002/3002/3002 3003/3003/3003
f 3003/3003/3003 3004/3004/3004 3096/3096/3096
f 2993/2993/2993 3001/3001/3001 2999/2999/2999
f 3002/3002/3002 3001/3001/3001 2981/2981/2981
f 3003/3003/3003 2987/2987/2987 2965/2965/2965
f 3001/3001/3001 3002/3002/3002 3000/3000/3000
f 2969/2969/2969 3069/3069/3069 2965/2965/2965
f 3069/3069/3069 3004/3004/3004 3003/3003/3003
f 2937/2937/2937 2940/2940/2940 3040/3040/3040
f 3095/3095/3095 3042/3042/3042 3043/3043/3043
f 3045/3045/3045 3005/3005/3005 2931/2931/2931
f 2932/2932/2932 3052/3052/3052 3006/3006/3006
f 2933/2933/2933 3006/3006/3006 2924/2924/2924
f 2932/2932/2932 3006/3006/3006 3005/3005/3005
f 3097/3097/3097 3102/3102/3102 3104/3104/3104
f 3017/3017/3017 3045/3045/3045 2931/2931/2931
f 3009/3009/3009 3008/3008/3008 2526/2526/2526
f 3008/3008/3008 3007/3007/3007 3044/3044/3044
f 2676/2676/2676 3009/3009/3009 2526/2526/2526
f 2675/2675/2675 3102/3102/3102 3115/3115/3115
f 3016/3016/3016 3010/3010/3010 2934/2934/2934
f 3011/3011/3011 2935/2935/2935 2770/2770/2770
f 2776/2776/2776 2936/2936/2936 3011/3011/3011
f 3010/3010/3010 3011/3011/3011 2936/2936/2936
f 2933/2933/2933 2928/2928/2928 3013/3013/3013
f 2941/2941/2941 3012/3012/3012 2783/2783/2783
f 3014/3014/3014 3013/3013/3013 2778/2778/2778
f 2783/2783/2783 3012/3012/3012 3013/3013/3013
f 2899/2899/2899 3014/3014/3014 2778/2778/2778
f 3014/3014/3014 2888/2888/2888 4003/4003/4003
f 2935/2935/2935 3010/3010/3010 3016/3016/3016
f 2941/2941/2941 3015/3015/3015 2939/2939/2939
f 3019/3019/3019 3016/3016/3016 2934/2934/2934
f 3012/3012/3012 3018/3018/3018 2931/2931/2931
f 3055/3055/3055 2934/2934/2934 3044/3044/3044
f 3039/3039/3039 3054/3054/3054 3053/3053/3053
f 2939/2939/2939 3016/3016/3016 3018/3018/3018
f 3018/3018/3018 3016/3016/3016 3019/3019/3019
f 3055/3055/3055 3019/3019/3019 2934/2934/2934
f 3018/3018/3018 3019/3019/3019 3017/3017/3017
f 2878/2878/2878 3020/3020/3020 2877/2877/2877
f 2851/2851/2851 3020/3020/3020 2879/2879/2879
f 2851/2851/2851 3023/3023/3023 3021/3021/3021
f 275/275/275 2884/2884/2884 3022/3022/3022
f 3022/3022/3022 2864/2864/2864 2909/2909/2909
f 3022/3022/3022 3021/3021/3021 3023/3023/3023
f 2852/2852/2852 3023/3023/3023 2851/2851/2851
f 3022/3022/3022 3023/3023/3023 275/275/275
f 2863/2863/2863 3024/3024/3024 2883/2883/2883
f 3025/3025/3025 3024/3024/3024 2859/2859/2859
f 2856/2856/2856 3026/3026/3026 3025/3025/3025
f 3026/3026/3026 3027/3027/3027 3025/3025/3025
f 2860/2860/2860 3026/3026/3026 2856/2856/2856
f 3031/3031/3031 2862/2862/2862 4193/4193/4193
f 2862/2862/2862 3027/3027/3027 3026/3026/3026
f 3031/3031/3031 3029/3029/3029 3030/3030/3030
f 3057/3057/3057 3028/3028/3028 2892/2892/2892
f 3025/3025/3025 3028/3028/3028 2948/2948/2948
f 4212/4212/4212 4199/4199/4199 4011/4011/4011
f 3058/3058/3058 3059/3059/3059 4007/4007/4007
f 3031/3031/3031 3030/3030/3030 3027/3027/3027
f 4005/4005/4005 3030/3030/3030 3029/3029/3029
f 2862/2862/2862 3031/3031/3031 3027/3027/3027
f 3031/3031/3031 2861/2861/2861 4212/4212/4212
f 3032/3032/3032 2883/2883/2883 3056/3056/3056
f 4094/4094/4094 4092/4092/4092 4093/4093/4093
f 3064/3064/3064 3057/3057/3057 3060/3060/3060
f 2949/2949/2949 3033/3033/3033 3061/3061/3061
f 2964/2964/2964 3034/3034/3034 2966/2966/2966
f 229/229/229 2969/2969/2969 3034/3034/3034
f 3069/3069/3069 2937/2937/2937 3004/3004/3004
f 2969/2969/2969 2942/2942/2942 3035/3035/3035
f 3037/3037/3037 2980/2980/2980 2979/2979/2979
f 3317/3317/3317 2994/2994/2994 3289/3289/3289
f 2994/2994/2994 3037/3037/3037 2996/2996/2996
f 3037/3037/3037 3036/3036/3036 3070/3070/3070
f 2932/2932/2932 3005/3005/3005 3045/3045/3045
f 2995/2995/2995 3043/3043/3043 3075/3075/3075
f 2940/2940/2940 3054/3054/3054 3040/3040/3040
f 2937/2937/2937 3071/3071/3071 3004/3004/3004
f 3054/3054/3054 2940/2940/2940 2916/2916/2916
f 3071/3071/3071 3040/3040/3040 3039/3039/3039
f 3096/3096/3096 3041/3041/3041 3042/3042/3042
f 3072/3072/3072 3075/3075/3075 3076/3076/3076
f 3000/3000/3000 3042/3042/3042 3001/3001/3001
f 3043/3043/3043 3042/3042/3042 3041/3041/3041
f 3075/3075/3075 3043/3043/3043 3041/3041/3041
f 3085/3085/3085 3088/3088/3088 3095/3095/3095
f 3008/3008/3008 3044/3044/3044 2936/2936/2936
f 3055/3055/3055 3044/3044/3044 3007/3007/3007
f 3098/3098/3098 3055/3055/3055 3099/3099/3099
f 2932/2932/2932 3045/3045/3045 3049/3049/3049
f 3101/3101/3101 3048/3048/3048 3099/3099/3099
f 3149/3149/3149 4100/4100/4100 3148/3148/3148
f 3049/3049/3049 3050/3050/3050 3047/3047/3047
f 3046/3046/3046 3139/3139/3139 3144/3144/3144
f 3017/3017/3017 3019/3019/3019 3055/3055/3055
f 3140/3140/3140 3141/3141/3141 3142/3142/3142
f 3050/3050/3050 3049/3049/3049 3045/3045/3045
f 3049/3049/3049 3047/3047/3047 3051/3051/3051
f 3098/3098/3098 3045/3045/3045 3017/3017/3017
f 3050/3050/3050 3048/3048/3048 3141/3141/3141
f 3053/3053/3053 3051/3051/3051 3047/3047/3047
f 3054/3054/3054 3051/3051/3051 3053/3053/3053
f 2930/2930/2930 3052/3052/3052 2916/2916/2916
f 3049/3049/3049 3052/3052/3052 2932/2932/2932
f 3143/3143/3143 3047/3047/3047 3140/3140/3140
f 3039/3039/3039 3053/3053/3053 3038/3038/3038
f 3040/3040/3040 3054/3054/3054 3039/3039/3039
f 2916/2916/2916 3051/3051/3051 3054/3054/3054
f 3100/3100/3100 3099/3099/3099 3055/3055/3055
f 3100/3100/3100 3055/3055/3055 3007/3007/3007
f 3057/3057/3057 3056/3056/3056 2948/2948/2948
f 3032/3032/3032 3056/3056/3056 3033/3033/3033
f 3060/3060/3060 4005/4005/4005 3059/3059/3059
f 3056/3056/3056 3057/3057/3057 3033/3033/3033
f 3568/3568/3568 3549/3549/3549 3566/3566/3566
f 3062/3062/3062 3061/3061/3061 3067/3067/3067
f 2892/2892/2892 3030/3030/3030 4005/4005/4005
f 3064/3064/3064 3065/3065/3065 3068/3068/3068
f 4005/4005/4005 3060/3060/3060 2892/2892/2892
f 3060/3060/3060 3059/3059/3059 3064/3064/3064
f 3033/3033/3033 3064/3064/3064 3061/3061/3061
f 3059/3059/3059 3065/3065/3065 3064/3064/3064
f 3063/3063/3063 3062/3062/3062 2893/2893/2893
f 2949/2949/2949 3061/3061/3061 3062/3062/3062
f 3150/3150/3150 4073/4073/4073 3988/3988/3988
f 4095/4095/4095 2798/2798/2798 2815/2815/2815
f 3064/3064/3064 3033/3033/3033 3057/3057/3057
f 3065/3065/3065 3059/3059/3059 3058/3058/3058
f 3065/3065/3065 3058/3058/3058 4061/4061/4061
f 3068/3068/3068 3067/3067/3067 3061/3061/3061
f 4020/4020/4020 4018/4018/4018 207/207/207
f 3982/3982/3982 3986/3986/3986 1913/1913/1913
f 3068/3068/3068 3061/3061/3061 3064/3064/3064
f 3150/3150/3150 3067/3067/3067 3066/3066/3066
f 4087/4087/4087 3068/3068/3068 3065/3065/3065
f 3067/3067/3067 3068/3068/3068 3066/3066/3066
f 3069/3069/3069 3003/3003/3003 2965/2965/2965
f 2937/2937/2937 3069/3069/3069 3035/3035/3035
f 3037/3037/3037 3070/3070/3070 2980/2980/2980
f 3455/3455/3455 3070/3070/3070 3036/3036/3036
f 3038/3038/3038 3072/3072/3072 3039/3039/3039
f 3071/3071/3071 3039/3039/3039 3072/3072/3072
f 3072/3072/3072 3038/3038/3038 3074/3074/3074
f 3076/3076/3076 3004/3004/3004 3071/3071/3071
f 3110/3110/3110 3139/3139/3139 3046/3046/3046
f 3155/3155/3155 3153/3153/3153 2666/2666/2666
f 3145/3145/3145 3117/3117/3117 3074/3074/3074
f 3075/3075/3075 3074/3074/3074 3073/3073/3073
f 3075/3075/3075 3073/3073/3073 3077/3077/3077
f 3096/3096/3096 3076/3076/3076 3041/3041/3041
f 3072/3072/3072 3076/3076/3076 3071/3071/3071
f 3041/3041/3041 3076/3076/3076 3075/3075/3075
f 3084/3084/3084 3079/3079/3079 3080/3080/3080
f 3082/3082/3082 3080/3080/3080 3077/3077/3077
f 4098/4098/4098 4097/4097/4097 3078/3078/3078
f 3161/3161/3161 3221/3221/3221 3146/3146/3146
f 3085/3085/3085 3087/3087/3087 3083/3083/3083
f 3091/3091/3091 3130/3130/3130 3218/3218/3218
f 3082/3082/3082 3077/3077/3077 3073/3073/3073
f 3087/3087/3087 3085/3085/3085 3112/3112/3112
f 3143/3143/3143 3038/3038/3038 3053/3053/3053
f 3046/3046/3046 3106/3106/3106 3110/3110/3110
f 3148/3148/3148 3082/3082/3082 3073/3073/3073
f 3082/3082/3082 3081/3081/3081 3084/3084/3084
f 4098/4098/4098 3119/3119/3119 3079/3079/3079
f 2999/2999/2999 3089/3089/3089 2976/2976/2976
f 3082/3082/3082 3084/3084/3084 3080/3080/3080
f 4097/4097/4097 3084/3084/3084 3081/3081/3081
f 3112/3112/3112 3080/3080/3080 3079/3079/3079
f 3088/3088/3088 3085/3085/3085 3083/3083/3083
f 3086/3086/3086 3090/3090/3090 3094/3094/3094
f 3291/3291/3291 3292/3292/3292 3288/3288/3288
f 3087/3087/3087 3112/3112/3112 3119/3119/3119
f 3122/3122/3122 3123/3123/3123 3093/3093/3093
f 3090/3090/3090 3088/3088/3088 3083/3083/3083
f 3095/3095/3095 3088/3088/3088 2997/2997/2997
f 3092/3092/3092 2999/2999/2999 2997/2997/2997
f 3086/3086/3086 3288/3288/3288 3287/3287/3287
f 3083/3083/3083 3120/3120/3120 3122/3122/3122
f 3092/3092/3092 3086/3086/3086 3089/3089/3089
f 3120/3120/3120 3083/3083/3083 3087/3087/3087
f 3125/3125/3125 3091/3091/3091 3123/3123/3123
f 3092/3092/3092 3089/3089/3089 2999/2999/2999
f 3088/3088/3088 3090/3090/3090 3092/3092/3092
f 3090/3090/3090 3122/3122/3122 3094/3094/3094
f 3217/3217/3217 3136/3136/3136 3216/3216/3216
f 3122/3122/3122 3090/3090/3090 3083/3083/3083
f 3094/3094/3094 3093/3093/3093 3291/3291/3291
f 3042/3042/3042 3095/3095/3095 2997/2997/2997
f 2995/2995/2995 3095/3095/3095 3043/3043/3043
f 3003/3003/3003 3096/3096/3096 3000/3000/3000
f 3076/3076/3076 3096/3096/3096 3004/3004/3004
f 3100/3100/3100 3007/3007/3007 3115/3115/3115
f 3103/3103/3103 3104/3104/3104 3105/3105/3105
f 3050/3050/3050 3098/3098/3098 3048/3048/3048
f 3017/3017/3017 3055/3055/3055 3098/3098/3098
f 3101/3101/3101 3099/3099/3099 3097/3097/3097
f 3048/3048/3048 3098/3098/3098 3099/3099/3099
f 3008/3008/3008 3115/3115/3115 3007/3007/3007
f 3097/3097/3097 3099/3099/3099 3100/3100/3100
f 3097/3097/3097 3104/3104/3104 3106/3106/3106
f 3101/3101/3101 3046/3046/3046 3142/3142/3142
f 2675/2675/2675 2677/2677/2677 3105/3105/3105
f 3097/3097/3097 3100/3100/3100 3102/3102/3102
f 3396/3396/3396 3390/3390/3390 3391/3391/3391
f 3106/3106/3106 3046/3046/3046 3101/3101/3101
f 2675/2675/2675 3105/3105/3105 3102/3102/3102
f 3103/3103/3103 3106/3106/3106 3104/3104/3104
f 3105/3105/3105 2633/2633/2633 3412/3412/3412
f 3102/3102/3102 3105/3105/3105 3104/3104/3104
f 3103/3103/3103 3412/3412/3412 3391/3391/3391
f 3108/3108/3108 3106/3106/3106 3103/3103/3103
f 3179/3179/3179 3303/3303/3303 3180/3180/3180
f 3109/3109/3109 3110/3110/3110 3108/3108/3108
f 3391/3391/3391 3390/3390/3390 3395/3395/3395
f 3109/3109/3109 3108/3108/3108 3107/3107/3107
f 3183/3183/3183 3184/3184/3184 3109/3109/3109
f 3148/3148/3148 3081/3081/3081 3082/3082/3082
f 3108/3108/3108 3110/3110/3110 3106/3106/3106
f 3139/3139/3139 3110/3110/3110 3109/3109/3109
f 4043/4043/4043 4083/4083/4083 4019/4019/4019
f 4036/4036/4036 4046/4046/4046 4029/4029/4029
f 3080/3080/3080 3112/3112/3112 3085/3085/3085
f 3119/3119/3119 3112/3112/3112 3079/3079/3079
f 3129/3129/3129 3137/3137/3137 3126/3126/3126
f 3127/3127/3127 3125/3125/3125 3151/3151/3151
f 3121/3121/3121 3120/3120/3120 3087/3087/3087
f 3125/3125/3125 3127/3127/3127 3124/3124/3124
f 2675/2675/2675 3115/3115/3115 3009/3009/3009
f 3100/3100/3100 3115/3115/3115 3102/3102/3102
f 3147/3147/3147 3116/3116/3116 3139/3139/3139
f 3074/3074/3074 3117/3117/3117 3073/3073/3073
f 3145/3145/3145 3074/3074/3074 3038/3038/3038
f 3147/3147/3147 3161/3161/3161 3116/3116/3116
f 4019/4019/4019 4083/4083/4083 4088/4088/4088
f 3996/3996/3996 4072/4072/4072 4068/4068/4068
f 4098/4098/4098 3079/3079/3079 4097/4097/4097
f 3121/3121/3121 3119/3119/3119 3113/3113/3113
f 3087/3087/3087 3119/3119/3119 3121/3121/3121
f 3122/3122/3122 3120/3120/3120 3114/3114/3114
f 3129/3129/3129 3121/3121/3121 3113/3113/3113
f 3114/3114/3114 3120/3120/3120 3121/3121/3121
f 3123/3123/3123 3122/3122/3122 3114/3114/3114
f 3122/3122/3122 3093/3093/3093 3094/3094/3094
f 3132/3132/3132 3129/3129/3129 3126/3126/3126
f 3123/3123/3123 3091/3091/3091 3249/3249/3249
f 3162/3162/3162 3134/3134/3134 3155/3155/3155
f 3125/3125/3125 3130/3130/3130 3091/3091/3091
f 3151/3151/3151 3123/3123/3123 3114/3114/3114
f 3133/3133/3133 3130/3130/3130 3125/3125/3125
f 4102/4102/4102 3137/3137/3137 3129/3129/3129
f 3127/3127/3127 3152/3152/3152 3124/3124/3124
f 3132/3132/3132 3114/3114/3114 3121/3121/3121
f 3152/3152/3152 3127/3127/3127 3126/3126/3126
f 3124/3124/3124 3155/3155/3155 3167/3167/3167
f 3133/3133/3133 3124/3124/3124 3167/3167/3167
f 3113/3113/3113 4098/4098/4098 4102/4102/4102
f 3132/3132/3132 3126/3126/3126 3127/3127/3127
f 3133/3133/3133 3125/3125/3125 3124/3124/3124
f 3206/3206/3206 228/228/228 3208/3208/3208
f 3172/3172/3172 3174/3174/3174 3219/3219/3219
f 3137/3137/3137 3138/3138/3138 3126/3126/3126
f 3132/3132/3132 3127/3127/3127 3151/3151/3151
f 3121/3121/3121 3129/3129/3129 3132/3132/3132
f 3124/3124/3124 3152/3152/3152 3155/3155/3155
f 3128/3128/3128 3130/3130/3130 3133/3133/3133
f 3166/3166/3166 3187/3187/3187 3164/3164/3164
f 4176/4176/4176 3305/3305/3305 4109/4109/4109
f 3162/3162/3162 3166/3166/3166 3194/3194/3194
f 3128/3128/3128 3135/3135/3135 3168/3168/3168
f 3136/3136/3136 228/228/228 3216/3216/3216
f 3136/3136/3136 3217/3217/3217 3218/3218/3218
f 4102/4102/4102 3129/3129/3129 3113/3113/3113
f 3138/3138/3138 3137/3137/3137 3131/3131/3131
f 3171/3171/3171 3170/3170/3170 3138/3138/3138
f 3154/3154/3154 2760/2760/2760 3165/3165/3165
f 3146/3146/3146 3149/3149/3149 3161/3161/3161
f 3144/3144/3144 3116/3116/3116 3140/3140/3140
f 3117/3117/3117 3145/3145/3145 3116/3116/3116
f 3050/3050/3050 3141/3141/3141 3047/3047/3047
f 3142/3142/3142 3141/3141/3141 3048/3048/3048
f 3047/3047/3047 3141/3141/3141 3140/3140/3140
f 3101/3101/3101 3142/3142/3142 3048/3048/3048
f 3142/3142/3142 3046/3046/3046 3144/3144/3144
f 3047/3047/3047 3143/3143/3143 3053/3053/3053
f 3116/3116/3116 3143/3143/3143 3140/3140/3140
f 3116/3116/3116 3144/3144/3144 3139/3139/3139
f 3142/3142/3142 3144/3144/3144 3140/3140/3140
f 3038/3038/3038 3143/3143/3143 3145/3145/3145
f 3116/3116/3116 3145/3145/3145 3143/3143/3143
f 3301/3301/3301 206/206/206 3300/3300/3300
f 3224/3224/3224 4101/4101/4101 4099/4099/4099
f 3109/3109/3109 3184/3184/3184 3139/3139/3139
f 3183/3183/3183 3109/3109/3109 3107/3107/3107
f 3073/3073/3073 3117/3117/3117 3148/3148/3148
f 3149/3149/3149 3148/3148/3148 3117/3117/3117
f 3116/3116/3116 3149/3149/3149 3117/3117/3117
f 3146/3146/3146 4099/4099/4099 4100/4100/4100
f 4085/4085/4085 3150/3150/3150 3066/3066/3066
f 3150/3150/3150 3118/3118/3118 4073/4073/4073
f 3123/3123/3123 3151/3151/3151 3125/3125/3125
f 3132/3132/3132 3151/3151/3151 3114/3114/3114
f 3153/3153/3153 3152/3152/3152 3126/3126/3126
f 3152/3152/3152 3153/3153/3153 3155/3155/3155
f 3126/3126/3126 3138/3138/3138 3153/3153/3153
f 3154/3154/3154 3138/3138/3138 2760/2760/2760
f 2666/2666/2666 3153/3153/3153 3154/3154/3154
f 3138/3138/3138 3154/3154/3154 3153/3153/3153
f 3162/3162/3162 3155/3155/3155 2666/2666/2666
f 3167/3167/3167 3134/3134/3134 3199/3199/3199
f 3338/3338/3338 3339/3339/3339 3322/3322/3322
f 3208/3208/3208 3168/3168/3168 3206/3206/3206
f 3134/3134/3134 3194/3194/3194 3196/3196/3196
f 3264/3264/3264 3244/3244/3244 3262/3262/3262
f 3282/3282/3282 3215/3215/3215 3281/3281/3281
f 2994/2994/2994 2998/2998/2998 3290/3290/3290
f 3177/3177/3177 3078/3078/3078 3254/3254/3254
f 3159/3159/3159 3171/3171/3171 3176/3176/3176
f 3332/3332/3332 3222/3222/3222 3321/3321/3321
f 3185/3185/3185 3221/3221/3221 3184/3184/3184
f 3161/3161/3161 3147/3147/3147 3221/3221/3221
f 3149/3149/3149 3116/3116/3116 3161/3161/3161
f 3165/3165/3165 2666/2666/2666 3154/3154/3154
f 3162/3162/3162 3163/3163/3163 3166/3166/3166
f 3186/3186/3186 2749/2749/2749 2761/2761/2761
f 3166/3166/3166 3163/3163/3163 3186/3186/3186
f 3164/3164/3164 3187/3187/3187 3191/3191/3191
f 3157/3157/3157 3168/3168/3168 3198/3198/3198
f 2749/2749/2749 3163/3163/3163 3165/3165/3165
f 3165/3165/3165 3163/3163/3163 2666/2666/2666
f 3187/3187/3187 3166/3166/3166 2715/2715/2715
f 3194/3194/3194 3166/3166/3166 3164/3164/3164
f 3167/3167/3167 3135/3135/3135 3133/3133/3133
f 3155/3155/3155 3134/3134/3134 3167/3167/3167
f 3134/3134/3134 3196/3196/3196 3199/3199/3199
f 3206/3206/3206 3168/3168/3168 3157/3157/3157
f 3247/3247/3247 3246/3246/3246 228/228/228
f 3217/3217/3217 3216/3216/3216 3284/3284/3284
f 3171/3171/3171 3138/3138/3138 3131/3131/3131
f 3172/3172/3172 3170/3170/3170 3159/3159/3159
f 3177/3177/3177 3173/3173/3173 3176/3176/3176
f 3159/3159/3159 3170/3170/3170 3171/3171/3171
f 3159/3159/3159 3220/3220/3220 3172/3172/3172
f 2760/2760/2760 3172/3172/3172 2667/2667/2667
f 3224/3224/3224 3254/3254/3254 4101/4101/4101
f 3223/3223/3223 3304/3304/3304 3179/3179/3179
f 3220/3220/3220 3176/3176/3176 3178/3178/3178
f 3181/3181/3181 3182/3182/3182 3179/3179/3179
f 3178/3178/3178 3174/3174/3174 3220/3220/3220
f 2489/2489/2489 3175/3175/3175 3181/3181/3181
f 3177/3177/3177 3171/3171/3171 3131/3131/3131
f 3176/3176/3176 3173/3173/3173 3178/3178/3178
f 3171/3171/3171 3177/3177/3177 3176/3176/3176
f 4102/4102/4102 3177/3177/3177 3131/3131/3131
f 3253/3253/3253 3252/3252/3252 3173/3173/3173
f 2622/2622/2622 3180/3180/3180 2616/2616/2616
f 3182/3182/3182 3175/3175/3175 3174/3174/3174
f 3178/3178/3178 3252/3252/3252 3223/3223/3223
f 3181/3181/3181 2622/2622/2622 2489/2489/2489
f 3179/3179/3179 3304/3304/3304 3303/3303/3303
f 3182/3182/3182 3181/3181/3181 3175/3175/3175
f 3180/3180/3180 3181/3181/3181 3179/3179/3179
f 3174/3174/3174 3178/3178/3178 3182/3182/3182
f 3223/3223/3223 3222/3222/3222 3302/3302/3302
f 3301/3301/3301 3183/3183/3183 3107/3107/3107
f 3184/3184/3184 3183/3183/3183 3160/3160/3160
f 3185/3185/3185 3184/3184/3184 3160/3160/3160
f 3184/3184/3184 3147/3147/3147 3139/3139/3139
f 3185/3185/3185 3160/3160/3160 3250/3250/3250
f 3254/3254/3254 3224/3224/3224 3253/3253/3253
f 3186/3186/3186 3163/3163/3163 2749/2749/2749
f 2715/2715/2715 3166/3166/3166 3186/3186/3186
f 3188/3188/3188 2715/2715/2715 2751/2751/2751
f 3188/3188/3188 2748/2748/2748 3189/3189/3189
f 2748/2748/2748 2757/2757/2757 3189/3189/3189
f 2715/2715/2715 3188/3188/3188 3187/3187/3187
f 3191/3191/3191 3192/3192/3192 3193/3193/3193
f 3188/3188/3188 3189/3189/3189 3192/3192/3192
f 4103/4103/4103 4168/4168/4168 4173/4173/4173
f 3197/3197/3197 3202/3202/3202 3195/3195/3195
f 3187/3187/3187 3188/3188/3188 3192/3192/3192
f 3203/3203/3203 3202/3202/3202 3197/3197/3197
f 3193/3193/3193 3192/3192/3192 3189/3189/3189
f 3187/3187/3187 3192/3192/3192 3191/3191/3191
f 3231/3231/3231 3229/3229/3229 3190/3190/3190
f 3190/3190/3190 3191/3191/3191 3193/3193/3193
f 3196/3196/3196 3194/3194/3194 3197/3197/3197
f 3162/3162/3162 3194/3194/3194 3134/3134/3134
f 3195/3195/3195 3196/3196/3196 3197/3197/3197
f 3157/3157/3157 3198/3198/3198 3201/3201/3201
f 3197/3197/3197 3194/3194/3194 3164/3164/3164
f 3196/3196/3196 3195/3195/3195 3198/3198/3198
f 3203/3203/3203 3164/3164/3164 3191/3191/3191
f 3203/3203/3203 3200/3200/3200 3202/3202/3202
f 3198/3198/3198 3195/3195/3195 3201/3201/3201
f 3135/3135/3135 3198/3198/3198 3168/3168/3168
f 3196/3196/3196 3198/3198/3198 3199/3199/3199
f 3198/3198/3198 3135/3135/3135 3199/3199/3199
f 3225/3225/3225 3200/3200/3200 3203/3203/3203
f 3205/3205/3205 3201/3201/3201 3195/3195/3195
f 3202/3202/3202 3204/3204/3204 3205/3205/3205
f 3240/3240/3240 3258/3258/3258 3204/3204/3204
f 3164/3164/3164 3203/3203/3203 3197/3197/3197
f 3202/3202/3202 3200/3200/3200 3204/3204/3204
f 3191/3191/3191 3190/3190/3190 3203/3203/3203
f 3203/3203/3203 3190/3190/3190 3225/3225/3225
f 3232/3232/3232 3200/3200/3200 3230/3230/3230
f 3242/3242/3242 3243/3243/3243 3259/3259/3259
f 3202/3202/3202 3205/3205/3205 3195/3195/3195
f 3205/3205/3205 3204/3204/3204 3258/3258/3258
f 3243/3243/3243 3209/3209/3209 3259/3259/3259
f 228/228/228 3136/3136/3136 3208/3208/3208
f 3417/3417/3417 1564/1564/1564 1563/1563/1563
f 3206/3206/3206 3211/3211/3211 3212/3212/3212
f 3136/3136/3136 3128/3128/3128 3208/3208/3208
f 3168/3168/3168 3208/3208/3208 3128/3128/3128
f 3242/3242/3242 3211/3211/3211 3157/3157/3157
f 3209/3209/3209 3215/3215/3215 3213/3213/3213
f 3157/3157/3157 3201/3201/3201 3241/3241/3241
f 3206/3206/3206 3212/3212/3212 228/228/228
f 3242/3242/3242 3157/3157/3157 3241/3241/3241
f 3212/3212/3212 3211/3211/3211 3210/3210/3210
f 3213/3213/3213 3210/3210/3210 3259/3259/3259
f 3212/3212/3212 3210/3210/3210 3213/3213/3213
f 3261/3261/3261 3244/3244/3244 3314/3314/3314
f 3213/3213/3213 3247/3247/3247 3212/3212/3212
f 3314/3314/3314 3280/3280/3280 3362/3362/3362
f 3329/3329/3329 3363/3363/3363 3423/3423/3423
f 3261/3261/3261 3215/3215/3215 3209/3209/3209
f 3215/3215/3215 3214/3214/3214 3281/3281/3281
f 3282/3282/3282 3316/3316/3316 3246/3246/3246
f 3169/3169/3169 3284/3284/3284 3216/3216/3216
f 3284/3284/3284 3285/3285/3285 3248/3248/3248
f 3091/3091/3091 3217/3217/3217 3249/3249/3249
f 3136/3136/3136 3218/3218/3218 3130/3130/3130
f 3217/3217/3217 3091/3091/3091 3218/3218/3218
f 2706/2706/2706 3219/3219/3219 2668/2668/2668
f 3172/3172/3172 3219/3219/3219 2667/2667/2667
f 3172/3172/3172 3220/3220/3220 3174/3174/3174
f 3176/3176/3176 3220/3220/3220 3159/3159/3159
f 3184/3184/3184 3221/3221/3221 3147/3147/3147
f 3257/3257/3257 3221/3221/3221 3185/3185/3185
f 3160/3160/3160 3300/3300/3300 3250/3250/3250
f 3179/3179/3179 3182/3182/3182 3223/3223/3223
f 3182/3182/3182 3178/3178/3178 3223/3223/3223
f 3252/3252/3252 3178/3178/3178 3173/3173/3173
f 3221/3221/3221 3257/3257/3257 3146/3146/3146
f 3250/3250/3250 3222/3222/3222 3256/3256/3256
f 3229/3229/3229 3227/3227/3227 3228/3228/3228
f 3225/3225/3225 3229/3229/3229 3228/3228/3228
f 3229/3229/3229 3236/3236/3236 3238/3238/3238
f 3234/3234/3234 3237/3237/3237 3233/3233/3233
f 4107/4107/4107 4104/4104/4104 3156/3156/3156
f 3228/3228/3228 3230/3230/3230 3200/3200/3200
f 3229/3229/3229 3225/3225/3225 3190/3190/3190
f 3230/3230/3230 3228/3228/3228 3227/3227/3227
f 3193/3193/3193 3231/3231/3231 3190/3190/3190
f 3193/3193/3193 2735/2735/2735 3744/3744/3744
f 4106/4106/4106 4107/4107/4107 3227/3227/3227
f 3230/3230/3230 3156/3156/3156 3232/3232/3232
f 3741/3741/3741 3742/3742/3742 2737/2737/2737
f 3229/3229/3229 3231/3231/3231 3234/3234/3234
f 3239/3239/3239 3241/3241/3241 3258/3258/3258
f 3200/3200/3200 3232/3232/3232 3204/3204/3204
f 3726/3726/3726 3732/3732/3732 2728/2728/2728
f 3759/3759/3759 3763/3763/3763 4156/4156/4156
f 3742/3742/3742 3743/3743/3743 3744/3744/3744
f 3236/3236/3236 3234/3234/3234 3233/3233/3233
f 3740/3740/3740 2737/2737/2737 2738/2738/2738
f 3738/3738/3738 3734/3734/3734 2729/2729/2729
f 3233/3233/3233 4161/4161/4161 4158/4158/4158
f 3236/3236/3236 3226/3226/3226 3238/3238/3238
f 3743/3743/3743 3234/3234/3234 3231/3231/3231
f 3235/3235/3235 4139/4139/4139 3762/3762/3762
f 4106/4106/4106 3238/3238/3238 4177/4177/4177
f 3229/3229/3229 3238/3238/3238 3227/3227/3227
f 3240/3240/3240 3204/3204/3204 3232/3232/3232
f 3266/3266/3266 3273/3273/3273 3263/3263/3263
f 3232/3232/3232 3156/3156/3156 3240/3240/3240
f 3207/3207/3207 3307/3307/3307 3264/3264/3264
f 3201/3201/3201 3205/3205/3205 3258/3258/3258
f 3242/3242/3242 3241/3241/3241 3239/3239/3239
f 3242/3242/3242 3239/3239/3239 3243/3243/3243
f 3211/3211/3211 3242/3242/3242 3210/3210/3210
f 3265/3265/3265 3266/3266/3266 3263/3263/3263
f 3244/3244/3244 3261/3261/3261 3262/3262/3262
f 3262/3262/3262 3209/3209/3209 3243/3243/3243
f 3307/3307/3307 3280/3280/3280 3244/3244/3244
f 3424/3424/3424 3385/3385/3385 3425/3425/3425
f 3316/3316/3316 3169/3169/3169 3246/3246/3246
f 3216/3216/3216 228/228/228 3246/3246/3246
f 3247/3247/3247 228/228/228 3212/3212/3212
f 3215/3215/3215 3247/3247/3247 3213/3213/3213
f 3246/3246/3246 3247/3247/3247 3282/3282/3282
f 3293/3293/3293 3292/3292/3292 3158/3158/3158
f 3249/3249/3249 3093/3093/3093 3123/3123/3123
f 3284/3284/3284 3249/3249/3249 3217/3217/3217
f 3248/3248/3248 3292/3292/3292 3291/3291/3291
f 3301/3301/3301 3160/3160/3160 3183/3183/3183
f 3253/3253/3253 3256/3256/3256 3252/3252/3252
f 3331/3331/3331 3332/3332/3332 3320/3320/3320
f 3331/3331/3331 3303/3303/3303 3251/3251/3251
f 3173/3173/3173 3177/3177/3177 3254/3254/3254
f 3222/3222/3222 3223/3223/3223 3252/3252/3252
f 3255/3255/3255 3253/3253/3253 3224/3224/3224
f 3256/3256/3256 3222/3222/3222 3252/3252/3252
f 3254/3254/3254 3078/3078/3078 4101/4101/4101
f 3173/3173/3173 3254/3254/3254 3253/3253/3253
f 3257/3257/3257 3255/3255/3255 3224/3224/3224
f 3250/3250/3250 3255/3255/3255 3185/3185/3185
f 3253/3253/3253 3255/3255/3255 3256/3256/3256
f 3250/3250/3250 3256/3256/3256 3255/3255/3255
f 3255/3255/3255 3257/3257/3257 3185/3185/3185
f 4099/4099/4099 3257/3257/3257 3224/3224/3224
f 3239/3239/3239 3258/3258/3258 3240/3240/3240
f 3258/3258/3258 3241/3241/3241 3201/3201/3201
f 3213/3213/3213 3259/3259/3259 3209/3209/3209
f 3242/3242/3242 3259/3259/3259 3210/3210/3210
f 1965/1965/1965 2092/2092/2092 3338/3338/3338
f 3324/3324/3324 4111/4111/4111 3310/3310/3310
f 3262/3262/3262 3261/3261/3261 3209/3209/3209
f 3314/3314/3314 3244/3244/3244 3280/3280/3280
f 3265/3265/3265 3262/3262/3262 3243/3243/3243
f 3262/3262/3262 3265/3265/3265 3267/3267/3267
f 3243/3243/3243 3266/3266/3266 3265/3265/3265
f 3266/3266/3266 3308/3308/3308 3273/3273/3273
f 3264/3264/3264 3262/3262/3262 3267/3267/3267
f 3275/3275/3275 3267/3267/3267 3269/3269/3269
f 3266/3266/3266 3243/3243/3243 3239/3239/3239
f 3265/3265/3265 3263/3263/3263 3267/3267/3267
f 3239/3239/3239 3240/3240/3240 3266/3266/3266
f 3308/3308/3308 3240/3240/3240 3156/3156/3156
f 3269/3269/3269 3263/3263/3263 3274/3274/3274
f 3269/3269/3269 3267/3267/3267 3263/3263/3263
f 3238/3238/3238 4106/4106/4106 3227/3227/3227
f 3273/3273/3273 3274/3274/3274 3263/3263/3263
f 3272/3272/3272 3269/3269/3269 3260/3260/3260
f 3272/3272/3272 3275/3275/3275 3269/3269/3269
f 3348/3348/3348 3345/3345/3345 3344/3344/3344
f 3325/3325/3325 3326/3326/3326 3419/3419/3419
f 3352/3352/3352 3305/3305/3305 3343/3343/3343
f 3267/3267/3267 3275/3275/3275 3264/3264/3264
f 3260/3260/3260 3353/3353/3353 3345/3345/3345
f 3272/3272/3272 3271/3271/3271 3275/3275/3275
f 3308/3308/3308 3266/3266/3266 3240/3240/3240
f 3274/3274/3274 3273/3273/3273 3268/3268/3268
f 3352/3352/3352 3343/3343/3343 3350/3350/3350
f 3274/3274/3274 3260/3260/3260 3269/3269/3269
f 3270/3270/3270 3276/3276/3276 3271/3271/3271
f 3275/3275/3275 3271/3271/3271 3276/3276/3276
f 3324/3324/3324 3325/3325/3325 3279/3279/3279
f 3275/3275/3275 3276/3276/3276 3278/3278/3278
f 308/308/308 3417/3417/3417 3420/3420/3420
f 3278/3278/3278 3207/3207/3207 3264/3264/3264
f 3311/3311/3311 3276/3276/3276 3279/3279/3279
f 3276/3276/3276 3311/3311/3311 3278/3278/3278
f 3324/3324/3324 3279/3279/3279 3270/3270/3270
f 3312/3312/3312 3313/3313/3313 3309/3309/3309
f 3365/3365/3365 3360/3360/3360 3309/3309/3309
f 3314/3314/3314 3362/3362/3362 3214/3214/3214
f 3425/3425/3425 3405/3405/3405 3424/3424/3424
f 3282/3282/3282 3281/3281/3281 3245/3245/3245
f 3282/3282/3282 3245/3245/3245 3316/3316/3316
f 3215/3215/3215 3282/3282/3282 3247/3247/3247
f 3435/3435/3435 3429/3429/3429 3432/3432/3432
f 3283/3283/3283 3158/3158/3158 3285/3285/3285
f 3285/3285/3285 3284/3284/3284 3169/3169/3169
f 3249/3249/3249 3284/3284/3284 3248/3248/3248
f 3283/3283/3283 3285/3285/3285 3169/3169/3169
f 3158/3158/3158 3248/3248/3248 3285/3285/3285
f 3286/3286/3286 3292/3292/3292 3293/3293/3293
f 3289/3289/3289 3290/3290/3290 3287/3287/3287
f 3086/3086/3086 3287/3287/3287 3089/3089/3089
f 3287/3287/3287 3286/3286/3286 3289/3289/3289
f 3094/3094/3094 3288/3288/3288 3086/3086/3086
f 3291/3291/3291 3093/3093/3093 3249/3249/3249
f 3299/3299/3299 3286/3286/3286 3293/3293/3293
f 3036/3036/3036 3037/3037/3037 3317/3317/3317
f 3287/3287/3287 3290/3290/3290 2976/2976/2976
f 2994/2994/2994 3290/3290/3290 3289/3289/3289
f 3248/3248/3248 3291/3291/3291 3249/3249/3249
f 3094/3094/3094 3291/3291/3291 3288/3288/3288
f 3158/3158/3158 3292/3292/3292 3248/3248/3248
f 3286/3286/3286 3288/3288/3288 3292/3292/3292
f 3295/3295/3295 3293/3293/3293 3158/3158/3158
f 3295/3295/3295 3298/3298/3298 3299/3299/3299
f 3158/3158/3158 3296/3296/3296 3295/3295/3295
f 3429/3429/3429 1372/1372/1372 3430/3430/3430
f 3296/3296/3296 3158/3158/3158 3283/3283/3283
f 3297/3297/3297 3298/3298/3298 3431/3431/3431
f 3409/3409/3409 3296/3296/3296 3410/3410/3410
f 3410/3410/3410 3411/3411/3411 3409/3409/3409
f 1369/1369/1369 3455/3455/3455 3319/3319/3319
f 3289/3289/3289 3286/3286/3286 3299/3299/3299
f 3294/3294/3294 3433/3433/3433 3431/3431/3431
f 3298/3298/3298 3297/3297/3297 3299/3299/3299
f 3299/3299/3299 3293/3293/3293 3295/3295/3295
f 3299/3299/3299 3297/3297/3297 3318/3318/3318
f 3300/3300/3300 206/206/206 3330/3330/3330
f 3222/3222/3222 3250/3250/3250 3321/3321/3321
f 3301/3301/3301 3107/3107/3107 3395/3395/3395
f 3160/3160/3160 3301/3301/3301 3300/3300/3300
f 3332/3332/3332 3302/3302/3302 3222/3222/3222
f 3304/3304/3304 3302/3302/3302 3251/3251/3251
f 2620/2620/2620 3303/3303/3303 2619/2619/2619
f 3180/3180/3180 3303/3303/3303 2616/2616/2616
f 3302/3302/3302 3304/3304/3304 3223/3223/3223
f 3303/3303/3303 3304/3304/3304 3251/3251/3251
f 3306/3306/3306 3260/3260/3260 3274/3274/3274
f 3306/3306/3306 4108/4108/4108 4104/4104/4104
f 3268/3268/3268 4108/4108/4108 3274/3274/3274
f 3268/3268/3268 3308/3308/3308 4104/4104/4104
f 3280/3280/3280 3307/3307/3307 3207/3207/3207
f 3244/3244/3244 3264/3264/3264 3307/3307/3307
f 4104/4104/4104 3308/3308/3308 3156/3156/3156
f 3273/3273/3273 3308/3308/3308 3268/3268/3268
f 3361/3361/3361 3415/3415/3415 3375/3375/3375
f 1623/1623/1623 3370/3370/3370 1562/1562/1562
f 4114/4114/4114 4111/4111/4111 3270/3270/3270
f 3326/3326/3326 3325/3325/3325 3310/3310/3310
f 3313/3313/3313 3279/3279/3279 3277/3277/3277
f 3312/3312/3312 3311/3311/3311 3313/3313/3313
f 3207/3207/3207 3312/3312/3312 3309/3309/3309
f 3278/3278/3278 3311/3311/3311 3312/3312/3312
f 3279/3279/3279 3313/3313/3313 3311/3311/3311
f 3313/3313/3313 3277/3277/3277 3421/3421/3421
f 3214/3214/3214 3215/3215/3215 3314/3314/3314
f 3261/3261/3261 3314/3314/3314 3215/3215/3215
f 3207/3207/3207 3360/3360/3360 3280/3280/3280
f 3363/3363/3363 3364/3364/3364 3366/3366/3366
f 3410/3410/3410 3316/3316/3316 3245/3245/3245
f 3169/3169/3169 3316/3316/3316 3283/3283/3283
f 3318/3318/3318 3289/3289/3289 3299/3299/3299
f 3297/3297/3297 3319/3319/3319 3318/3318/3318
f 3319/3319/3319 3297/3297/3297 1369/1369/1369
f 3289/3289/3289 3318/3318/3318 3317/3317/3317
f 3036/3036/3036 3317/3317/3317 3319/3319/3319
f 3318/3318/3318 3319/3319/3319 3317/3317/3317
f 3387/3387/3387 3389/3389/3389 2628/2628/2628
f 3331/3331/3331 2619/2619/2619 3303/3303/3303
f 3250/3250/3250 3300/3300/3300 3321/3321/3321
f 3321/3321/3321 3300/3300/3300 3330/3330/3330
f 3339/3339/3339 2092/2092/2092 2091/2091/2091
f 4178/4178/4178 4103/4103/4103 4180/4180/4180
f 3404/3404/3404 3364/3364/3364 3365/3365/3365
f 3329/3329/3329 3323/3323/3323 3363/3363/3363
f 4111/4111/4111 3324/3324/3324 3270/3270/3270
f 3325/3325/3325 3324/3324/3324 3310/3310/3310
f 3310/3310/3310 1483/1483/1483 3326/3326/3326
f 3279/3279/3279 3325/3325/3325 3277/3277/3277
f 1483/1483/1483 3327/3327/3327 3326/3326/3326
f 3327/3327/3327 3419/3419/3419 3326/3326/3326
f 1483/1483/1483 1558/1558/1558 3328/3328/3328
f 1554/1554/1554 3420/3420/3420 3419/3419/3419
f 1554/1554/1554 3328/3328/3328 1552/1552/1552
f 1483/1483/1483 3328/3328/3328 3327/3327/3327
f 3362/3362/3362 3360/3360/3360 3329/3329/3329
f 3380/3380/3380 3407/3407/3407 3368/3368/3368
f 206/206/206 3395/3395/3395 3394/3394/3394
f 3330/3330/3330 3320/3320/3320 3332/3332/3332
f 3251/3251/3251 3302/3302/3302 3332/3332/3332
f 3333/3333/3333 3331/3331/3331 3320/3320/3320
f 3332/3332/3332 3321/3321/3321 3330/3330/3330
f 3251/3251/3251 3332/3332/3332 3331/3331/3331
f 3320/3320/3320 3330/3330/3330 3336/3336/3336
f 2619/2619/2619 3333/3333/3333 2354/2354/2354
f 2354/2354/2354 3333/3333/3333 3335/3335/3335
f 3336/3336/3336 3335/3335/3335 3333/3333/3333
f 3336/3336/3336 3333/3333/3333 3320/3320/3320
f 3335/3335/3335 3334/3334/3334 3337/3337/3337
f 206/206/206 3336/3336/3336 3330/3330/3330
f 3335/3335/3335 3336/3336/3336 3334/3334/3334
f 3334/3334/3334 3389/3389/3389 3387/3387/3387
f 3400/3400/3400 2323/2323/2323 2415/2415/2415
f 3339/3339/3339 3338/3338/3338 2092/2092/2092
f 4256/4256/4256 3338/3338/3338 3322/3322/3322
f 3355/3355/3355 3341/3341/3341 3342/3342/3342
f 3339/3339/3339 3341/3341/3341 3343/3343/3343
f 3271/3271/3271 3345/3345/3345 3347/3347/3347
f 3306/3306/3306 3352/3352/3352 3353/3353/3353
f 3341/3341/3341 2091/2091/2091 3342/3342/3342
f 3343/3343/3343 3341/3341/3341 3340/3340/3340
f 2175/2175/2175 3402/3402/3402 3413/3413/3413
f 3440/3440/3440 3342/3342/3342 3413/3413/3413
f 3350/3350/3350 3340/3340/3340 3349/3349/3349
f 3354/3354/3354 3343/3343/3343 3305/3305/3305
f 3349/3349/3349 3348/3348/3348 3344/3344/3344
f 3272/3272/3272 3345/3345/3345 3271/3271/3271
f 3260/3260/3260 3345/3345/3345 3272/3272/3272
f 3348/3348/3348 3347/3347/3347 3345/3345/3345
f 3351/3351/3351 3349/3349/3349 3340/3340/3340
f 3358/3358/3358 3351/3351/3351 3359/3359/3359
f 4114/4114/4114 3347/3347/3347 3346/3346/3346
f 3270/3270/3270 3271/3271/3271 3347/3347/3347
f 3344/3344/3344 3350/3350/3350 3349/3349/3349
f 3346/3346/3346 3347/3347/3347 3348/3348/3348
f 3340/3340/3340 3355/3355/3355 3351/3351/3351
f 3348/3348/3348 3349/3349/3349 3357/3357/3357
f 3350/3350/3350 3344/3344/3344 3352/3352/3352
f 3340/3340/3340 3350/3350/3350 3343/3343/3343
f 3359/3359/3359 4224/4224/4224 4222/4222/4222
f 3348/3348/3348 3357/3357/3357 3346/3346/3346
f 3353/3353/3353 3352/3352/3352 3344/3344/3344
f 3305/3305/3305 3352/3352/3352 3306/3306/3306
f 3345/3345/3345 3353/3353/3353 3344/3344/3344
f 3306/3306/3306 3353/3353/3353 3260/3260/3260
f 4181/4181/4181 3354/3354/3354 3305/3305/3305
f 3339/3339/3339 3354/3354/3354 3322/3322/3322
f 3341/3341/3341 3355/3355/3355 3340/3340/3340
f 2090/2090/2090 3355/3355/3355 3342/3342/3342
f 4221/4221/4221 4223/4223/4223 4113/4113/4113
f 3358/3358/3358 3346/3346/3346 3357/3357/3357
f 3349/3349/3349 3351/3351/3351 3357/3357/3357
f 3358/3358/3358 3357/3357/3357 3351/3351/3351
f 3359/3359/3359 3351/3351/3351 2090/2090/2090
f 3358/3358/3358 3356/3356/3356 4112/4112/4112
f 2090/2090/2090 3448/3448/3448 4224/4224/4224
f 3356/3356/3356 3358/3358/3358 3359/3359/3359
f 3309/3309/3309 3360/3360/3360 3207/3207/3207
f 3329/3329/3329 3360/3360/3360 3323/3323/3323
f 3422/3422/3422 3404/3404/3404 3421/3421/3421
f 3379/3379/3379 4116/4116/4116 3370/3370/3370
f 3360/3360/3360 3362/3362/3362 3280/3280/3280
f 3425/3425/3425 3362/3362/3362 3329/3329/3329
f 3364/3364/3364 3363/3363/3363 3323/3323/3323
f 3423/3423/3423 3363/3363/3363 3315/3315/3315
f 3365/3365/3365 3364/3364/3364 3323/3323/3323
f 3364/3364/3364 3361/3361/3361 3366/3366/3366
f 3360/3360/3360 3365/3365/3365 3323/3323/3323
f 3421/3421/3421 3404/3404/3404 3309/3309/3309
f 3375/3375/3375 3369/3369/3369 3361/3361/3361
f 3315/3315/3315 3366/3366/3366 3371/3371/3371
f 3377/3377/3377 3374/3374/3374 393/393/393
f 1352/1352/1352 3383/3383/3383 3407/3407/3407
f 3366/3366/3366 3372/3372/3372 3371/3371/3371
f 3376/3376/3376 3380/3380/3380 3381/3381/3381
f 3370/3370/3370 3367/3367/3367 3379/3379/3379
f 3372/3372/3372 3369/3369/3369 3367/3367/3367
f 393/393/393 3370/3370/3370 1623/1623/1623
f 3379/3379/3379 3369/3369/3369 3375/3375/3375
f 3372/3372/3372 3366/3366/3366 3369/3369/3369
f 3407/3407/3407 3371/3371/3371 3368/3368/3368
f 3381/3381/3381 3367/3367/3367 3373/3373/3373
f 3371/3371/3371 3372/3372/3372 3368/3368/3368
f 3374/3374/3374 3367/3367/3367 3370/3370/3370
f 1166/1166/1166 1353/1353/1353 3376/3376/3376
f 3377/3377/3377 393/393/393 1487/1487/1487
f 3373/3373/3373 3367/3367/3367 3374/3374/3374
f 3309/3309/3309 3404/3404/3404 3365/3365/3365
f 4116/4116/4116 1563/1563/1563 1624/1624/1624
f 1353/1353/1353 1352/1352/1352 3376/3376/3376
f 3380/3380/3380 3376/3376/3376 1352/1352/1352
f 3378/3378/3378 3377/3377/3377 1487/1487/1487
f 3373/3373/3373 3374/3374/3374 3377/3377/3377
f 1168/1168/1168 3378/3378/3378 1487/1487/1487
f 3373/3373/3373 3378/3378/3378 1166/1166/1166
f 3369/3369/3369 3379/3379/3379 3367/3367/3367
f 3379/3379/3379 3375/3375/3375 4116/4116/4116
f 3407/3407/3407 3380/3380/3380 1352/1352/1352
f 3368/3368/3368 3372/3372/3372 3381/3381/3381
f 3367/3367/3367 3381/3381/3381 3372/3372/3372
f 3376/3376/3376 3381/3381/3381 3373/3373/3373
f 3382/3382/3382 3408/3408/3408 3426/3426/3426
f 3384/3384/3384 3245/3245/3245 3281/3281/3281
f 3427/3427/3427 1354/1354/1354 272/272/272
f 3382/3382/3382 3405/3405/3405 3408/3408/3408
f 3214/3214/3214 3385/3385/3385 3281/3281/3281
f 3384/3384/3384 3424/3424/3424 3436/3436/3436
f 3214/3214/3214 3362/3362/3362 3425/3425/3425
f 3384/3384/3384 3281/3281/3281 3385/3385/3385
f 2553/2553/2553 3386/3386/3386 2385/2385/2385
f 3335/3335/3335 3386/3386/3386 2354/2354/2354
f 3387/3387/3387 3392/3392/3392 3388/3388/3388
f 2672/2672/2672 2564/2564/2564 3388/3388/3388
f 2564/2564/2564 3393/3393/3393 3388/3388/3388
f 2355/2355/2355 3400/3400/3400 3401/3401/3401
f 3394/3394/3394 3334/3334/3334 3336/3336/3336
f 3336/3336/3336 206/206/206 3394/3394/3394
f 3391/3391/3391 3395/3395/3395 3107/3107/3107
f 3107/3107/3107 3108/3108/3108 3391/3391/3391
f 3108/3108/3108 3103/3103/3103 3391/3391/3391
f 3412/3412/3412 2633/2633/2633 3396/3396/3396
f 2628/2628/2628 2632/2632/2632 3392/3392/3392
f 2672/2672/2672 3392/3392/3392 2632/2632/2632
f 3393/3393/3393 2564/2564/2564 2566/2566/2566
f 3401/3401/3401 3393/3393/3393 2355/2355/2355
f 3390/3390/3390 3389/3389/3389 3394/3394/3394
f 3334/3334/3334 3394/3394/3394 3389/3389/3389
f 3394/3394/3394 3395/3395/3395 3390/3390/3390
f 3395/3395/3395 206/206/206 3301/3301/3301
f 3397/3397/3397 2633/2633/2633 2635/2635/2635
f 3397/3397/3397 3398/3398/3398 3396/3396/3396
f 3398/3398/3398 3397/3397/3397 2673/2673/2673
f 2633/2633/2633 3397/3397/3397 3396/3396/3396
f 2632/2632/2632 3398/3398/3398 2673/2673/2673
f 3398/3398/3398 2628/2628/2628 3399/3399/3399
f 3389/3389/3389 3399/3399/3399 2628/2628/2628
f 3396/3396/3396 3399/3399/3399 3390/3390/3390
f 3401/3401/3401 3400/3400/3400 3337/3337/3337
f 2386/2386/2386 3400/3400/3400 2355/2355/2355
f 3387/3387/3387 3401/3401/3401 3337/3337/3337
f 3401/3401/3401 3388/3388/3388 3393/3393/3393
f 3437/3437/3437 3402/3402/3402 2150/2150/2150
f 3439/3439/3439 3440/3440/3440 1896/1896/1896
f 3418/3418/3418 3417/3417/3417 3403/3403/3403
f 3415/3415/3415 3416/3416/3416 3375/3375/3375
f 3415/3415/3415 3404/3404/3404 3403/3403/3403
f 3364/3364/3364 3404/3404/3404 3361/3361/3361
f 3315/3315/3315 3407/3407/3407 3408/3408/3408
f 3405/3405/3405 3382/3382/3382 3424/3424/3424
f 3428/3428/3428 3406/3406/3406 3427/3427/3427
f 3428/3428/3428 3429/3429/3429 3406/3406/3406
f 3408/3408/3408 3407/3407/3407 3383/3383/3383
f 3371/3371/3371 3407/3407/3407 3315/3315/3315
f 3408/3408/3408 3383/3383/3383 3426/3426/3426
f 3315/3315/3315 3408/3408/3408 3405/3405/3405
f 3382/3382/3382 3426/3426/3426 3435/3435/3435
f 3296/3296/3296 3283/3283/3283 3410/3410/3410
f 3316/3316/3316 3410/3410/3410 3283/3283/3283
f 3411/3411/3411 3410/3410/3410 3245/3245/3245
f 3245/3245/3245 3384/3384/3384 3411/3411/3411
f 3411/3411/3411 3384/3384/3384 3436/3436/3436
f 3412/3412/3412 3103/3103/3103 3105/3105/3105
f 3396/3396/3396 3391/3391/3391 3412/3412/3412
f 2175/2175/2175 3413/3413/3413 2091/2091/2091
f 3440/3440/3440 3413/3413/3413 3402/3402/3402
f 2053/2053/2053 3897/3897/3897 2021/2021/2021
f 1956/1956/1956 3878/3878/3878 1955/1955/1955
f 3404/3404/3404 3415/3415/3415 3361/3361/3361
f 3416/3416/3416 3415/3415/3415 3403/3403/3403
f 3417/3417/3417 3416/3416/3416 3403/3403/3403
f 3416/3416/3416 1563/1563/1563 4116/4116/4116
f 3422/3422/3422 3418/3418/3418 3403/3403/3403
f 1564/1564/1564 3417/3417/3417 308/308/308
f 3277/3277/3277 3325/3325/3325 3419/3419/3419
f 3420/3420/3420 3418/3418/3418 3419/3419/3419
f 1554/1554/1554 3419/3419/3419 3327/3327/3327
f 3419/3419/3419 3418/3418/3418 3277/3277/3277
f 3420/3420/3420 1554/1554/1554 1621/1621/1621
f 3417/3417/3417 3418/3418/3418 3420/3420/3420
f 3313/3313/3313 3421/3421/3421 3309/3309/3309
f 3277/3277/3277 3418/3418/3418 3422/3422/3422
f 3404/3404/3404 3422/3422/3422 3403/3403/3403
f 3277/3277/3277 3422/3422/3422 3421/3421/3421
f 3315/3315/3315 3405/3405/3405 3423/3423/3423
f 3425/3425/3425 3423/3423/3423 3405/3405/3405
f 3436/3436/3436 3424/3424/3424 3382/3382/3382
f 3385/3385/3385 3424/3424/3424 3384/3384/3384
f 3214/3214/3214 3425/3425/3425 3385/3385/3385
f 3423/3423/3423 3425/3425/3425 3329/3329/3329
f 3427/3427/3427 3426/3426/3426 3383/3383/3383
f 3435/3435/3435 3426/3426/3426 3406/3406/3406
f 1354/1354/1354 3427/3427/3427 3383/3383/3383
f 3428/3428/3428 3427/3427/3427 272/272/272
f 1373/1373/1373 3428/3428/3428 272/272/272
f 3429/3429/3429 3428/3428/3428 1372/1372/1372
f 1372/1372/1372 1374/1374/1374 3430/3430/3430
f 3429/3429/3429 3294/3294/3294 3432/3432/3432
f 1370/1370/1370 3441/3441/3441 3430/3430/3430
f 1369/1369/1369 3297/3297/3297 3431/3431/3431
f 3294/3294/3294 3431/3431/3431 3298/3298/3298
f 3431/3431/3431 3430/3430/3430 3441/3441/3441
f 3434/3434/3434 3432/3432/3432 3294/3294/3294
f 3435/3435/3435 3432/3432/3432 3409/3409/3409
f 3429/3429/3429 3430/3430/3430 3433/3433/3433
f 3431/3431/3431 3433/3433/3433 3430/3430/3430
f 3295/3295/3295 3434/3434/3434 3294/3294/3294
f 3409/3409/3409 3434/3434/3434 3296/3296/3296
f 3435/3435/3435 3409/3409/3409 3436/3436/3436
f 3429/3429/3429 3435/3435/3435 3406/3406/3406
f 3435/3435/3435 3436/3436/3436 3382/3382/3382
f 3411/3411/3411 3436/3436/3436 3409/3409/3409
f 2150/2150/2150 3908/3908/3908 3898/3898/3898
f 3414/3414/3414 3892/3892/3892 3438/3438/3438
f 1896/1896/1896 3443/3443/3443 3439/3439/3439
f 3402/3402/3402 3437/3437/3437 3438/3438/3438
f 3439/3439/3439 3443/3443/3443 3448/3448/3448
f 3402/3402/3402 3438/3438/3438 3440/3440/3440
f 1896/1896/1896 3440/3440/3440 3438/3438/3438
f 3342/3342/3342 3440/3440/3440 3439/3439/3439
f 3441/3441/3441 1370/1370/1370 3442/3442/3442
f 3431/3431/3431 3441/3441/3441 1369/1369/1369
f 1370/1370/1370 1371/1371/1371 3449/3449/3449
f 3442/3442/3442 3451/3451/3451 3454/3454/3454
f 3443/3443/3443 1896/1896/1896 3446/3446/3446
f 3443/3443/3443 3447/3447/3447 2094/2094/2094
f 3877/3877/3877 3885/3885/3885 3878/3878/3878
f 3870/3870/3870 3856/3856/3856 3865/3865/3865
f 3447/3447/3447 3445/3445/3445 1993/1993/1993
f 3445/3445/3445 3444/3444/3444 3869/3869/3869
f 3877/3877/3877 3881/3881/3881 3883/3883/3883
f 3445/3445/3445 3446/3446/3446 3444/3444/3444
f 2094/2094/2094 3447/3447/3447 1993/1993/1993
f 3446/3446/3446 3447/3447/3447 3443/3443/3443
f 2093/2093/2093 4222/4222/4222 4224/4224/4224
f 3342/3342/3342 3448/3448/3448 2090/2090/2090
f 456/456/456 3450/3450/3450 3452/3452/3452
f 1370/1370/1370 3449/3449/3449 3442/3442/3442
f 3453/3453/3453 456/456/456 1179/1179/1179
f 1383/1383/1383 1380/1380/1380 3453/3453/3453
f 3452/3452/3452 3451/3451/3451 3449/3449/3449
f 3450/3450/3450 1380/1380/1380 3451/3451/3451
f 456/456/456 3452/3452/3452 1343/1343/1343
f 3451/3451/3451 3452/3452/3452 3450/3450/3450
f 1383/1383/1383 3453/3453/3453 1176/1176/1176
f 456/456/456 3453/3453/3453 3450/3450/3450
f 1381/1381/1381 3454/3454/3454 1380/1380/1380
f 3455/3455/3455 3454/3454/3454 1377/1377/1377
f 3455/3455/3455 1377/1377/1377 3070/3070/3070
f 3455/3455/3455 1369/1369/1369 3441/3441/3441
f 3937/3937/3937 3938/3938/3938 3936/3936/3936
f 269/269/269 3461/3461/3461 2265/2265/2265
f 343/343/343 3457/3457/3457 863/863/863
f 3458/3458/3458 3456/3456/3456 3461/3461/3461
f 3459/3459/3459 269/269/269 2689/2689/2689
f 3460/3460/3460 3464/3464/3464 3459/3459/3459
f 3460/3460/3460 3459/3459/3459 2662/2662/2662
f 269/269/269 3459/3459/3459 3458/3458/3458
f 3462/3462/3462 3460/3460/3460 2662/2662/2662
f 342/342/342 3463/3463/3463 3460/3460/3460
f 3461/3461/3461 3456/3456/3456 3946/3946/3946
f 269/269/269 3458/3458/3458 3461/3461/3461
f 2691/2691/2691 3462/3462/3462 2662/2662/2662
f 1504/1504/1504 1583/1583/1583 4117/4117/4117
f 866/866/866 3463/3463/3463 342/342/342
f 861/861/861 3463/3463/3463 856/856/856
f 861/861/861 3458/3458/3458 3464/3464/3464
f 3459/3459/3459 3464/3464/3464 3458/3458/3458
f 3465/3465/3465 919/919/919 689/689/689
f 3465/3465/3465 691/691/691 960/960/960
f 4236/4236/4236 4238/4238/4238 4237/4237/4237
f 4194/4194/4194 4000/4000/4000 4195/4195/4195
f 4215/4215/4215 4006/4006/4006 4214/4214/4214
f 4121/4121/4121 3467/3467/3467 4205/4205/4205
f 954/954/954 3469/3469/3469 3468/3468/3468
f 3470/3470/3470 3471/3471/3471 3469/3469/3469
f 1222/1222/1222 3469/3469/3469 954/954/954
f 3470/3470/3470 3469/3469/3469 1140/1140/1140
f 1140/1140/1140 1141/1141/1141 3474/3474/3474
f 3479/3479/3479 3471/3471/3471 968/968/968
f 3469/3469/3469 3471/3471/3471 3468/3468/3468
f 968/968/968 3471/3471/3471 3470/3470/3470
f 3600/3600/3600 3575/3575/3575 3598/3598/3598
f 4015/4015/4015 4017/4017/4017 4016/4016/4016
f 3474/3474/3474 3473/3473/3473 3470/3470/3470
f 4133/4133/4133 4137/4137/4137 4130/4130/4130
f 3474/3474/3474 3470/3470/3470 1140/1140/1140
f 3474/3474/3474 231/231/231 4126/4126/4126
f 3472/3472/3472 4137/4137/4137 4132/4132/4132
f 4281/4281/4281 4261/4261/4261 3477/3477/3477
f 966/966/966 965/965/965 3476/3476/3476
f 3476/3476/3476 965/965/965 970/970/970
f 3475/3475/3475 4275/4275/4275 4281/4281/4281
f 3477/3477/3477 208/208/208 1223/1223/1223
f 969/969/969 3479/3479/3479 3478/3478/3478
f 968/968/968 4132/4132/4132 4138/4138/4138
f 3471/3471/3471 3479/3479/3479 969/969/969
f 968/968/968 3478/3478/3478 3479/3479/3479
f 3476/3476/3476 3477/3477/3477 3480/3480/3480
f 1223/1223/1223 3480/3480/3480 3477/3477/3477
f 1021/1021/1021 3481/3481/3481 509/509/509
f 977/977/977 3481/3481/3481 978/978/978
f 3482/3482/3482 546/546/546 1449/1449/1449
f 3484/3484/3484 496/496/496 1015/1015/1015
f 3483/3483/3483 1271/1271/1271 1056/1056/1056
f 496/496/496 3482/3482/3482 3483/3483/3483
f 1013/1013/1013 3484/3484/3484 1015/1015/1015
f 1014/1014/1014 3482/3482/3482 3484/3484/3484
f 794/794/794 1491/1491/1491 3486/3486/3486
f 1085/1085/1085 3485/3485/3485 1084/1084/1084
f 1084/1084/1084 3485/3485/3485 3486/3486/3486
f 3486/3486/3486 3485/3485/3485 794/794/794
f 3491/3491/3491 1494/1494/1494 3489/3489/3489
f 3491/3491/3491 3487/3487/3487 3488/3488/3488
f 3491/3491/3491 3488/3488/3488 320/320/320
f 3487/3487/3487 3490/3490/3490 3488/3488/3488
f 1646/1646/1646 3493/3493/3493 1312/1312/1312
f 3492/3492/3492 3501/3501/3501 3503/3503/3503
f 3490/3490/3490 1099/1099/1099 3613/3613/3613
f 3488/3488/3488 3490/3490/3490 1101/1101/1101
f 1494/1494/1494 3491/3491/3491 320/320/320
f 3494/3494/3494 3491/3491/3491 3489/3489/3489
f 3496/3496/3496 1104/1104/1104 2072/2072/2072
f 3496/3496/3496 3492/3492/3492 3493/3493/3493
f 3496/3496/3496 3493/3493/3493 1104/1104/1104
f 3493/3493/3493 3492/3492/3492 3495/3495/3495
f 3610/3610/3610 3499/3499/3499 3497/3497/3497
f 3492/3492/3492 3496/3496/3496 3501/3501/3501
f 3493/3493/3493 3495/3495/3495 1312/1312/1312
f 3503/3503/3503 3495/3495/3495 3492/3492/3492
f 3498/3498/3498 2043/2043/2043 2071/2071/2071
f 3499/3499/3499 2043/2043/2043 3498/3498/3498
f 3630/3630/3630 3632/3632/3632 1930/1930/1930
f 3582/3582/3582 3611/3611/3611 3540/3540/3540
f 1926/1926/1926 3498/3498/3498 2071/2071/2071
f 3499/3499/3499 3498/3498/3498 3497/3497/3497
f 3501/3501/3501 3499/3499/3499 3610/3610/3610
f 2043/2043/2043 3499/3499/3499 3496/3496/3496
f 3611/3611/3611 3584/3584/3584 3535/3535/3535
f 3503/3503/3503 3494/3494/3494 3489/3489/3489
f 3499/3499/3499 3501/3501/3501 3496/3496/3496
f 3503/3503/3503 3501/3501/3501 3500/3500/3500
f 3490/3490/3490 3502/3502/3502 1099/1099/1099
f 3487/3487/3487 3494/3494/3494 3502/3502/3502
f 3503/3503/3503 3489/3489/3489 3495/3495/3495
f 3603/3603/3603 3503/3503/3503 3500/3500/3500
f 3559/3559/3559 3623/3623/3623 3586/3586/3586
f 3505/3505/3505 337/337/337 834/834/834
f 434/434/434 3505/3505/3505 834/834/834
f 3612/3612/3612 3505/3505/3505 3504/3504/3504
f 3513/3513/3513 3509/3509/3509 338/338/338
f 3532/3532/3532 3557/3557/3557 3506/3506/3506
f 1129/1129/1129 3509/3509/3509 3508/3508/3508
f 3656/3656/3656 3524/3524/3524 3510/3510/3510
f 3509/3509/3509 1129/1129/1129 338/338/338
f 3507/3507/3507 3579/3579/3579 3508/3508/3508
f 1123/1123/1123 3517/3517/3517 1122/1122/1122
f 3507/3507/3507 3509/3509/3509 3514/3514/3514
f 3579/3579/3579 3580/3580/3580 3525/3525/3525
f 3579/3579/3579 3525/3525/3525 3657/3657/3657
f 3527/3527/3527 3529/3529/3529 3533/3533/3533
f 3543/3543/3543 3512/3512/3512 3526/3526/3526
f 3509/3509/3509 3528/3528/3528 3514/3514/3514
f 3526/3526/3526 3511/3511/3511 3529/3529/3529
f 1122/1122/1122 3517/3517/3517 3519/3519/3519
f 3526/3526/3526 3513/3513/3513 3511/3511/3511
f 3528/3528/3528 3509/3509/3509 3513/3513/3513
f 3515/3515/3515 3514/3514/3514 3512/3512/3512
f 3532/3532/3532 3512/3512/3512 3531/3531/3531
f 3506/3506/3506 3525/3525/3525 3580/3580/3580
f 1123/1123/1123 3518/3518/3518 3517/3517/3517
f 3523/3523/3523 3522/3522/3522 3511/3511/3511
f 3518/3518/3518 1123/1123/1123 432/432/432
f 3519/3519/3519 3517/3517/3517 3516/3516/3516
f 432/432/432 1116/1116/1116 3518/3518/3518
f 1116/1116/1116 1319/1319/1319 3578/3578/3578
f 3519/3519/3519 3516/3516/3516 3523/3523/3523
f 3519/3519/3519 338/338/338 1127/1127/1127
f 3534/3534/3534 3536/3536/3536 3530/3530/3530
f 3521/3521/3521 3522/3522/3522 3516/3516/3516
f 1116/1116/1116 3521/3521/3521 3518/3518/3518
f 3522/3522/3522 3521/3521/3521 3520/3520/3520
f 3522/3522/3522 3520/3520/3520 3536/3536/3536
f 3511/3511/3511 3513/3513/3513 3523/3523/3523
f 3519/3519/3519 3523/3523/3523 3513/3513/3513
f 3516/3516/3516 3522/3522/3522 3523/3523/3523
f 1137/1137/1137 3524/3524/3524 1136/1136/1136
f 3508/3508/3508 3524/3524/3524 1128/1128/1128
f 3597/3597/3597 3557/3557/3557 3549/3549/3549
f 1136/1136/1136 3524/3524/3524 3656/3656/3656
f 3534/3534/3534 3533/3533/3533 3529/3529/3529
f 3528/3528/3528 3512/3512/3512 3514/3514/3514
f 3547/3547/3547 3527/3527/3527 3541/3541/3541
f 3531/3531/3531 3512/3512/3512 3543/3543/3543
f 3513/3513/3513 3526/3526/3526 3528/3528/3528
f 3512/3512/3512 3528/3528/3528 3526/3526/3526
f 3511/3511/3511 3536/3536/3536 3534/3534/3534
f 3529/3529/3529 3527/3527/3527 3544/3544/3544
f 842/842/842 3546/3546/3546 266/266/266
f 3533/3533/3533 3537/3537/3537 3527/3527/3527
f 3537/3537/3537 3541/3541/3541 3527/3527/3527
f 3506/3506/3506 3515/3515/3515 3532/3532/3532
f 3570/3570/3570 3531/3531/3531 3547/3547/3547
f 3549/3549/3549 3557/3557/3557 3558/3558/3558
f 3534/3534/3534 3529/3529/3529 3511/3511/3511
f 3538/3538/3538 3537/3537/3537 3533/3533/3533
f 3511/3511/3511 3522/3522/3522 3536/3536/3536
f 3530/3530/3530 3533/3533/3533 3534/3534/3534
f 3550/3550/3550 3546/3546/3546 842/842/842
f 3538/3538/3538 3542/3542/3542 3535/3535/3535
f 3520/3520/3520 266/266/266 3536/3536/3536
f 3555/3555/3555 3536/3536/3536 266/266/266
f 3538/3538/3538 3533/3533/3533 3530/3530/3530
f 3539/3539/3539 3537/3537/3537 3535/3535/3535
f 3546/3546/3546 3542/3542/3542 3555/3555/3555
f 3535/3535/3535 3537/3537/3537 3538/3538/3538
f 3539/3539/3539 3584/3584/3584 3554/3554/3554
f 3539/3539/3539 224/224/224 3541/3541/3541
f 3559/3559/3559 837/837/837 839/839/839
f 3550/3550/3550 3585/3585/3585 3540/3540/3540
f 3541/3541/3541 3556/3556/3556 3547/3547/3547
f 224/224/224 3565/3565/3565 3560/3560/3560
f 3530/3530/3530 3542/3542/3542 3538/3538/3538
f 3582/3582/3582 3540/3540/3540 3552/3552/3552
f 3526/3526/3526 3529/3529/3529 3543/3543/3543
f 3544/3544/3544 3543/3543/3543 3529/3529/3529
f 3547/3547/3547 3544/3544/3544 3527/3527/3527
f 3543/3543/3543 3544/3544/3544 3531/3531/3531
f 3531/3531/3531 3544/3544/3544 3547/3547/3547
f 4123/4123/4123 3566/3566/3566 3545/3545/3545
f 3550/3550/3550 842/842/842 837/837/837
f 3546/3546/3546 3540/3540/3540 3542/3542/3542
f 224/224/224 3560/3560/3560 3541/3541/3541
f 3545/3545/3545 3566/3566/3566 3558/3558/3558
f 3922/3922/3922 3564/3564/3564 3923/3923/3923
f 3596/3596/3596 3561/3561/3561 3545/3545/3545
f 3566/3566/3566 4123/4123/4123 3568/3568/3568
f 3574/3574/3574 3549/3549/3549 3568/3568/3568
f 337/337/337 3612/3612/3612 839/839/839
f 3540/3540/3540 3546/3546/3546 3550/3550/3550
f 1099/1099/1099 3502/3502/3502 3602/3602/3602
f 3608/3608/3608 3581/3581/3581 3603/3603/3603
f 3585/3585/3585 3550/3550/3550 837/837/837
f 3583/3583/3583 3552/3552/3552 3586/3586/3586
f 3583/3583/3583 3553/3553/3553 3582/3582/3582
f 3539/3539/3539 3535/3535/3535 3584/3584/3584
f 3553/3553/3553 3583/3583/3583 3650/3650/3650
f 3594/3594/3594 3590/3590/3590 3619/3619/3619
f 3536/3536/3536 3555/3555/3555 3530/3530/3530
f 266/266/266 3546/3546/3546 3555/3555/3555
f 3561/3561/3561 3556/3556/3556 3548/3548/3548
f 3596/3596/3596 3558/3558/3558 3570/3570/3570
f 3557/3557/3557 3532/3532/3532 3558/3558/3558
f 3597/3597/3597 3549/3549/3549 3574/3574/3574
f 3570/3570/3570 3532/3532/3532 3531/3531/3531
f 3556/3556/3556 3561/3561/3561 3596/3596/3596
f 3612/3612/3612 3504/3504/3504 3587/3587/3587
f 3583/3583/3583 3586/3586/3586 3551/3551/3551
f 3548/3548/3548 3556/3556/3556 3560/3560/3560
f 3541/3541/3541 3560/3560/3560 3556/3556/3556
f 3548/3548/3548 3562/3562/3562 3561/3561/3561
f 3561/3561/3561 3562/3562/3562 3569/3569/3569
f 3564/3564/3564 3562/3562/3562 3588/3588/3588
f 3562/3562/3562 2032/2032/2032 3569/3569/3569
f 3588/3588/3588 3560/3560/3560 3565/3565/3565
f 3565/3565/3565 3621/3621/3621 3588/3588/3588
f 3588/3588/3588 3562/3562/3562 3548/3548/3548
f 3563/3563/3563 3620/3620/3620 3923/3923/3923
f 3554/3554/3554 3589/3589/3589 224/224/224
f 3565/3565/3565 224/224/224 3589/3589/3589
f 3569/3569/3569 3545/3545/3545 3561/3561/3561
f 3549/3549/3549 3558/3558/3558 3566/3566/3566
f 2032/2032/2032 3922/3922/3922 4032/4032/4032
f 4041/4041/4041 4075/4075/4075 4040/4040/4040
f 3576/3576/3576 3568/3568/3568 3567/3567/3567
f 3574/3574/3574 3577/3577/3577 3572/3572/3572
f 2032/2032/2032 4032/4032/4032 4034/4034/4034
f 3567/3567/3567 3568/3568/3568 4123/4123/4123
f 3596/3596/3596 3547/3547/3547 3556/3556/3556
f 3532/3532/3532 3570/3570/3570 3558/3558/3558
f 4028/4028/4028 3573/3573/3573 4038/4038/4038
f 4087/4087/4087 4085/4085/4085 3066/3066/3066
f 4025/4025/4025 4043/4043/4043 4023/4023/4023
f 4128/4128/4128 3656/3656/3656 4127/4127/4127
f 4037/4037/4037 3573/3573/3573 3576/3576/3576
f 3571/3571/3571 4026/4026/4026 4027/4027/4027
f 3568/3568/3568 3576/3576/3576 3577/3577/3577
f 3557/3557/3557 3575/3575/3575 3506/3506/3506
f 3574/3574/3574 3572/3572/3572 3598/3598/3598
f 3598/3598/3598 3572/3572/3572 4056/4056/4056
f 3567/3567/3567 4034/4034/4034 4037/4037/4037
f 3577/3577/3577 3576/3576/3576 3573/3573/3573
f 3577/3577/3577 3573/3573/3573 4027/4027/4027
f 3568/3568/3568 3577/3577/3577 3574/3574/3574
f 266/266/266 3578/3578/3578 1319/1319/1319
f 3521/3521/3521 3578/3578/3578 3520/3520/3520
f 3508/3508/3508 3579/3579/3579 3510/3510/3510
f 3580/3580/3580 3579/3579/3579 3507/3507/3507
f 3514/3514/3514 3580/3580/3580 3507/3507/3507
f 3506/3506/3506 3580/3580/3580 3515/3515/3515
f 3603/3603/3603 3602/3602/3602 3494/3494/3494
f 3610/3610/3610 3609/3609/3609 3603/3603/3603
f 3583/3583/3583 3582/3582/3582 3552/3552/3552
f 3553/3553/3553 3584/3584/3584 3611/3611/3611
f 3581/3581/3581 3607/3607/3607 3605/3605/3605
f 3643/3643/3643 3635/3635/3635 3638/3638/3638
f 3611/3611/3611 3535/3535/3535 3542/3542/3542
f 3663/3663/3663 3584/3584/3584 3553/3553/3553
f 3585/3585/3585 3552/3552/3552 3540/3540/3540
f 837/837/837 3559/3559/3559 3585/3585/3585
f 3585/3585/3585 3586/3586/3586 3552/3552/3552
f 3587/3587/3587 3623/3623/3623 3612/3612/3612
f 3504/3504/3504 3613/3613/3613 3587/3587/3587
f 3602/3602/3602 3604/3604/3604 1099/1099/1099
f 3564/3564/3564 3588/3588/3588 3563/3563/3563
f 3560/3560/3560 3588/3588/3588 3548/3548/3548
f 3618/3618/3618 3663/3663/3663 3662/3662/3662
f 3565/3565/3565 3589/3589/3589 3594/3594/3594
f 3653/3653/3653 3589/3589/3589 3618/3618/3618
f 3605/3605/3605 3607/3607/3607 3551/3551/3551
f 2034/2034/2034 3620/3620/3620 3595/3595/3595
f 3592/3592/3592 3591/3591/3591 3614/3614/3614
f 2002/2002/2002 3592/3592/3592 2008/2008/2008
f 3591/3591/3591 3619/3619/3619 3614/3614/3614
f 3651/3651/3651 3590/3590/3590 3653/3653/3653
f 2001/2001/2001 3616/3616/3616 1904/1904/1904
f 3618/3618/3618 3589/3589/3589 3554/3554/3554
f 3614/3614/3614 3619/3619/3619 3590/3590/3590
f 3620/3620/3620 2034/2034/2034 2033/2033/2033
f 3592/3592/3592 3595/3595/3595 3591/3591/3591
f 3558/3558/3558 3596/3596/3596 3545/3545/3545
f 3547/3547/3547 3596/3596/3596 3570/3570/3570
f 3598/3598/3598 3597/3597/3597 3574/3574/3574
f 3557/3557/3557 3597/3597/3597 3575/3575/3575
f 4054/4054/4054 4055/4055/4055 4056/4056/4056
f 3597/3597/3597 3598/3598/3598 3575/3575/3575
f 4026/4026/4026 4052/4052/4052 3572/3572/3572
f 4126/4126/4126 4124/4124/4124 4130/4130/4130
f 3599/3599/3599 4129/4129/4129 3600/3600/3600
f 3506/3506/3506 3601/3601/3601 3525/3525/3525
f 3575/3575/3575 3600/3600/3600 3601/3601/3601
f 3666/3666/3666 3601/3601/3601 3600/3600/3600
f 3494/3494/3494 3503/3503/3503 3603/3603/3603
f 3604/3604/3604 3602/3602/3602 3581/3581/3581
f 3667/3667/3667 3636/3636/3636 3659/3659/3659
f 3581/3581/3581 3602/3602/3602 3603/3603/3603
f 3605/3605/3605 3604/3604/3604 3581/3581/3581
f 3604/3604/3604 3587/3587/3587 3613/3613/3613
f 3581/3581/3581 3608/3608/3608 3607/3607/3607
f 3551/3551/3551 3586/3586/3586 3623/3623/3623
f 3637/3637/3637 3639/3639/3639 3640/3640/3640
f 3590/3590/3590 3651/3651/3651 3655/3655/3655
f 3650/3650/3650 3660/3660/3660 3661/3661/3661
f 3583/3583/3583 3551/3551/3551 3624/3624/3624
f 3603/3603/3603 3500/3500/3500 3610/3610/3610
f 3607/3607/3607 3608/3608/3608 3606/3606/3606
f 3606/3606/3606 3608/3608/3608 3609/3609/3609
f 3609/3609/3609 3608/3608/3608 3603/3603/3603
f 3501/3501/3501 3610/3610/3610 3500/3500/3500
f 3497/3497/3497 3609/3609/3609 3610/3610/3610
f 3540/3540/3540 3611/3611/3611 3542/3542/3542
f 3553/3553/3553 3611/3611/3611 3582/3582/3582
f 839/839/839 3612/3612/3612 3559/3559/3559
f 3612/3612/3612 337/337/337 3505/3505/3505
f 3490/3490/3490 3613/3613/3613 3504/3504/3504
f 3604/3604/3604 3613/3613/3613 1099/1099/1099
f 3590/3590/3590 3593/3593/3593 3614/3614/3614
f 3592/3592/3592 3614/3614/3614 3593/3593/3593
f 3664/3664/3664 3636/3636/3636 3648/3648/3648
f 1930/1930/1930 205/205/205 3630/3630/3630
f 3631/3631/3631 3615/3615/3615 3644/3644/3644
f 1996/1996/1996 3649/3649/3649 205/205/205
f 3624/3624/3624 3625/3625/3625 3660/3660/3660
f 3639/3639/3639 3606/3606/3606 3609/3609/3609
f 3554/3554/3554 3584/3584/3584 3663/3663/3663
f 3618/3618/3618 3617/3617/3617 3651/3651/3651
f 3620/3620/3620 3619/3619/3619 3591/3591/3591
f 3594/3594/3594 3621/3621/3621 3565/3565/3565
f 3595/3595/3595 3620/3620/3620 3591/3591/3591
f 3620/3620/3620 2033/2033/2033 3923/3923/3923
f 3620/3620/3620 3621/3621/3621 3619/3619/3619
f 3588/3588/3588 3621/3621/3621 3563/3563/3563
f 3510/3510/3510 3657/3657/3657 3656/3656/3656
f 4124/4124/4124 4127/4127/4127 4129/4129/4129
f 3604/3604/3604 3623/3623/3623 3587/3587/3587
f 3551/3551/3551 3623/3623/3623 3605/3605/3605
f 3551/3551/3551 3607/3607/3607 3624/3624/3624
f 3607/3607/3607 3658/3658/3658 3624/3624/3624
f 3607/3607/3607 3606/3606/3606 3658/3658/3658
f 3606/3606/3606 3667/3667/3667 3658/3658/3658
f 3626/3626/3626 3593/3593/3593 3647/3647/3647
f 2007/2007/2007 3627/3627/3627 1998/1998/1998
f 3626/3626/3626 3615/3615/3615 3627/3627/3627
f 3628/3628/3628 3615/3615/3615 3616/3616/3616
f 2001/2001/2001 3628/3628/3628 3616/3616/3616
f 1998/1998/1998 3627/3627/3627 3628/3628/3628
f 3646/3646/3646 3644/3644/3644 3615/3615/3615
f 1928/1928/1928 3634/3634/3634 1927/1927/1927
f 3630/3630/3630 205/205/205 3649/3649/3649
f 3632/3632/3632 3630/3630/3630 3629/3629/3629
f 3615/3615/3615 3631/3631/3631 3616/3616/3616
f 3629/3629/3629 3630/3630/3630 3631/3631/3631
f 3632/3632/3632 3629/3629/3629 3633/3633/3633
f 1930/1930/1930 3632/3632/3632 1920/1920/1920
f 3644/3644/3644 3641/3641/3641 3629/3629/3629
f 2042/2042/2042 3635/3635/3635 1926/1926/1926
f 1925/1925/1925 3634/3634/3634 1928/1928/1928
f 1920/1920/1920 3633/3633/3633 3634/3634/3634
f 1927/1927/1927 3635/3635/3635 2042/2042/2042
f 3635/3635/3635 3633/3633/3633 3638/3638/3638
f 3633/3633/3633 3641/3641/3641 3638/3638/3638
f 3659/3659/3659 3664/3664/3664 3665/3665/3665
f 3609/3609/3609 3497/3497/3497 3639/3639/3639
f 3640/3640/3640 3639/3639/3639 3497/3497/3497
f 3641/3641/3641 3633/3633/3633 3629/3629/3629
f 3642/3642/3642 3638/3638/3638 3636/3636/3636
f 3497/3497/3497 3498/3498/3498 3640/3640/3640
f 3639/3639/3639 3637/3637/3637 3667/3667/3667
f 3643/3643/3643 1926/1926/1926 3635/3635/3635
f 3640/3640/3640 3643/3643/3643 3642/3642/3642
f 3629/3629/3629 3631/3631/3631 3644/3644/3644
f 3638/3638/3638 3641/3641/3641 3648/3648/3648
f 3636/3636/3636 3637/3637/3637 3642/3642/3642
f 3640/3640/3640 3642/3642/3642 3637/3637/3637
f 3642/3642/3642 3643/3643/3643 3638/3638/3638
f 1926/1926/1926 3643/3643/3643 3640/3640/3640
f 3647/3647/3647 3646/3646/3646 3626/3626/3626
f 3646/3646/3646 3648/3648/3648 3644/3644/3644
f 3654/3654/3654 3655/3655/3655 3651/3651/3651
f 3644/3644/3644 3648/3648/3648 3641/3641/3641
f 3626/3626/3626 3646/3646/3646 3615/3615/3615
f 3648/3648/3648 3646/3646/3646 3645/3645/3645
f 3647/3647/3647 3593/3593/3593 3655/3655/3655
f 3646/3646/3646 3647/3647/3647 3645/3645/3645
f 3664/3664/3664 3645/3645/3645 3652/3652/3652
f 3638/3638/3638 3648/3648/3648 3636/3636/3636
f 1904/1904/1904 3616/3616/3616 3649/3649/3649
f 3649/3649/3649 3616/3616/3616 3631/3631/3631
f 3583/3583/3583 3624/3624/3624 3660/3660/3660
f 3618/3618/3618 3662/3662/3662 3617/3617/3617
f 3654/3654/3654 3651/3651/3651 3617/3617/3617
f 3653/3653/3653 3590/3590/3590 3594/3594/3594
f 3625/3625/3625 3659/3659/3659 3665/3665/3665
f 3645/3645/3645 3647/3647/3647 3655/3655/3655
f 3589/3589/3589 3653/3653/3653 3594/3594/3594
f 3618/3618/3618 3651/3651/3651 3653/3653/3653
f 3665/3665/3665 3654/3654/3654 3617/3617/3617
f 3655/3655/3655 3654/3654/3654 3652/3652/3652
f 3655/3655/3655 3652/3652/3652 3645/3645/3645
f 3593/3593/3593 3590/3590/3590 3655/3655/3655
f 3510/3510/3510 3579/3579/3579 3657/3657/3657
f 4127/4127/4127 3656/3656/3656 3622/3622/3622
f 3525/3525/3525 3601/3601/3601 3666/3666/3666
f 3622/3622/3622 3656/3656/3656 3657/3657/3657
f 3667/3667/3667 3659/3659/3659 3658/3658/3658
f 3624/3624/3624 3658/3658/3658 3625/3625/3625
f 3659/3659/3659 3636/3636/3636 3664/3664/3664
f 3625/3625/3625 3658/3658/3658 3659/3659/3659
f 3661/3661/3661 3660/3660/3660 3625/3625/3625
f 3583/3583/3583 3660/3660/3660 3650/3650/3650
f 3665/3665/3665 3661/3661/3661 3625/3625/3625
f 3662/3662/3662 3661/3661/3661 3617/3617/3617
f 3663/3663/3663 3618/3618/3618 3554/3554/3554
f 3661/3661/3661 3662/3662/3662 3650/3650/3650
f 3553/3553/3553 3650/3650/3650 3663/3663/3663
f 3662/3662/3662 3663/3663/3663 3650/3650/3650
f 3645/3645/3645 3664/3664/3664 3648/3648/3648
f 3664/3664/3664 3652/3652/3652 3665/3665/3665
f 3654/3654/3654 3665/3665/3665 3652/3652/3652
f 3665/3665/3665 3617/3617/3617 3661/3661/3661
f 3622/3622/3622 3666/3666/3666 3600/3600/3600
f 3525/3525/3525 3666/3666/3666 3657/3657/3657
f 3639/3639/3639 3667/3667/3667 3606/3606/3606
f 3636/3636/3636 3667/3667/3667 3637/3637/3637
f 461/461/461 1400/1400/1400 3669/3669/3669
f 3668/3668/3668 3674/3674/3674 1589/1589/1589
f 3670/3670/3670 3669/3669/3669 1218/1218/1218
f 1589/1589/1589 3674/3674/3674 1513/1513/1513
f 2842/2842/2842 3670/3670/3670 1218/1218/1218
f 3671/3671/3671 3670/3670/3670 351/351/351
f 2890/2890/2890 3679/3679/3679 351/351/351
f 3671/3671/3671 1513/1513/1513 3674/3674/3674
f 3672/3672/3672 4004/4004/4004 3675/3675/3675
f 1589/1589/1589 3673/3673/3673 913/913/913
f 3672/3672/3672 3675/3675/3675 3673/3673/3673
f 3676/3676/3676 1590/1590/1590 1684/1684/1684
f 3668/3668/3668 3669/3669/3669 3674/3674/3674
f 3671/3671/3671 3674/3674/3674 3669/3669/3669
f 4004/4004/4004 3672/3672/3672 2951/2951/2951
f 2081/2081/2081 2084/2084/2084 3676/3676/3676
f 3673/3673/3673 3675/3675/3675 3676/3676/3676
f 3676/3676/3676 3675/3675/3675 2081/2081/2081
f 3677/3677/3677 1390/1390/1390 1392/1392/1392
f 3678/3678/3678 3677/3677/3677 1389/1389/1389
f 1511/1511/1511 3678/3678/3678 1389/1389/1389
f 461/461/461 3668/3668/3668 3678/3678/3678
f 2951/2951/2951 3672/3672/3672 3679/3679/3679
f 3671/3671/3671 3679/3679/3679 3672/3672/3672
f 2138/2138/2138 2141/2141/2141 3683/3683/3683
f 3685/3685/3685 3686/3686/3686 3684/3684/3684
f 3724/3724/3724 3736/3736/3736 3745/3745/3745
f 3708/3708/3708 3698/3698/3698 3718/3718/3718
f 3690/3690/3690 3686/3686/3686 3685/3685/3685
f 3683/3683/3683 3684/3684/3684 2138/2138/2138
f 3784/3784/3784 2141/2141/2141 238/238/238
f 3684/3684/3684 3683/3683/3683 3682/3682/3682
f 3684/3684/3684 3682/3682/3682 3685/3685/3685
f 3684/3684/3684 1518/1518/1518 2167/2167/2167
f 3682/3682/3682 3687/3687/3687 3685/3685/3685
f 3687/3687/3687 3689/3689/3689 3685/3685/3685
f 2172/2172/2172 3686/3686/3686 3680/3680/3680
f 3684/3684/3684 3686/3686/3686 1518/1518/1518
f 3783/3783/3783 3682/3682/3682 3782/3782/3782
f 3712/3712/3712 3697/3697/3697 3711/3711/3711
f 3704/3704/3704 3705/3705/3705 3692/3692/3692
f 3696/3696/3696 2440/2440/2440 2442/2442/2442
f 3712/3712/3712 3687/3687/3687 3681/3681/3681
f 1521/1521/1521 3954/3954/3954 3951/3951/3951
f 3689/3689/3689 3711/3711/3711 3960/3960/3960
f 3690/3690/3690 3954/3954/3954 3955/3955/3955
f 1520/1520/1520 3691/3691/3691 1521/1521/1521
f 2172/2172/2172 3691/3691/3691 1519/1519/1519
f 3696/3696/3696 2368/2368/2368 3695/3695/3695
f 3711/3711/3711 3688/3688/3688 3960/3960/3960
f 2383/2383/2383 3952/3952/3952 4187/4187/4187
f 3704/3704/3704 3703/3703/3703 3705/3705/3705
f 2403/2403/2403 3694/3694/3694 2410/2410/2410
f 3693/3693/3693 3695/3695/3695 3694/3694/3694
f 3704/3704/3704 3693/3693/3693 4185/4185/4185
f 2440/2440/2440 3699/3699/3699 2487/2487/2487
f 2368/2368/2368 3696/3696/3696 2442/2442/2442
f 3699/3699/3699 3696/3696/3696 3695/3695/3695
f 3718/3718/3718 3719/3719/3719 3721/3721/3721
f 3708/3708/3708 2664/2664/2664 3709/3709/3709
f 3692/3692/3692 3710/3710/3710 3702/3702/3702
f 3707/3707/3707 3717/3717/3717 3698/3698/3698
f 3695/3695/3695 3700/3700/3700 3699/3699/3699
f 3700/3700/3700 3702/3702/3702 3699/3699/3699
f 3701/3701/3701 3695/3695/3695 3693/3693/3693
f 3702/3702/3702 3700/3700/3700 3692/3692/3692
f 3692/3692/3692 3700/3700/3700 3701/3701/3701
f 3695/3695/3695 3701/3701/3701 3700/3700/3700
f 3716/3716/3716 3710/3710/3710 3705/3705/3705
f 3702/3702/3702 3698/3698/3698 3706/3706/3706
f 3948/3948/3948 3959/3959/3959 2383/2383/2383
f 3948/3948/3948 2383/2383/2383 3949/3949/3949
f 3693/3693/3693 3704/3704/3704 3701/3701/3701
f 3703/3703/3703 3957/3957/3957 3705/3705/3705
f 3713/3713/3713 3688/3688/3688 3711/3711/3711
f 3707/3707/3707 3698/3698/3698 3702/3702/3702
f 3706/3706/3706 3698/3698/3698 3708/3708/3708
f 3699/3699/3699 3706/3706/3706 2487/2487/2487
f 3716/3716/3716 3713/3713/3713 3714/3714/3714
f 3714/3714/3714 3722/3722/3722 3716/3716/3716
f 3718/3718/3718 3698/3698/3698 3717/3717/3717
f 2698/2698/2698 3708/3708/3708 2602/2602/2602
f 2487/2487/2487 3706/3706/3706 3709/3709/3709
f 3708/3708/3708 3709/3709/3709 3706/3706/3706
f 3705/3705/3705 3710/3710/3710 3692/3692/3692
f 3707/3707/3707 3702/3702/3702 3710/3710/3710
f 3712/3712/3712 3711/3711/3711 3689/3689/3689
f 3713/3713/3713 3711/3711/3711 3697/3697/3697
f 3687/3687/3687 3712/3712/3712 3689/3689/3689
f 3712/3712/3712 3681/3681/3681 3794/3794/3794
f 3713/3713/3713 3697/3697/3697 3714/3714/3714
f 3713/3713/3713 3705/3705/3705 3957/3957/3957
f 3780/3780/3780 3724/3724/3724 3735/3735/3735
f 3722/3722/3722 3717/3717/3717 3707/3707/3707
f 3722/3722/3722 3714/3714/3714 3724/3724/3724
f 3801/3801/3801 3795/3795/3795 3800/3800/3800
f 3710/3710/3710 3716/3716/3716 3707/3707/3707
f 3713/3713/3713 3716/3716/3716 3705/3705/3705
f 3707/3707/3707 3716/3716/3716 3722/3722/3722
f 3708/3708/3708 3718/3718/3718 2602/2602/2602
f 3717/3717/3717 3719/3719/3719 3718/3718/3718
f 3719/3719/3719 3715/3715/3715 3720/3720/3720
f 3717/3717/3717 3715/3715/3715 3719/3719/3719
f 3736/3736/3736 3765/3765/3765 3715/3715/3715
f 3725/3725/3725 3721/3721/3721 3727/3727/3727
f 3719/3719/3719 3720/3720/3720 3721/3721/3721
f 2548/2548/2548 3726/3726/3726 3727/3727/3727
f 2733/2733/2733 3725/3725/3725 2728/2728/2728
f 3724/3724/3724 3714/3714/3714 3735/3735/3735
f 3717/3717/3717 3722/3722/3722 3745/3745/3745
f 3796/3796/3796 3814/3814/3814 3815/3815/3815
f 3754/3754/3754 3753/3753/3753 2548/2548/2548
f 3735/3735/3735 3714/3714/3714 3697/3697/3697
f 3724/3724/3724 3723/3723/3723 3736/3736/3736
f 2602/2602/2602 3725/3725/3725 2733/2733/2733
f 3721/3721/3721 3720/3720/3720 3727/3727/3727
f 3729/3729/3729 3750/3750/3750 3748/3748/3748
f 3730/3730/3730 3732/3732/3732 3731/3731/3731
f 2548/2548/2548 3727/3727/3727 3720/3720/3720
f 3725/3725/3725 3727/3727/3727 3726/3726/3726
f 3752/3752/3752 3798/3798/3798 4150/4150/4150
f 2734/2734/2734 3734/3734/3734 2723/2723/2723
f 3751/3751/3751 3785/3785/3785 3750/3750/3750
f 3732/3732/3732 2736/2736/2736 2728/2728/2728
f 3748/3748/3748 3737/3737/3737 3729/3729/3729
f 3737/3737/3737 3763/3763/3763 3761/3761/3761
f 3731/3731/3731 2548/2548/2548 3751/3751/3751
f 3730/3730/3730 3731/3731/3731 3729/3729/3729
f 3731/3731/3731 3732/3732/3732 3726/3726/3726
f 3732/3732/3732 3730/3730/3730 3738/3738/3738
f 3737/3737/3737 3730/3730/3730 3729/3729/3729
f 3739/3739/3739 3741/3741/3741 3740/3740/3740
f 3738/3738/3738 2729/2729/2729 2736/2736/2736
f 3764/3764/3764 3734/3734/3734 3733/3733/3733
f 3794/3794/3794 3697/3697/3697 3712/3712/3712
f 3781/3781/3781 3780/3780/3780 3794/3794/3794
f 3747/3747/3747 3765/3765/3765 3767/3767/3767
f 3715/3715/3715 3765/3765/3765 3754/3754/3754
f 3760/3760/3760 3739/3739/3739 3764/3764/3764
f 3730/3730/3730 3737/3737/3737 3758/3758/3758
f 3758/3758/3758 3738/3738/3738 3730/3730/3730
f 3734/3734/3734 3738/3738/3738 3733/3733/3733
f 3734/3734/3734 3764/3764/3764 2723/2723/2723
f 3733/3733/3733 3738/3738/3738 3758/3758/3758
f 2723/2723/2723 3740/3740/3740 2738/2738/2738
f 3739/3739/3739 4139/4139/4139 3741/3741/3741
f 3742/3742/3742 3741/3741/3741 3235/3235/3235
f 2737/2737/2737 3740/3740/3740 3741/3741/3741
f 3743/3743/3743 3742/3742/3742 3235/3235/3235
f 2737/2737/2737 3742/3742/3742 2735/2735/2735
f 3237/3237/3237 3743/3743/3743 3235/3235/3235
f 3231/3231/3231 3193/3193/3193 3744/3744/3744
f 3742/3742/3742 3744/3744/3744 2735/2735/2735
f 3231/3231/3231 3744/3744/3744 3743/3743/3743
f 3717/3717/3717 3745/3745/3745 3715/3715/3715
f 3724/3724/3724 3745/3745/3745 3722/3722/3722
f 3746/3746/3746 3771/3771/3771 3770/3770/3770
f 3832/3832/3832 3831/3831/3831 4144/4144/4144
f 3775/3775/3775 3768/3768/3768 3723/3723/3723
f 3785/3785/3785 3755/3755/3755 3786/3786/3786
f 3751/3751/3751 3750/3750/3750 3729/3729/3729
f 3728/3728/3728 3737/3737/3737 3748/3748/3748
f 3797/3797/3797 3786/3786/3786 3772/3772/3772
f 3757/3757/3757 3750/3750/3750 3756/3756/3756
f 3729/3729/3729 3731/3731/3731 3751/3751/3751
f 3750/3750/3750 3749/3749/3749 3756/3756/3756
f 2548/2548/2548 3753/3753/3753 3751/3751/3751
f 3755/3755/3755 3785/3785/3785 3753/3753/3753
f 3791/3791/3791 3749/3749/3749 3797/3797/3797
f 4248/4248/4248 4253/4253/4253 4182/4182/4182
f 3754/3754/3754 2548/2548/2548 3720/3720/3720
f 3753/3753/3753 3747/3747/3747 3755/3755/3755
f 3715/3715/3715 3754/3754/3754 3720/3720/3720
f 3747/3747/3747 3753/3753/3753 3754/3754/3754
f 3747/3747/3747 3767/3767/3767 3769/3769/3769
f 3755/3755/3755 3771/3771/3771 3786/3786/3786
f 3791/3791/3791 3756/3756/3756 3749/3749/3749
f 3757/3757/3757 3756/3756/3756 3752/3752/3752
f 3752/3752/3752 4150/4150/4150 4151/4151/4151
f 3757/3757/3757 3728/3728/3728 3748/3748/3748
f 3761/3761/3761 3758/3758/3758 3737/3737/3737
f 3733/3733/3733 3758/3758/3758 3760/3760/3760
f 3761/3761/3761 3763/3763/3763 3759/3759/3759
f 4161/4161/4161 3237/3237/3237 3762/3762/3762
f 3761/3761/3761 3760/3760/3760 3758/3758/3758
f 4140/4140/4140 3760/3760/3760 3759/3759/3759
f 3763/3763/3763 3737/3737/3737 3728/3728/3728
f 3760/3760/3760 3761/3761/3761 3759/3759/3759
f 3235/3235/3235 3762/3762/3762 3237/3237/3237
f 4154/4154/4154 4153/4153/4153 4156/4156/4156
f 3752/3752/3752 4151/4151/4151 3757/3757/3757
f 4250/4250/4250 4255/4255/4255 4249/4249/4249
f 3760/3760/3760 3764/3764/3764 3733/3733/3733
f 3740/3740/3740 3764/3764/3764 3739/3739/3739
f 3723/3723/3723 3768/3768/3768 3736/3736/3736
f 3754/3754/3754 3765/3765/3765 3747/3747/3747
f 3779/3779/3779 3775/3775/3775 3723/3723/3723
f 3771/3771/3771 3769/3769/3769 3770/3770/3770
f 3736/3736/3736 3767/3767/3767 3765/3765/3765
f 3769/3769/3769 3767/3767/3767 3766/3766/3766
f 3766/3766/3766 3767/3767/3767 3768/3768/3768
f 3736/3736/3736 3768/3768/3768 3767/3767/3767
f 3769/3769/3769 3766/3766/3766 3770/3770/3770
f 3747/3747/3747 3769/3769/3769 3755/3755/3755
f 3774/3774/3774 3776/3776/3776 3775/3775/3775
f 3770/3770/3770 3766/3766/3766 3776/3776/3776
f 3746/3746/3746 3814/3814/3814 3771/3771/3771
f 3769/3769/3769 3771/3771/3771 3755/3755/3755
f 3771/3771/3771 3814/3814/3814 3772/3772/3772
f 3791/3791/3791 3752/3752/3752 3756/3756/3756
f 3802/3802/3802 238/238/238 3805/3805/3805
f 4141/4141/4141 3795/3795/3795 3805/3805/3805
f 3766/3766/3766 3768/3768/3768 3775/3775/3775
f 3799/3799/3799 3793/3793/3793 3774/3774/3774
f 3780/3780/3780 3779/3779/3779 3723/3723/3723
f 3774/3774/3774 3775/3775/3775 3778/3778/3778
f 3775/3775/3775 3776/3776/3776 3766/3766/3766
f 3793/3793/3793 3776/3776/3776 3774/3774/3774
f 3781/3781/3781 3681/3681/3681 3783/3783/3783
f 3774/3774/3774 3778/3778/3778 3773/3773/3773
f 3779/3779/3779 3778/3778/3778 3775/3775/3775
f 3773/3773/3773 3800/3800/3800 3795/3795/3795
f 3723/3723/3723 3724/3724/3724 3780/3780/3780
f 3779/3779/3779 3777/3777/3777 3800/3800/3800
f 3735/3735/3735 3697/3697/3697 3794/3794/3794
f 3777/3777/3777 3779/3779/3779 3780/3780/3780
f 3681/3681/3681 3687/3687/3687 3783/3783/3783
f 3777/3777/3777 3780/3780/3780 3781/3781/3781
f 3784/3784/3784 3682/3682/3682 3683/3683/3683
f 3773/3773/3773 3778/3778/3778 3800/3800/3800
f 3682/3682/3682 3783/3783/3783 3687/3687/3687
f 3781/3781/3781 3783/3783/3783 3782/3782/3782
f 3802/3802/3802 3784/3784/3784 238/238/238
f 3784/3784/3784 3782/3782/3782 3682/3682/3682
f 3750/3750/3750 3785/3785/3785 3749/3749/3749
f 3753/3753/3753 3785/3785/3785 3751/3751/3751
f 3786/3786/3786 3749/3749/3749 3785/3785/3785
f 3771/3771/3771 3772/3772/3772 3786/3786/3786
f 3793/3793/3793 3746/3746/3746 3770/3770/3770
f 3789/3789/3789 1813/1813/1813 1878/1878/1878
f 1878/1878/1878 3790/3790/3790 3789/3789/3789
f 3815/3815/3815 3816/3816/3816 3796/3796/3796
f 3790/3790/3790 1878/1878/1878 1875/1875/1875
f 3788/3788/3788 3831/3831/3831 3833/3833/3833
f 4145/4145/4145 1875/1875/1875 1980/1980/1980
f 4144/4144/4144 4145/4145/4145 4146/4146/4146
f 3796/3796/3796 3836/3836/3836 3814/3814/3814
f 3791/3791/3791 3836/3836/3836 4252/4252/4252
f 3812/3812/3812 3809/3809/3809 3811/3811/3811
f 3816/3816/3816 3817/3817/3817 3787/3787/3787
f 3776/3776/3776 3793/3793/3793 3770/3770/3770
f 3799/3799/3799 3774/3774/3774 3773/3773/3773
f 3781/3781/3781 3794/3794/3794 3681/3681/3681
f 3735/3735/3735 3794/3794/3794 3780/3780/3780
f 3802/3802/3802 3795/3795/3795 3801/3801/3801
f 238/238/238 2137/2137/2137 3804/3804/3804
f 3746/3746/3746 3793/3793/3793 3815/3815/3815
f 3791/3791/3791 4252/4252/4252 3798/3798/3798
f 3786/3786/3786 3797/3797/3797 3749/3749/3749
f 3836/3836/3836 3797/3797/3797 3772/3772/3772
f 3798/3798/3798 4255/4255/4255 4150/4150/4150
f 3752/3752/3752 3791/3791/3791 3798/3798/3798
f 3827/3827/3827 3773/3773/3773 3808/3808/3808
f 3792/3792/3792 3793/3793/3793 3799/3799/3799
f 3779/3779/3779 3800/3800/3800 3778/3778/3778
f 3801/3801/3801 3800/3800/3800 3777/3777/3777
f 3781/3781/3781 3801/3801/3801 3777/3777/3777
f 3802/3802/3802 3801/3801/3801 3782/3782/3782
f 3784/3784/3784 3802/3802/3802 3782/3782/3782
f 238/238/238 3804/3804/3804 3805/3805/3805
f 3806/3806/3806 2133/2133/2133 2136/2136/2136
f 3806/3806/3806 3809/3809/3809 3803/3803/3803
f 2133/2133/2133 3804/3804/3804 2137/2137/2137
f 3804/3804/3804 3803/3803/3803 3805/3805/3805
f 3803/3803/3803 3812/3812/3812 4141/4141/4141
f 3802/3802/3802 3805/3805/3805 3795/3795/3795
f 2136/2136/2136 1992/1992/1992 3806/3806/3806
f 3810/3810/3810 1992/1992/1992 3813/3813/3813
f 3809/3809/3809 3806/3806/3806 3810/3810/3810
f 3835/3835/3835 1817/1817/1817 1813/1813/1813
f 4141/4141/4141 3812/3812/3812 3808/3808/3808
f 3811/3811/3811 3822/3822/3822 3808/3808/3808
f 3810/3810/3810 3806/3806/3806 1992/1992/1992
f 3811/3811/3811 3809/3809/3809 3807/3807/3807
f 1992/1992/1992 3828/3828/3828 3813/3813/3813
f 3809/3809/3809 3810/3810/3810 3830/3830/3830
f 3822/3822/3822 3811/3811/3811 3807/3807/3807
f 3812/3812/3812 3811/3811/3811 3808/3808/3808
f 4141/4141/4141 3808/3808/3808 3773/3773/3773
f 3803/3803/3803 3809/3809/3809 3812/3812/3812
f 3842/3842/3842 3829/3829/3829 3841/3841/3841
f 3810/3810/3810 3813/3813/3813 3830/3830/3830
f 3815/3815/3815 3814/3814/3814 3746/3746/3746
f 3836/3836/3836 3796/3796/3796 3821/3821/3821
f 3793/3793/3793 3792/3792/3792 3815/3815/3815
f 3796/3796/3796 3816/3816/3816 3787/3787/3787
f 3792/3792/3792 3826/3826/3826 3815/3815/3815
f 3833/3833/3833 3831/3831/3831 3817/3817/3817
f 3816/3816/3816 3815/3815/3815 3826/3826/3826
f 3792/3792/3792 3827/3827/3827 3822/3822/3822
f 3825/3825/3825 3834/3834/3834 3824/3824/3824
f 3830/3830/3830 3838/3838/3838 3807/3807/3807
f 3788/3788/3788 3819/3819/3819 3789/3789/3789
f 3819/3819/3819 3818/3818/3818 3820/3820/3820
f 3818/3818/3818 3823/3823/3823 3837/3837/3837
f 3835/3835/3835 1618/1618/1618 1817/1817/1817
f 3787/3787/3787 4142/4142/4142 3796/3796/3796
f 3796/3796/3796 4142/4142/4142 3821/3821/3821
f 3823/3823/3823 3822/3822/3822 3807/3807/3807
f 3824/3824/3824 3822/3822/3822 3825/3825/3825
f 3830/3830/3830 3807/3807/3807 3809/3809/3809
f 3834/3834/3834 3825/3825/3825 3823/3823/3823
f 3816/3816/3816 3824/3824/3824 3817/3817/3817
f 3792/3792/3792 3822/3822/3822 3824/3824/3824
f 3822/3822/3822 3823/3823/3823 3825/3825/3825
f 3823/3823/3823 3818/3818/3818 3834/3834/3834
f 3792/3792/3792 3824/3824/3824 3826/3826/3826
f 3816/3816/3816 3826/3826/3826 3824/3824/3824
f 3773/3773/3773 3827/3827/3827 3799/3799/3799
f 3822/3822/3822 3827/3827/3827 3808/3808/3808
f 2025/2025/2025 3828/3828/3828 1992/1992/1992
f 1890/1890/1890 3828/3828/3828 2059/2059/2059
f 3820/3820/3820 3839/3839/3839 1618/1618/1618
f 3837/3837/3837 3820/3820/3820 3818/3818/3818
f 3840/3840/3840 3813/3813/3813 3841/3841/3841
f 3838/3838/3838 3840/3840/3840 3839/3839/3839
f 4144/4144/4144 3788/3788/3788 3790/3790/3790
f 4144/4144/4144 4146/4146/4146 3832/3832/3832
f 4252/4252/4252 4243/4243/4243 4242/4242/4242
f 3831/3831/3831 3832/3832/3832 4143/4143/4143
f 3817/3817/3817 3824/3824/3824 3834/3834/3834
f 3819/3819/3819 3833/3833/3833 3818/3818/3818
f 3818/3818/3818 3833/3833/3833 3834/3834/3834
f 3817/3817/3817 3834/3834/3834 3833/3833/3833
f 3819/3819/3819 3835/3835/3835 1813/1813/1813
f 1618/1618/1618 3835/3835/3835 3820/3820/3820
f 3814/3814/3814 3836/3836/3836 3772/3772/3772
f 3836/3836/3836 3821/3821/3821 4252/4252/4252
f 3838/3838/3838 3837/3837/3837 3823/3823/3823
f 3839/3839/3839 3837/3837/3837 3838/3838/3838
f 3807/3807/3807 3838/3838/3838 3823/3823/3823
f 3840/3840/3840 3838/3838/3838 3830/3830/3830
f 1618/1618/1618 3839/3839/3839 3829/3829/3829
f 3820/3820/3820 3837/3837/3837 3839/3839/3839
f 3813/3813/3813 3840/3840/3840 3830/3830/3830
f 3839/3839/3839 3840/3840/3840 3829/3829/3829
f 3828/3828/3828 3841/3841/3841 3813/3813/3813
f 3842/3842/3842 3841/3841/3841 1890/1890/1890
f 1881/1881/1881 3842/3842/3842 1890/1890/1890
f 1618/1618/1618 3842/3842/3842 1885/1885/1885
f 3844/3844/3844 1301/1301/1301 1728/1728/1728
f 3846/3846/3846 3844/3844/3844 3848/3848/3848
f 1728/1728/1728 1727/1727/1727 3844/3844/3844
f 3862/3862/3862 3849/3849/3849 3860/3860/3860
f 3853/3853/3853 3855/3855/3855 3871/3871/3871
f 1083/1083/1083 3851/3851/3851 1309/1309/1309
f 3848/3848/3848 3844/3844/3844 1727/1727/1727
f 3850/3850/3850 3846/3846/3846 3906/3906/3906
f 3870/3870/3870 3871/3871/3871 3856/3856/3856
f 1086/1086/1086 1309/1309/1309 3852/3852/3852
f 3849/3849/3849 3848/3848/3848 1727/1727/1727
f 3846/3846/3846 3848/3848/3848 3862/3862/3862
f 1727/1727/1727 1731/1731/1731 3849/3849/3849
f 3860/3860/3860 3849/3849/3849 215/215/215
f 3906/3906/3906 3846/3846/3846 3845/3845/3845
f 3851/3851/3851 3850/3850/3850 3847/3847/3847
f 3850/3850/3850 3851/3851/3851 1083/1083/1083
f 3851/3851/3851 3847/3847/3847 3852/3852/3852
f 3854/3854/3854 3852/3852/3852 3855/3855/3855
f 1086/1086/1086 3852/3852/3852 247/247/247
f 3847/3847/3847 3856/3856/3856 3855/3855/3855
f 3879/3879/3879 3888/3888/3888 3900/3900/3900
f 3855/3855/3855 3852/3852/3852 3847/3847/3847
f 3854/3854/3854 3853/3853/3853 3857/3857/3857
f 3856/3856/3856 3847/3847/3847 3906/3906/3906
f 3853/3853/3853 3854/3854/3854 3855/3855/3855
f 3872/3872/3872 3865/3865/3865 3868/3868/3868
f 3861/3861/3861 3863/3863/3863 3864/3864/3864
f 3888/3888/3888 3887/3887/3887 1536/1536/1536
f 1536/1536/1536 1537/1537/1537 3857/3857/3857
f 1306/1306/1306 3858/3858/3858 1537/1537/1537
f 247/247/247 3854/3854/3854 3858/3858/3858
f 3859/3859/3859 1083/1083/1083 1310/1310/1310
f 1574/1574/1574 3843/3843/3843 3859/3859/3859
f 3860/3860/3860 215/215/215 3863/3863/3863
f 3862/3862/3862 3860/3860/3860 3845/3845/3845
f 3866/3866/3866 3864/3864/3864 2063/2063/2063
f 3873/3873/3873 3875/3875/3875 3867/3867/3867
f 3846/3846/3846 3862/3862/3862 3845/3845/3845
f 3849/3849/3849 3862/3862/3862 3848/3848/3848
f 215/215/215 2097/2097/2097 3864/3864/3864
f 3865/3865/3865 3863/3863/3863 3861/3861/3861
f 3869/3869/3869 2063/2063/2063 3445/3445/3445
f 215/215/215 3864/3864/3864 3863/3863/3863
f 3873/3873/3873 3870/3870/3870 3865/3865/3865
f 3868/3868/3868 3865/3865/3865 3856/3856/3856
f 3444/3444/3444 3884/3884/3884 3899/3899/3899
f 3864/3864/3864 3866/3866/3866 3903/3903/3903
f 3861/3861/3861 3903/3903/3903 3875/3875/3875
f 3875/3875/3875 3879/3879/3879 3867/3867/3867
f 3906/3906/3906 3868/3868/3868 3856/3856/3856
f 3872/3872/3872 3845/3845/3845 3860/3860/3860
f 3899/3899/3899 3869/3869/3869 3444/3444/3444
f 2063/2063/2063 3869/3869/3869 3866/3866/3866
f 3873/3873/3873 3865/3865/3865 3861/3861/3861
f 3900/3900/3900 3871/3871/3871 3870/3870/3870
f 3856/3856/3856 3871/3871/3871 3855/3855/3855
f 3900/3900/3900 3870/3870/3870 3867/3867/3867
f 3865/3865/3865 3872/3872/3872 3863/3863/3863
f 3845/3845/3845 3872/3872/3872 3868/3868/3868
f 3903/3903/3903 3861/3861/3861 3864/3864/3864
f 3867/3867/3867 3870/3870/3870 3873/3873/3873
f 3444/3444/3444 3901/3901/3901 3884/3884/3884
f 3876/3876/3876 3879/3879/3879 3875/3875/3875
f 3861/3861/3861 3875/3875/3875 3873/3873/3873
f 3876/3876/3876 3875/3875/3875 3874/3874/3874
f 3876/3876/3876 3874/3874/3874 3881/3881/3881
f 3876/3876/3876 1535/1535/1535 3879/3879/3879
f 3883/3883/3883 3884/3884/3884 3882/3882/3882
f 1956/1956/1956 1782/1782/1782 3889/3889/3889
f 3877/3877/3877 3883/3883/3883 3885/3885/3885
f 3904/3904/3904 3902/3902/3902 3893/3893/3893
f 1535/1535/1535 1781/1781/1781 3886/3886/3886
f 3886/3886/3886 3888/3888/3888 3879/3879/3879
f 1535/1535/1535 3890/3890/3890 1783/1783/1783
f 3876/3876/3876 3890/3890/3890 1535/1535/1535
f 3901/3901/3901 3446/3446/3446 3891/3891/3891
f 3880/3880/3880 3881/3881/3881 3877/3877/3877
f 3446/3446/3446 1896/1896/1896 3891/3891/3891
f 3891/3891/3891 1896/1896/1896 3892/3892/3892
f 3874/3874/3874 3883/3883/3883 3881/3881/3881
f 3883/3883/3883 3882/3882/3882 3885/3885/3885
f 3883/3883/3883 3874/3874/3874 3884/3884/3884
f 3899/3899/3899 3884/3884/3884 3874/3874/3874
f 3882/3882/3882 3891/3891/3891 3907/3907/3907
f 3907/3907/3907 3885/3885/3885 3882/3882/3882
f 1698/1698/1698 3887/3887/3887 3886/3886/3886
f 3853/3853/3853 3888/3888/3888 3857/3857/3857
f 1697/1697/1697 3887/3887/3887 1698/1698/1698
f 3888/3888/3888 1536/1536/1536 3857/3857/3857
f 3888/3888/3888 3853/3853/3853 3900/3900/3900
f 3886/3886/3886 3887/3887/3887 3888/3888/3888
f 1782/1782/1782 3880/3880/3880 3889/3889/3889
f 3877/3877/3877 3889/3889/3889 3880/3880/3880
f 3881/3881/3881 3890/3890/3890 3876/3876/3876
f 1783/1783/1783 3890/3890/3890 3880/3880/3880
f 1896/1896/1896 3438/3438/3438 3892/3892/3892
f 3901/3901/3901 3882/3882/3882 3884/3884/3884
f 3892/3892/3892 3414/3414/3414 3893/3893/3893
f 3891/3891/3891 3892/3892/3892 3907/3907/3907
f 3414/3414/3414 3437/3437/3437 3898/3898/3898
f 3902/3902/3902 3878/3878/3878 3885/3885/3885
f 3895/3895/3895 1954/1954/1954 3896/3896/3896
f 3905/3905/3905 3414/3414/3414 3898/3898/3898
f 1954/1954/1954 3895/3895/3895 1972/1972/1972
f 3895/3895/3895 3894/3894/3894 3897/3897/3897
f 1958/1958/1958 1955/1955/1955 3896/3896/3896
f 1955/1955/1955 3878/3878/3878 3902/3902/3902
f 3905/3905/3905 3894/3894/3894 3904/3904/3904
f 2175/2175/2175 3908/3908/3908 2150/2150/2150
f 2150/2150/2150 3898/3898/3898 3437/3437/3437
f 3894/3894/3894 3898/3898/3898 3897/3897/3897
f 3899/3899/3899 3874/3874/3874 3875/3875/3875
f 3899/3899/3899 3866/3866/3866 3869/3869/3869
f 3871/3871/3871 3900/3900/3900 3853/3853/3853
f 3879/3879/3879 3900/3900/3900 3867/3867/3867
f 3446/3446/3446 3901/3901/3901 3444/3444/3444
f 3882/3882/3882 3901/3901/3901 3891/3891/3891
f 3893/3893/3893 3902/3902/3902 3885/3885/3885
f 1955/1955/1955 3902/3902/3902 3896/3896/3896
f 3866/3866/3866 3899/3899/3899 3903/3903/3903
f 3875/3875/3875 3903/3903/3903 3899/3899/3899
f 3893/3893/3893 3414/3414/3414 3905/3905/3905
f 3896/3896/3896 3904/3904/3904 3894/3894/3894
f 3894/3894/3894 3905/3905/3905 3898/3898/3898
f 3893/3893/3893 3905/3905/3905 3904/3904/3904
f 3850/3850/3850 3906/3906/3906 3847/3847/3847
f 3868/3868/3868 3906/3906/3906 3845/3845/3845
f 3892/3892/3892 3893/3893/3893 3907/3907/3907
f 3885/3885/3885 3907/3907/3907 3893/3893/3893
f 2021/2021/2021 3897/3897/3897 3908/3908/3908
f 3898/3898/3898 3908/3908/3908 3897/3897/3897
f 1754/1754/1754 3909/3909/3909 1758/1758/1758
f 1930/1930/1930 3909/3909/3909 205/205/205
f 4146/4146/4146 3910/3910/3910 1974/1974/1974
f 1979/1979/1979 3910/3910/3910 1977/1977/1977
f 1967/1967/1967 4183/4183/4183 2020/2020/2020
f 4253/4253/4253 3916/3916/3916 3912/3912/3912
f 1968/1968/1968 3912/3912/3912 1969/1969/1969
f 3914/3914/3914 1866/1866/1866 1960/1960/1960
f 2020/2020/2020 4183/4183/4183 3913/3913/3913
f 4182/4182/4182 3913/3913/3913 4183/4183/4183
f 3916/3916/3916 3914/3914/3914 3915/3915/3915
f 1978/1978/1978 1981/1981/1981 3918/3918/3918
f 3916/3916/3916 3915/3915/3915 3912/3912/3912
f 1960/1960/1960 3915/3915/3915 3914/3914/3914
f 3912/3912/3912 3921/3921/3921 4253/4253/4253
f 3916/3916/3916 3911/3911/3911 3920/3920/3920
f 3920/3920/3920 3914/3914/3914 3916/3916/3916
f 3919/3919/3919 1974/1974/1974 3910/3910/3910
f 1874/1874/1874 3918/3918/3918 1981/1981/1981
f 1866/1866/1866 3917/3917/3917 3918/3918/3918
f 3917/3917/3917 3920/3920/3920 3919/3919/3919
f 4242/4242/4242 4244/4244/4244 4246/4246/4246
f 3920/3920/3920 3917/3917/3917 3914/3914/3914
f 4245/4245/4245 3920/3920/3920 3911/3911/3911
f 2020/2020/2020 3921/3921/3921 1968/1968/1968
f 4253/4253/4253 3921/3921/3921 3913/3913/3913
f 2036/2036/2036 3922/3922/3922 2033/2033/2033
f 4033/4033/4033 4031/4031/4031 4032/4032/4032
f 3563/3563/3563 3923/3923/3923 3564/3564/3564
f 2033/2033/2033 3922/3922/3922 3923/3923/3923
f 2107/2107/2107 3924/3924/3924 2106/2106/2106
f 3924/3924/3924 2108/2108/2108 2178/2178/2178
f 2128/2128/2128 3925/3925/3925 1318/1318/1318
f 2162/2162/2162 3925/3925/3925 2163/2163/2163
f 3943/3943/3943 3944/3944/3944 3936/3936/3936
f 3929/3929/3929 859/859/859 449/449/449
f 3929/3929/3929 343/343/343 859/859/859
f 3928/3928/3928 449/449/449 638/638/638
f 637/637/637 3928/3928/3928 638/638/638
f 3934/3934/3934 3935/3935/3935 3927/3927/3927
f 3935/3935/3935 3928/3928/3928 3927/3927/3927
f 3935/3935/3935 3936/3936/3936 3929/3929/3929
f 344/344/344 3931/3931/3931 3930/3930/3930
f 3934/3934/3934 3930/3930/3930 3940/3940/3940
f 878/878/878 3931/3931/3931 344/344/344
f 879/879/879 3932/3932/3932 3940/3940/3940
f 2212/2212/2212 3932/3932/3932 879/879/879
f 270/270/270 2276/2276/2276 3933/3933/3933
f 2276/2276/2276 2258/2258/2258 3933/3933/3933
f 3939/3939/3939 3933/3933/3933 2258/2258/2258
f 3940/3940/3940 3930/3930/3930 3931/3931/3931
f 3934/3934/3934 3940/3940/3940 3941/3941/3941
f 3936/3936/3936 3935/3935/3935 3926/3926/3926
f 3928/3928/3928 3935/3935/3935 3929/3929/3929
f 3936/3936/3936 3926/3926/3926 3943/3943/3943
f 3457/3457/3457 3937/3937/3937 3456/3456/3456
f 3457/3457/3457 343/343/343 3937/3937/3937
f 3938/3938/3938 3937/3937/3937 343/343/343
f 343/343/343 3929/3929/3929 3938/3938/3938
f 3936/3936/3936 3938/3938/3938 3929/3929/3929
f 2258/2258/2258 3942/3942/3942 3939/3939/3939
f 3944/3944/3944 3943/3943/3943 3939/3939/3939
f 879/879/879 3940/3940/3940 3931/3931/3931
f 3940/3940/3940 3932/3932/3932 3941/3941/3941
f 3941/3941/3941 3926/3926/3926 3934/3934/3934
f 3933/3933/3933 3941/3941/3941 3932/3932/3932
f 2260/2260/2260 3942/3942/3942 2258/2258/2258
f 3944/3944/3944 3942/3942/3942 2251/2251/2251
f 3941/3941/3941 3943/3943/3943 3926/3926/3926
f 3939/3939/3939 3942/3942/3942 3944/3944/3944
f 3945/3945/3945 3944/3944/3944 2251/2251/2251
f 3937/3937/3937 3947/3947/3947 3456/3456/3456
f 3945/3945/3945 2251/2251/2251 2263/2263/2263
f 3946/3946/3946 3945/3945/3945 2265/2265/2265
f 3461/3461/3461 3946/3946/3946 2265/2265/2265
f 3946/3946/3946 3456/3456/3456 3947/3947/3947
f 3936/3936/3936 3944/3944/3944 3947/3947/3947
f 3946/3946/3946 3947/3947/3947 3944/3944/3944
f 3951/3951/3951 3953/3953/3953 1522/1522/1522
f 3956/3956/3956 3958/3958/3958 3951/3951/3951
f 2384/2384/2384 3949/3949/3949 2383/2383/2383
f 3950/3950/3950 3949/3949/3949 1416/1416/1416
f 1523/1523/1523 3950/3950/3950 1416/1416/1416
f 3953/3953/3953 3950/3950/3950 367/367/367
f 1521/1521/1521 3955/3955/3955 3954/3954/3954
f 3951/3951/3951 3954/3954/3954 3956/3956/3956
f 4185/4185/4185 3952/3952/3952 3958/3958/3958
f 4185/4185/4185 3693/3693/3693 4186/4186/4186
f 3950/3950/3950 3953/3953/3953 3948/3948/3948
f 1522/1522/1522 3953/3953/3953 367/367/367
f 3960/3960/3960 3690/3690/3690 3689/3689/3689
f 3954/3954/3954 3960/3960/3960 3956/3956/3956
f 3691/3691/3691 3955/3955/3955 1521/1521/1521
f 3690/3690/3690 3955/3955/3955 3680/3680/3680
f 3688/3688/3688 3957/3957/3957 3956/3956/3956
f 3957/3957/3957 3703/3703/3703 3958/3958/3958
f 3957/3957/3957 3688/3688/3688 3713/3713/3713
f 3703/3703/3703 4185/4185/4185 3958/3958/3958
f 3959/3959/3959 3958/3958/3958 3952/3952/3952
f 3956/3956/3956 3957/3957/3957 3958/3958/3958
f 2383/2383/2383 3959/3959/3959 3952/3952/3952
f 3951/3951/3951 3959/3959/3959 3948/3948/3948
f 3956/3956/3956 3960/3960/3960 3688/3688/3688
f 3690/3690/3690 3960/3960/3960 3954/3954/3954
f 2532/2532/2532 2458/2458/2458 3961/3961/3961
f 2557/2557/2557 3961/3961/3961 2458/2458/2458
f 3964/3964/3964 2642/2642/2642 3973/3973/3973
f 3992/3992/3992 3962/3962/3962 3994/3994/3994
f 2195/2195/2195 3963/3963/3963 2198/2198/2198
f 3994/3994/3994 3962/3962/3962 3998/3998/3998
f 3974/3974/3974 3973/3973/3973 3976/3976/3976
f 3963/3963/3963 3964/3964/3964 3977/3977/3977
f 2657/2657/2657 3965/3965/3965 1745/1745/1745
f 2655/2655/2655 3965/3965/3965 2653/2653/2653
f 3979/3979/3979 3966/3966/3966 3980/3980/3980
f 3962/3962/3962 3963/3963/3963 3977/3977/3977
f 3967/3967/3967 3968/3968/3968 3969/3969/3969
f 3972/3972/3972 3974/3974/3974 2821/2821/2821
f 2641/2641/2641 3968/3968/3968 2642/2642/2642
f 3969/3969/3969 3968/3968/3968 2189/2189/2189
f 2189/2189/2189 2680/2680/2680 3970/3970/3970
f 3971/3971/3971 3969/3969/3969 2685/2685/2685
f 2686/2686/2686 3969/3969/3969 3970/3970/3970
f 2189/2189/2189 3970/3970/3970 3969/3969/3969
f 3971/3971/3971 2685/2685/2685 2188/2188/2188
f 3971/3971/3971 2805/2805/2805 3974/3974/3974
f 2794/2794/2794 3975/3975/3975 3972/3972/3972
f 3973/3973/3973 3972/3972/3972 3981/3981/3981
f 3976/3976/3976 3973/3973/3973 2642/2642/2642
f 3979/3979/3979 3981/3981/3981 3975/3975/3975
f 2821/2821/2821 3974/3974/3974 2805/2805/2805
f 3973/3973/3973 3974/3974/3974 3972/3972/3972
f 3975/3975/3975 2794/2794/2794 2812/2812/2812
f 3975/3975/3975 3966/3966/3966 3979/3979/3979
f 3968/3968/3968 3976/3976/3976 2642/2642/2642
f 3974/3974/3974 3976/3976/3976 3967/3967/3967
f 3964/3964/3964 3973/3973/3973 3977/3977/3977
f 3977/3977/3977 3973/3973/3973 3981/3981/3981
f 2803/2803/2803 2798/2798/2798 3978/3978/3978
f 3983/3983/3983 3978/3978/3978 2798/2798/2798
f 3966/3966/3966 3982/3982/3982 3980/3980/3980
f 3998/3998/3998 3977/3977/3977 3979/3979/3979
f 3995/3995/3995 3994/3994/3994 3980/3980/3980
f 3977/3977/3977 3998/3998/3998 3962/3962/3962
f 3975/3975/3975 3981/3981/3981 3972/3972/3972
f 3977/3977/3977 3981/3981/3981 3979/3979/3979
f 3983/3983/3983 3966/3966/3966 3978/3978/3978
f 3982/3982/3982 3966/3966/3966 3983/3983/3983
f 2798/2798/2798 3984/3984/3984 3983/3983/3983
f 3986/3986/3986 3984/3984/3984 3987/3987/3987
f 3984/3984/3984 2798/2798/2798 4095/4095/4095
f 3984/3984/3984 3063/3063/3063 3987/3987/3987
f 3987/3987/3987 3063/3063/3063 3988/3988/3988
f 4068/4068/4068 4069/4069/4069 3111/3111/3111
f 3982/3982/3982 3983/3983/3983 3986/3986/3986
f 3984/3984/3984 3986/3986/3986 3983/3983/3983
f 3988/3988/3988 3063/3063/3063 2893/2893/2893
f 3986/3986/3986 3987/3987/3987 3985/3985/3985
f 3988/3988/3988 2893/2893/2893 3150/3150/3150
f 3985/3985/3985 3987/3987/3987 3988/3988/3988
f 3989/3989/3989 3994/3994/3994 3995/3995/3995
f 2116/2116/2116 3990/3990/3990 2064/2064/2064
f 3991/3991/3991 2116/2116/2116 2114/2114/2114
f 3993/3993/3993 2029/2029/2029 3963/3963/3963
f 3991/3991/3991 2029/2029/2029 3993/3993/3993
f 2116/2116/2116 3991/3991/3991 3990/3990/3990
f 3962/3962/3962 3992/3992/3992 3963/3963/3963
f 3989/3989/3989 3990/3990/3990 3992/3992/3992
f 3963/3963/3963 3992/3992/3992 3993/3993/3993
f 3993/3993/3993 3992/3992/3992 3990/3990/3990
f 3995/3995/3995 3980/3980/3980 1913/1913/1913
f 3989/3989/3989 3992/3992/3992 3994/3994/3994
f 1913/1913/1913 3997/3997/3997 3995/3995/3995
f 4067/4067/4067 3995/3995/3995 3997/3997/3997
f 1913/1913/1913 4072/4072/4072 3997/3997/3997
f 4048/4048/4048 4029/4029/4029 4046/4046/4046
f 1913/1913/1913 3986/3986/3986 4072/4072/4072
f 3996/3996/3996 4070/4070/4070 4067/4067/4067
f 3979/3979/3979 3980/3980/3980 3998/3998/3998
f 3994/3994/3994 3998/3998/3998 3980/3980/3980
f 3025/3025/3025 3999/3999/3999 2856/2856/2856
f 2863/2863/2863 3999/3999/3999 2859/2859/2859
f 2839/2839/2839 2846/2846/2846 4002/4002/4002
f 4193/4193/4193 4000/4000/4000 4194/4194/4194
f 4202/4202/4202 4118/4118/4118 4201/4201/4201
f 4194/4194/4194 2861/2861/2861 4193/4193/4193
f 4202/4202/4202 2846/2846/2846 277/277/277
f 4001/4001/4001 4195/4195/4195 4196/4196/4196
f 2867/2867/2867 4003/4003/4003 2866/2866/2866
f 3014/3014/3014 4003/4003/4003 2783/2783/2783
f 2910/2910/2910 4004/4004/4004 2908/2908/2908
f 3675/3675/3675 4004/4004/4004 2081/2081/2081
f 4011/4011/4011 4008/4008/4008 4010/4010/4010
f 3059/3059/3059 4005/4005/4005 4007/4007/4007
f 2861/2861/2861 4194/4194/4194 4210/4210/4210
f 4230/4230/4230 4228/4228/4228 4229/4229/4229
f 4005/4005/4005 4010/4010/4010 4007/4007/4007
f 4018/4018/4018 4020/4020/4020 4021/4021/4021
f 4005/4005/4005 4011/4011/4011 4010/4010/4010
f 4016/4016/4016 4017/4017/4017 4039/4039/4039
f 4012/4012/4012 4007/4007/4007 4010/4010/4010
f 4012/4012/4012 4008/4008/4008 4014/4014/4014
f 4011/4011/4011 4005/4005/4005 3029/3029/3029
f 4012/4012/4012 4010/4010/4010 4008/4008/4008
f 2861/2861/2861 4210/4210/4210 4212/4212/4212
f 4212/4212/4212 4011/4011/4011 3029/3029/3029
f 4008/4008/4008 4214/4214/4214 4014/4014/4014
f 4012/4012/4012 4009/4009/4009 4013/4013/4013
f 4012/4012/4012 4013/4013/4013 4007/4007/4007
f 4018/4018/4018 4021/4021/4021 4009/4009/4009
f 4014/4014/4014 4006/4006/4006 4016/4016/4016
f 4012/4012/4012 4014/4014/4014 4039/4039/4039
f 4239/4239/4239 4236/4236/4236 4235/4235/4235
f 4054/4054/4054 4091/4091/4091 4081/4081/4081
f 4241/4241/4241 4006/4006/4006 4215/4215/4215
f 4079/4079/4079 4015/4015/4015 4076/4076/4076
f 4018/4018/4018 4017/4017/4017 4079/4079/4079
f 4017/4017/4017 4018/4018/4018 4039/4039/4039
f 4019/4019/4019 4020/4020/4020 4023/4023/4023
f 4039/4039/4039 4018/4018/4018 4009/4009/4009
f 4030/4030/4030 4059/4059/4059 4028/4028/4028
f 4009/4009/4009 4021/4021/4021 4013/4013/4013
f 4024/4024/4024 4023/4023/4023 4020/4020/4020
f 3058/3058/3058 4013/4013/4013 4021/4021/4021
f 4020/4020/4020 4019/4019/4019 4021/4021/4021
f 4088/4088/4088 4061/4061/4061 4062/4062/4062
f 4054/4054/4054 4056/4056/4056 4052/4052/4052
f 4025/4025/4025 4026/4026/4026 3571/3571/3571
f 4024/4024/4024 4020/4020/4020 207/207/207
f 4025/4025/4025 4023/4023/4023 4022/4022/4022
f 4040/4040/4040 4052/4052/4052 4053/4053/4053
f 4022/4022/4022 4023/4023/4023 4024/4024/4024
f 4026/4026/4026 4025/4025/4025 4022/4022/4022
f 3571/3571/3571 4059/4059/4059 4025/4025/4025
f 4052/4052/4052 4026/4026/4026 4053/4053/4053
f 3577/3577/3577 4027/4027/4027 3572/3572/3572
f 4028/4028/4028 4027/4027/4027 3573/3573/3573
f 3572/3572/3572 4027/4027/4027 4026/4026/4026
f 4037/4037/4037 4034/4034/4034 4036/4036/4036
f 3571/3571/3571 4027/4027/4027 4028/4028/4028
f 4034/4034/4034 3569/3569/3569 2032/2032/2032
f 4046/4046/4046 4049/4049/4049 4048/4048/4048
f 4050/4050/4050 4029/4029/4029 4048/4048/4048
f 4059/4059/4059 4043/4043/4043 4025/4025/4025
f 3922/3922/3922 4033/4033/4033 4032/4032/4032
f 4036/4036/4036 4034/4034/4034 4031/4031/4031
f 4033/4033/4033 3922/3922/3922 2035/2035/2035
f 4032/4032/4032 4031/4031/4031 4034/4034/4034
f 4035/4035/4035 2035/2035/2035 2037/2037/2037
f 2035/2035/2035 4035/4035/4035 4033/4033/4033
f 4031/4031/4031 4046/4046/4046 4036/4036/4036
f 3569/3569/3569 4034/4034/4034 3567/3567/3567
f 4063/4063/4063 4045/4045/4045 2099/2099/2099
f 4047/4047/4047 4048/4048/4048 4049/4049/4049
f 4030/4030/4030 4038/4038/4038 4029/4029/4029
f 4038/4038/4038 3573/3573/3573 4037/4037/4037
f 3567/3567/3567 4037/4037/4037 3576/3576/3576
f 4038/4038/4038 4037/4037/4037 4036/4036/4036
f 4029/4029/4029 4038/4038/4038 4036/4036/4036
f 4038/4038/4038 4030/4030/4030 4028/4028/4028
f 4012/4012/4012 4039/4039/4039 4009/4009/4009
f 4016/4016/4016 4039/4039/4039 4014/4014/4014
f 4041/4041/4041 4022/4022/4022 4024/4024/4024
f 4057/4057/4057 4075/4075/4075 4080/4080/4080
f 207/207/207 4090/4090/4090 4024/4024/4024
f 4018/4018/4018 4079/4079/4079 207/207/207
f 4086/4086/4086 4220/4220/4220 4085/4085/4085
f 4019/4019/4019 4023/4023/4023 4043/4043/4043
f 4043/4043/4043 4059/4059/4059 4058/4058/4058
f 4083/4083/4083 4084/4084/4084 4060/4060/4060
f 4063/4063/4063 2064/2064/2064 4064/4064/4064
f 3111/3111/3111 4050/4050/4050 4065/4065/4065
f 2099/2099/2099 4045/4045/4045 1914/1914/1914
f 4051/4051/4051 4045/4045/4045 4044/4044/4044
f 4049/4049/4049 4031/4031/4031 4033/4033/4033
f 4051/4051/4051 4047/4047/4047 4049/4049/4049
f 4066/4066/4066 4065/4065/4065 4047/4047/4047
f 4047/4047/4047 4050/4050/4050 4048/4048/4048
f 4031/4031/4031 4049/4049/4049 4046/4046/4046
f 4065/4065/4065 4050/4050/4050 4047/4047/4047
f 4033/4033/4033 4035/4035/4035 4049/4049/4049
f 4045/4045/4045 4051/4051/4051 4035/4035/4035
f 3111/3111/3111 4074/4074/4074 4050/4050/4050
f 4050/4050/4050 4042/4042/4042 4058/4058/4058
f 4044/4044/4044 4066/4066/4066 4089/4089/4089
f 4035/4035/4035 4051/4051/4051 4049/4049/4049
f 4053/4053/4053 4026/4026/4026 4022/4022/4022
f 4054/4054/4054 4052/4052/4052 4040/4040/4040
f 4022/4022/4022 4041/4041/4041 4053/4053/4053
f 4040/4040/4040 4053/4053/4053 4041/4041/4041
f 4082/4082/4082 4091/4091/4091 4075/4075/4075
f 4055/4055/4055 4054/4054/4054 3599/3599/3599
f 3599/3599/3599 3600/3600/3600 4055/4055/4055
f 3600/3600/3600 3598/3598/3598 4056/4056/4056
f 4052/4052/4052 4056/4056/4056 3572/3572/3572
f 3600/3600/3600 4056/4056/4056 4055/4055/4055
f 4006/4006/4006 4241/4241/4241 4233/4233/4233
f 3599/3599/3599 4054/4054/4054 4081/4081/4081
f 4050/4050/4050 4058/4058/4058 4029/4029/4029
f 4058/4058/4058 4042/4042/4042 4084/4084/4084
f 4028/4028/4028 4059/4059/4059 3571/3571/3571
f 4058/4058/4058 4059/4059/4059 4030/4030/4030
f 4042/4042/4042 4074/4074/4074 4086/4086/4086
f 3068/3068/3068 4087/4087/4087 3066/3066/3066
f 4021/4021/4021 4062/4062/4062 3058/3058/3058
f 4061/4061/4061 4060/4060/4060 4085/4085/4085
f 4088/4088/4088 4021/4021/4021 4019/4019/4019
f 4061/4061/4061 3058/3058/3058 4062/4062/4062
f 2064/2064/2064 3990/3990/3990 4064/4064/4064
f 4045/4045/4045 4063/4063/4063 4044/4044/4044
f 3995/3995/3995 4067/4067/4067 3989/3989/3989
f 4044/4044/4044 4063/4063/4063 4064/4064/4064
f 4089/4089/4089 4066/4066/4066 4047/4047/4047
f 4068/4068/4068 4065/4065/4065 4070/4070/4070
f 4064/4064/4064 4071/4071/4071 4044/4044/4044
f 4067/4067/4067 4071/4071/4071 3989/3989/3989
f 3996/3996/3996 4067/4067/4067 3997/3997/3997
f 4067/4067/4067 4066/4066/4066 4071/4071/4071
f 4068/4068/4068 4072/4072/4072 4069/4069/4069
f 3111/3111/3111 4065/4065/4065 4068/4068/4068
f 4073/4073/4073 3985/3985/3985 3988/3988/3988
f 4220/4220/4220 4069/4069/4069 3118/3118/3118
f 4068/4068/4068 4070/4070/4070 3996/3996/3996
f 4066/4066/4066 4070/4070/4070 4065/4065/4065
f 4044/4044/4044 4071/4071/4071 4066/4066/4066
f 3989/3989/3989 4071/4071/4071 4064/4064/4064
f 3997/3997/3997 4072/4072/4072 3996/3996/3996
f 3985/3985/3985 4069/4069/4069 4072/4072/4072
f 3118/3118/3118 4069/4069/4069 4073/4073/4073
f 3985/3985/3985 4073/4073/4073 4069/4069/4069
f 4074/4074/4074 4220/4220/4220 4086/4086/4086
f 4042/4042/4042 4050/4050/4050 4074/4074/4074
f 4078/4078/4078 4075/4075/4075 4041/4041/4041
f 4075/4075/4075 4057/4057/4057 4082/4082/4082
f 4076/4076/4076 4078/4078/4078 4090/4090/4090
f 4285/4285/4285 4280/4280/4280 4234/4234/4234
f 4077/4077/4077 4133/4133/4133 4130/4130/4130
f 4125/4125/4125 4130/4130/4130 4124/4124/4124
f 4090/4090/4090 4078/4078/4078 4041/4041/4041
f 4080/4080/4080 4078/4078/4078 4076/4076/4076
f 4015/4015/4015 4079/4079/4079 4017/4017/4017
f 4090/4090/4090 4079/4079/4079 4076/4076/4076
f 4078/4078/4078 4080/4080/4080 4075/4075/4075
f 4280/4280/4280 4076/4076/4076 4015/4015/4015
f 4091/4091/4091 4054/4054/4054 4040/4040/4040
f 4077/4077/4077 4130/4130/4130 4125/4125/4125
f 4134/4134/4134 4133/4133/4133 4077/4077/4077
f 4091/4091/4091 4077/4077/4077 4081/4081/4081
f 4084/4084/4084 4083/4083/4083 4043/4043/4043
f 4088/4088/4088 4083/4083/4083 4060/4060/4060
f 4058/4058/4058 4084/4084/4084 4043/4043/4043
f 4086/4086/4086 4084/4084/4084 4042/4042/4042
f 4084/4084/4084 4086/4086/4086 4060/4060/4060
f 4085/4085/4085 3118/3118/3118 3150/3150/3150
f 4074/4074/4074 3111/3111/3111 4220/4220/4220
f 4060/4060/4060 4086/4086/4086 4085/4085/4085
f 3065/3065/3065 4061/4061/4061 4087/4087/4087
f 4085/4085/4085 4087/4087/4087 4061/4061/4061
f 4061/4061/4061 4088/4088/4088 4060/4060/4060
f 4021/4021/4021 4088/4088/4088 4062/4062/4062
f 4047/4047/4047 4051/4051/4051 4089/4089/4089
f 4044/4044/4044 4089/4089/4089 4051/4051/4051
f 4024/4024/4024 4090/4090/4090 4041/4041/4041
f 4079/4079/4079 4090/4090/4090 207/207/207
f 4075/4075/4075 4091/4091/4091 4040/4040/4040
f 4077/4077/4077 4091/4091/4091 4082/4082/4082
f 2814/2814/2814 2818/2818/2818 4093/4093/4093
f 2774/2774/2774 3032/3032/3032 4094/4094/4094
f 2774/2774/2774 4093/4093/4093 2819/2819/2819
f 2814/2814/2814 4093/4093/4093 4092/4092/4092
f 3032/3032/3032 2949/2949/2949 4094/4094/4094
f 2949/2949/2949 3062/3062/3062 4096/4096/4096
f 2814/2814/2814 4095/4095/4095 2815/2815/2815
f 3984/3984/3984 4095/4095/4095 4092/4092/4092
f 4092/4092/4092 4094/4094/4094 4096/4096/4096
f 4096/4096/4096 4094/4094/4094 2949/2949/2949
f 3084/3084/3084 4097/4097/4097 3079/3079/3079
f 4097/4097/4097 3081/3081/3081 4099/4099/4099
f 4102/4102/4102 4098/4098/4098 3078/3078/3078
f 3119/3119/3119 4098/4098/4098 3113/3113/3113
f 4100/4100/4100 4099/4099/4099 3081/3081/3081
f 3257/3257/3257 4099/4099/4099 3146/3146/3146
f 3148/3148/3148 4100/4100/4100 3081/3081/3081
f 3146/3146/3146 4100/4100/4100 3149/3149/3149
f 3078/3078/3078 4097/4097/4097 4101/4101/4101
f 4099/4099/4099 4101/4101/4101 4097/4097/4097
f 3177/3177/3177 4102/4102/4102 3078/3078/3078
f 3137/3137/3137 4102/4102/4102 3131/3131/3131
f 1965/1965/1965 3338/3338/3338 4256/4256/4256
f 3233/3233/3233 4158/4158/4158 3236/3236/3236
f 3156/3156/3156 3230/3230/3230 4107/4107/4107
f 3306/3306/3306 4104/4104/4104 4109/4109/4109
f 3226/3226/3226 4172/4172/4172 4171/4171/4171
f 3306/3306/3306 4109/4109/4109 3305/3305/3305
f 4177/4177/4177 3238/3238/3238 3226/3226/3226
f 4106/4106/4106 4105/4105/4105 4107/4107/4107
f 4107/4107/4107 3230/3230/3230 3227/3227/3227
f 4107/4107/4107 4105/4105/4105 4110/4110/4110
f 3274/3274/3274 4108/4108/4108 3306/3306/3306
f 3268/3268/3268 4104/4104/4104 4108/4108/4108
f 4104/4104/4104 4110/4110/4110 4109/4109/4109
f 4110/4110/4110 4176/4176/4176 4109/4109/4109
f 4107/4107/4107 4110/4110/4110 4104/4104/4104
f 4177/4177/4177 4178/4178/4178 4105/4105/4105
f 4112/4112/4112 3346/3346/3346 3358/3358/3358
f 4113/4113/4113 4115/4115/4115 4112/4112/4112
f 4221/4221/4221 4113/4113/4113 3356/3356/3356
f 3346/3346/3346 4112/4112/4112 4111/4111/4111
f 4225/4225/4225 4113/4113/4113 4223/4223/4223
f 1483/1483/1483 3310/3310/3310 4115/4115/4115
f 3347/3347/3347 4114/4114/4114 3270/3270/3270
f 3346/3346/3346 4111/4111/4111 4114/4114/4114
f 4112/4112/4112 4115/4115/4115 4111/4111/4111
f 4115/4115/4115 4113/4113/4113 4225/4225/4225
f 4116/4116/4116 1562/1562/1562 3370/3370/3370
f 3416/3416/3416 4116/4116/4116 3375/3375/3375
f 3460/3460/3460 4117/4117/4117 342/342/342
f 4117/4117/4117 3462/3462/3462 1504/1504/1504
f 4208/4208/4208 1200/1200/1200 4206/4206/4206
f 4203/4203/4203 4197/4197/4197 4201/4201/4201
f 4203/4203/4203 4204/4204/4204 4205/4205/4205
f 4119/4119/4119 4207/4207/4207 4226/4226/4226
f 1193/1193/1193 3467/3467/3467 4120/4120/4120
f 4121/4121/4121 4120/4120/4120 3467/3467/3467
f 4205/4205/4205 3467/3467/3467 3466/3466/3466
f 4121/4121/4121 4119/4119/4119 4226/4226/4226
f 1101/1101/1101 4122/4122/4122 1103/1103/1103
f 3505/3505/3505 4122/4122/4122 3504/3504/3504
f 3545/3545/3545 3569/3569/3569 4123/4123/4123
f 3567/3567/3567 4123/4123/4123 3569/3569/3569
f 4124/4124/4124 4126/4126/4126 4127/4127/4127
f 4125/4125/4125 3599/3599/3599 4081/4081/4081
f 4077/4077/4077 4125/4125/4125 4081/4081/4081
f 4129/4129/4129 4125/4125/4125 4124/4124/4124
f 3474/3474/3474 4126/4126/4126 3472/3472/3472
f 4127/4127/4127 4126/4126/4126 231/231/231
f 231/231/231 1138/1138/1138 4128/4128/4128
f 4129/4129/4129 4127/4127/4127 3622/3622/3622
f 3656/3656/3656 4128/4128/4128 1136/1136/1136
f 231/231/231 4128/4128/4128 4127/4127/4127
f 3600/3600/3600 4129/4129/4129 3622/3622/3622
f 4129/4129/4129 3599/3599/3599 4125/4125/4125
f 4134/4134/4134 4082/4082/4082 4057/4057/4057
f 4126/4126/4126 4130/4130/4130 3472/3472/3472
f 4234/4234/4234 4280/4280/4280 4233/4233/4233
f 4136/4136/4136 3478/3478/3478 4138/4138/4138
f 3472/3472/3472 4132/4132/4132 3473/3473/3473
f 4136/4136/4136 3475/3475/3475 3478/3478/3478
f 4134/4134/4134 4077/4077/4077 4082/4082/4082
f 4132/4132/4132 4133/4133/4133 4131/4131/4131
f 4134/4134/4134 4285/4285/4285 4282/4282/4282
f 4133/4133/4133 4134/4134/4134 4284/4284/4284
f 4138/4138/4138 4132/4132/4132 4274/4274/4274
f 4274/4274/4274 4272/4272/4272 4275/4275/4275
f 4138/4138/4138 3478/3478/3478 968/968/968
f 4136/4136/4136 4135/4135/4135 4275/4275/4275
f 4130/4130/4130 4137/4137/4137 3472/3472/3472
f 4133/4133/4133 4132/4132/4132 4137/4137/4137
f 4274/4274/4274 4132/4132/4132 4131/4131/4131
f 4136/4136/4136 4138/4138/4138 4135/4135/4135
f 3741/3741/3741 4139/4139/4139 3235/3235/3235
f 3739/3739/3739 3760/3760/3760 4140/4140/4140
f 4140/4140/4140 3759/3759/3759 4159/4159/4159
f 3739/3739/3739 4140/4140/4140 4139/4139/4139
f 3795/3795/3795 4141/4141/4141 3773/3773/3773
f 3803/3803/3803 4141/4141/4141 3805/3805/3805
f 3787/3787/3787 4143/4143/4143 4142/4142/4142
f 4142/4142/4142 4143/4143/4143 4243/4243/4243
f 3831/3831/3831 4143/4143/4143 3787/3787/3787
f 4244/4244/4244 4242/4242/4242 4243/4243/4243
f 3788/3788/3788 4144/4144/4144 3831/3831/3831
f 4145/4145/4145 4144/4144/4144 3790/3790/3790
f 4145/4145/4145 3790/3790/3790 1875/1875/1875
f 4146/4146/4146 4145/4145/4145 1977/1977/1977
f 3910/3910/3910 4146/4146/4146 1977/1977/1977
f 1974/1974/1974 3832/3832/3832 4146/4146/4146
f 215/215/215 4147/4147/4147 2098/2098/2098
f 3849/3849/3849 1824/1824/1824 4147/4147/4147
f 4169/4169/4169 2056/2056/2056 2022/2022/2022
f 3226/3226/3226 4158/4158/4158 4172/4172/4172
f 4154/4154/4154 4151/4151/4151 4149/4149/4149
f 3728/3728/3728 4151/4151/4151 3763/3763/3763
f 4255/4255/4255 3798/3798/3798 211/211/211
f 4149/4149/4149 4151/4151/4151 4150/4150/4150
f 4151/4151/4151 3728/3728/3728 3757/3757/3757
f 4152/4152/4152 4154/4154/4154 4155/4155/4155
f 4167/4167/4167 4164/4164/4164 4165/4165/4165
f 4157/4157/4157 4161/4161/4161 4159/4159/4159
f 4151/4151/4151 4156/4156/4156 3763/3763/3763
f 4160/4160/4160 4157/4157/4157 4159/4159/4159
f 4155/4155/4155 4154/4154/4154 4149/4149/4149
f 4154/4154/4154 4152/4152/4152 4160/4160/4160
f 4250/4250/4250 4155/4155/4155 4149/4149/4149
f 4165/4165/4165 4152/4152/4152 4166/4166/4166
f 4154/4154/4154 4156/4156/4156 4151/4151/4151
f 4156/4156/4156 4153/4153/4153 4159/4159/4159
f 3236/3236/3236 4158/4158/4158 3226/3226/3226
f 4161/4161/4161 4157/4157/4157 4158/4158/4158
f 4162/4162/4162 4157/4157/4157 4160/4160/4160
f 4158/4158/4158 4157/4157/4157 4162/4162/4162
f 4156/4156/4156 4159/4159/4159 3759/3759/3759
f 4159/4159/4159 4153/4153/4153 4160/4160/4160
f 4154/4154/4154 4160/4160/4160 4153/4153/4153
f 4162/4162/4162 4160/4160/4160 4152/4152/4152
f 3237/3237/3237 4161/4161/4161 3233/3233/3233
f 4159/4159/4159 4161/4161/4161 3762/3762/3762
f 4165/4165/4165 4162/4162/4162 4152/4152/4152
f 4162/4162/4162 4165/4165/4165 4164/4164/4164
f 4155/4155/4155 4148/4148/4148 4166/4166/4166
f 4174/4174/4174 4169/4169/4169 4168/4168/4168
f 4164/4164/4164 4103/4103/4103 4171/4171/4171
f 4158/4158/4158 4162/4162/4162 4164/4164/4164
f 4166/4166/4166 4152/4152/4152 4155/4155/4155
f 4165/4165/4165 4163/4163/4163 4167/4167/4167
f 4148/4148/4148 4170/4170/4170 4174/4174/4174
f 4163/4163/4163 4165/4165/4165 4166/4166/4166
f 4168/4168/4168 4167/4167/4167 4163/4163/4163
f 4103/4103/4103 4164/4164/4164 4167/4167/4167
f 2056/2056/2056 4169/4169/4169 1967/1967/1967
f 4168/4168/4168 2022/2022/2022 4173/4173/4173
f 4163/4163/4163 4174/4174/4174 4168/4168/4168
f 4163/4163/4163 4166/4166/4166 4174/4174/4174
f 4170/4170/4170 4148/4148/4148 4184/4184/4184
f 1967/1967/1967 4169/4169/4169 4170/4170/4170
f 4173/4173/4173 4180/4180/4180 4103/4103/4103
f 4177/4177/4177 4171/4171/4171 4178/4178/4178
f 4158/4158/4158 4164/4164/4164 4172/4172/4172
f 4171/4171/4171 4172/4172/4172 4164/4164/4164
f 4179/4179/4179 4173/4173/4173 2022/2022/2022
f 1965/1965/1965 4256/4256/4256 4180/4180/4180
f 4148/4148/4148 4174/4174/4174 4166/4166/4166
f 4169/4169/4169 4174/4174/4174 4170/4170/4170
f 3305/3305/3305 4176/4176/4176 4181/4181/4181
f 4105/4105/4105 4178/4178/4178 4176/4176/4176
f 4105/4105/4105 4176/4176/4176 4110/4110/4110
f 4176/4176/4176 4175/4175/4175 4181/4181/4181
f 4106/4106/4106 4177/4177/4177 4105/4105/4105
f 3226/3226/3226 4171/4171/4171 4177/4177/4177
f 4103/4103/4103 4178/4178/4178 4171/4171/4171
f 4176/4176/4176 4178/4178/4178 4175/4175/4175
f 2054/2054/2054 4179/4179/4179 2022/2022/2022
f 1965/1965/1965 4179/4179/4179 2055/2055/2055
f 1965/1965/1965 4180/4180/4180 4173/4173/4173
f 4178/4178/4178 4180/4180/4180 4175/4175/4175
f 4256/4256/4256 4181/4181/4181 4175/4175/4175
f 4181/4181/4181 3322/3322/3322 3354/3354/3354
f 4251/4251/4251 4249/4249/4249 211/211/211
f 4252/4252/4252 4251/4251/4251 211/211/211
f 1967/1967/1967 4170/4170/4170 4183/4183/4183
f 4183/4183/4183 4170/4170/4170 4184/4184/4184
f 4249/4249/4249 4184/4184/4184 4148/4148/4148
f 4183/4183/4183 4184/4184/4184 4182/4182/4182
f 3704/3704/3704 4185/4185/4185 3703/3703/3703
f 3693/3693/3693 3694/3694/3694 4186/4186/4186
f 2403/2403/2403 2409/2409/2409 4188/4188/4188
f 3952/3952/3952 4185/4185/4185 4186/4186/4186
f 4186/4186/4186 2403/2403/2403 4188/4188/4188
f 4189/4189/4189 4187/4187/4187 4188/4188/4188
f 2409/2409/2409 2375/2375/2375 4190/4190/4190
f 4186/4186/4186 4188/4188/4188 4187/4187/4187
f 2384/2384/2384 4189/4189/4189 2376/2376/2376
f 2383/2383/2383 4187/4187/4187 4189/4189/4189
f 4189/4189/4189 4190/4190/4190 2376/2376/2376
f 2409/2409/2409 4190/4190/4190 4188/4188/4188
f 2860/2860/2860 4191/4191/4191 2862/2862/2862
f 2825/2825/2825 2848/2848/2848 4192/4192/4192
f 4000/4000/4000 4191/4191/4191 4192/4192/4192
f 4192/4192/4192 4191/4191/4191 2825/2825/2825
f 3031/3031/3031 4193/4193/4193 2861/2861/2861
f 4191/4191/4191 4193/4193/4193 2862/2862/2862
f 4200/4200/4200 4194/4194/4194 4195/4195/4195
f 4011/4011/4011 4199/4199/4199 4008/4008/4008
f 4000/4000/4000 4192/4192/4192 4196/4196/4196
f 4200/4200/4200 4195/4195/4195 4001/4001/4001
f 4001/4001/4001 4196/4196/4196 4002/4002/4002
f 4000/4000/4000 4196/4196/4196 4195/4195/4195
f 4197/4197/4197 4200/4200/4200 4201/4201/4201
f 4219/4219/4219 4238/4238/4238 4216/4216/4216
f 4211/4211/4211 4210/4210/4210 4194/4194/4194
f 4219/4219/4219 4216/4216/4216 4198/4198/4198
f 4199/4199/4199 4216/4216/4216 4215/4215/4215
f 4214/4214/4214 4199/4199/4199 4215/4215/4215
f 4201/4201/4201 4200/4200/4200 4001/4001/4001
f 4211/4211/4211 4200/4200/4200 4197/4197/4197
f 4202/4202/4202 4201/4201/4201 4001/4001/4001
f 4203/4203/4203 4201/4201/4201 4118/4118/4118
f 4002/4002/4002 4202/4202/4202 4001/4001/4001
f 4202/4202/4202 277/277/277 4208/4208/4208
f 4203/4203/4203 4118/4118/4118 4204/4204/4204
f 4218/4218/4218 4203/4203/4203 3466/3466/3466
f 4118/4118/4118 4206/4206/4206 4204/4204/4204
f 930/930/930 4226/4226/4226 4207/4207/4207
f 4121/4121/4121 4205/4205/4205 4119/4119/4119
f 4203/4203/4203 4205/4205/4205 3466/3466/3466
f 4208/4208/4208 4206/4206/4206 4118/4118/4118
f 932/932/932 4209/4209/4209 466/466/466
f 4204/4204/4204 4206/4206/4206 4207/4207/4207
f 4209/4209/4209 4206/4206/4206 1200/1200/1200
f 4208/4208/4208 4118/4118/4118 4202/4202/4202
f 1200/1200/1200 4208/4208/4208 1203/1203/1203
f 4206/4206/4206 4209/4209/4209 4207/4207/4207
f 1201/1201/1201 4209/4209/4209 1200/1200/1200
f 4194/4194/4194 4200/4200/4200 4211/4211/4211
f 4212/4212/4212 4210/4210/4210 4198/4198/4198
f 4218/4218/4218 3466/3466/3466 4217/4217/4217
f 4198/4198/4198 4210/4210/4210 4211/4211/4211
f 4199/4199/4199 4212/4212/4212 4198/4198/4198
f 4212/4212/4212 3029/3029/3029 3031/3031/3031
f 4211/4211/4211 4197/4197/4197 4218/4218/4218
f 230/230/230 927/927/927 4229/4229/4229
f 4014/4014/4014 4214/4214/4214 4006/4006/4006
f 4008/4008/4008 4199/4199/4199 4214/4214/4214
f 4216/4216/4216 4199/4199/4199 4198/4198/4198
f 4213/4213/4213 4240/4240/4240 4241/4241/4241
f 4211/4211/4211 4218/4218/4218 4219/4219/4219
f 4213/4213/4213 4215/4215/4215 4216/4216/4216
f 3467/3467/3467 4237/4237/4237 3466/3466/3466
f 4237/4237/4237 230/230/230 4236/4236/4236
f 4218/4218/4218 4197/4197/4197 4203/4203/4203
f 4219/4219/4219 4218/4218/4218 4217/4217/4217
f 4219/4219/4219 4217/4217/4217 4238/4238/4238
f 4211/4211/4211 4219/4219/4219 4198/4198/4198
f 4069/4069/4069 4220/4220/4220 3111/3111/3111
f 4085/4085/4085 4220/4220/4220 3118/3118/3118
f 4222/4222/4222 4221/4221/4221 3356/3356/3356
f 4223/4223/4223 4221/4221/4221 2061/2061/2061
f 3359/3359/3359 4222/4222/4222 3356/3356/3356
f 4222/4222/4222 2093/2093/2093 2094/2094/2094
f 2062/2062/2062 4223/4223/4223 2061/2061/2061
f 4223/4223/4223 1484/1484/1484 4225/4225/4225
f 2090/2090/2090 4224/4224/4224 3359/3359/3359
f 2093/2093/2093 4224/4224/4224 3448/3448/3448
f 1558/1558/1558 4225/4225/4225 1484/1484/1484
f 4115/4115/4115 4225/4225/4225 1483/1483/1483
f 934/934/934 4226/4226/4226 930/930/930
f 4226/4226/4226 935/935/935 4120/4120/4120
f 4282/4282/4282 4269/4269/4269 4273/4273/4273
f 4266/4266/4266 4271/4271/4271 1195/1195/1195
f 4080/4080/4080 4280/4280/4280 4057/4057/4057
f 4229/4229/4229 4235/4235/4235 230/230/230
f 4230/4230/4230 4229/4229/4229 927/927/927
f 4235/4235/4235 4229/4229/4229 4278/4278/4278
f 1395/1395/1395 4230/4230/4230 927/927/927
f 4230/4230/4230 1194/1194/1194 4265/4265/4265
f 4016/4016/4016 4233/4233/4233 4015/4015/4015
f 4231/4231/4231 4240/4240/4240 4239/4239/4239
f 4276/4276/4276 4277/4277/4277 4278/4278/4278
f 4228/4228/4228 4268/4268/4268 4267/4267/4267
f 4006/4006/4006 4233/4233/4233 4016/4016/4016
f 4233/4233/4233 4232/4232/4232 4234/4234/4234
f 4277/4277/4277 4232/4232/4232 4240/4240/4240
f 4282/4282/4282 4273/4273/4273 4283/4283/4283
f 4278/4278/4278 4229/4229/4229 4228/4228/4228
f 4231/4231/4231 4278/4278/4278 4277/4277/4277
f 230/230/230 4235/4235/4235 4236/4236/4236
f 4235/4235/4235 4231/4231/4231 4239/4239/4239
f 3466/3466/3466 4237/4237/4237 4217/4217/4217
f 230/230/230 4237/4237/4237 3467/3467/3467
f 4216/4216/4216 4238/4238/4238 4213/4213/4213
f 4237/4237/4237 4238/4238/4238 4217/4217/4217
f 4213/4213/4213 4238/4238/4238 4239/4239/4239
f 4236/4236/4236 4239/4239/4239 4238/4238/4238
f 4240/4240/4240 4232/4232/4232 4233/4233/4233
f 4213/4213/4213 4239/4239/4239 4240/4240/4240
f 4213/4213/4213 4241/4241/4241 4215/4215/4215
f 4233/4233/4233 4241/4241/4241 4240/4240/4240
f 4143/4143/4143 4244/4244/4244 4243/4243/4243
f 4245/4245/4245 4246/4246/4246 3919/3919/3919
f 4244/4244/4244 4143/4143/4143 3832/3832/3832
f 4242/4242/4242 4251/4251/4251 4252/4252/4252
f 3832/3832/3832 1974/1974/1974 4244/4244/4244
f 4246/4246/4246 4244/4244/4244 1974/1974/1974
f 3920/3920/3920 4245/4245/4245 3919/3919/3919
f 4245/4245/4245 4248/4248/4248 4247/4247/4247
f 3919/3919/3919 4246/4246/4246 1974/1974/1974
f 4242/4242/4242 4246/4246/4246 4245/4245/4245
f 4247/4247/4247 4182/4182/4182 4254/4254/4254
f 4242/4242/4242 4245/4245/4245 4247/4247/4247
f 4253/4253/4253 4248/4248/4248 3911/3911/3911
f 4182/4182/4182 4247/4247/4247 4248/4248/4248
f 4249/4249/4249 4254/4254/4254 4184/4184/4184
f 4148/4148/4148 4155/4155/4155 4250/4250/4250
f 4255/4255/4255 4149/4149/4149 4150/4150/4150
f 4148/4148/4148 4250/4250/4250 4249/4249/4249
f 4242/4242/4242 4247/4247/4247 4251/4251/4251
f 4251/4251/4251 4247/4247/4247 4254/4254/4254
f 4252/4252/4252 211/211/211 3798/3798/3798
f 4243/4243/4243 4252/4252/4252 3821/3821/3821
f 3916/3916/3916 4253/4253/4253 3911/3911/3911
f 4182/4182/4182 4253/4253/4253 3913/3913/3913
f 4184/4184/4184 4254/4254/4254 4182/4182/4182
f 4251/4251/4251 4254/4254/4254 4249/4249/4249
f 4249/4249/4249 4255/4255/4255 211/211/211
f 4149/4149/4149 4255/4255/4255 4250/4250/4250
f 4181/4181/4181 4256/4256/4256 3322/3322/3322
f 4180/4180/4180 4256/4256/4256 4175/4175/4175
f 4266/4266/4266 4262/4262/4262 4271/4271/4271
f 1196/1196/1196 4259/4259/4259 1195/1195/1195
f 4258/4258/4258 4262/4262/4262 4259/4259/4259
f 719/719/719 4260/4260/4260 694/694/694
f 4259/4259/4259 1196/1196/1196 697/697/697
f 4258/4258/4258 4281/4281/4281 4262/4262/4262
f 208/208/208 4260/4260/4260 719/719/719
f 4259/4259/4259 4260/4260/4260 4258/4258/4258
f 4281/4281/4281 3477/3477/3477 3475/3475/3475
f 4260/4260/4260 4261/4261/4261 4258/4258/4258
f 4263/4263/4263 4262/4262/4262 4257/4257/4257
f 1195/1195/1195 4259/4259/4259 4266/4266/4266
f 4272/4272/4272 4263/4263/4263 4257/4257/4257
f 4227/4227/4227 4264/4264/4264 4271/4271/4271
f 4267/4267/4267 4264/4264/4264 4227/4227/4227
f 4230/4230/4230 4265/4265/4265 4268/4268/4268
f 1397/1397/1397 4265/4265/4265 1194/1194/1194
f 4264/4264/4264 4267/4267/4267 4268/4268/4268
f 4259/4259/4259 4262/4262/4262 4266/4266/4266
f 4262/4262/4262 4263/4263/4263 4271/4271/4271
f 4270/4270/4270 4267/4267/4267 4227/4227/4227
f 4270/4270/4270 4276/4276/4276 4267/4267/4267
f 4230/4230/4230 4268/4268/4268 4228/4228/4228
f 4264/4264/4264 4268/4268/4268 4265/4265/4265
f 4273/4273/4273 4270/4270/4270 4227/4227/4227
f 4279/4279/4279 4234/4234/4234 4232/4232/4232
f 4273/4273/4273 4227/4227/4227 4272/4272/4272
f 4270/4270/4270 4269/4269/4269 4276/4276/4276
f 4227/4227/4227 4271/4271/4271 4263/4263/4263
f 1195/1195/1195 4271/4271/4271 4264/4264/4264
f 4270/4270/4270 4273/4273/4273 4269/4269/4269
f 4272/4272/4272 4227/4227/4227 4263/4263/4263
f 4283/4283/4283 4272/4272/4272 4274/4274/4274
f 4283/4283/4283 4284/4284/4284 4282/4282/4282
f 4138/4138/4138 4274/4274/4274 4135/4135/4135
f 4283/4283/4283 4274/4274/4274 4131/4131/4131
f 4257/4257/4257 4281/4281/4281 4275/4275/4275
f 4274/4274/4274 4275/4275/4275 4135/4135/4135
f 4276/4276/4276 4228/4228/4228 4267/4267/4267
f 4269/4269/4269 4279/4279/4279 4276/4276/4276
f 4231/4231/4231 4277/4277/4277 4240/4240/4240
f 4279/4279/4279 4277/4277/4277 4276/4276/4276
f 4235/4235/4235 4278/4278/4278 4231/4231/4231
f 4228/4228/4228 4276/4276/4276 4278/4278/4278
f 4234/4234/4234 4279/4279/4279 4269/4269/4269
f 4277/4277/4277 4279/4279/4279 4232/4232/4232
f 4076/4076/4076 4280/4280/4280 4080/4080/4080
f 4233/4233/4233 4280/4280/4280 4015/4015/4015
f 4262/4262/4262 4281/4281/4281 4257/4257/4257
f 4261/4261/4261 4281/4281/4281 4258/4258/4258
f 4285/4285/4285 4134/4134/4134 4057/4057/4057
f 4282/4282/4282 4285/4285/4285 4269/4269/4269
f 4272/4272/4272 4283/4283/4283 4273/4273/4273
f 4284/4284/4284 4283/4283/4283 4131/4131/4131
f 4133/4133/4133 4284/4284/4284 4131/4131/4131
f 4134/4134/4134 4282/4282/4282 4284/4284/4284
f 4280/4280/4280 4285/4285/4285 4057/4057/4057
f 4269/4269/4269 4285/4285/4285 4234/4234/4234
s 1
usemtl medical_prop_texture3
f 4286/4286/4286 4287/4287/4287 4288/4288/4288
f 4289/4289/4289 4290/4290/4290 4291/4291/4291
f 4292/4292/4292 4293/4293/4293 4294/4294/4294
f 4295/4295/4295 4296/4296/4296 4297/4297/4297
f 4298/4298/4298 4299/4299/4299 4300/4300/4300
f 4301/4301/4301 4302/4302/4302 4303/4303/4303
f 4303/4303/4303 4304/4304/4304 4301/4301/4301
f 4305/4305/4305 4301/4301/4301 4304/4304/4304
f 4304/4304/4304 4306/4306/4306 4305/4305/4305
f 4307/4307/4307 4308/4308/4308 4309/4309/4309
f 4309/4309/4309 4310/4310/4310 4307/4307/4307
f 4311/4311/4311 4312/4312/4312 4313/4313/4313
f 4313/4313/4313 4314/4314/4314 4311/4311/4311
f 4315/4315/4315 4316/4316/4316 4317/4317/4317
f 4317/4317/4317 4318/4318/4318 4315/4315/4315
f 4319/4319/4319 4315/4315/4315 4318/4318/4318
f 4318/4318/4318 4320/4320/4320 4319/4319/4319
f 4321/4321/4321 4322/4322/4322 4323/4323/4323
f 4323/4323/4323 4324/4324/4324 4321/4321/4321
f 4325/4325/4325 4321/4321/4321 4324/4324/4324
f 4324/4324/4324 4326/4326/4326 4325/4325/4325
f 4327/4327/4327 4328/4328/4328 4329/4329/4329
f 4329/4329/4329 4330/4330/4330 4327/4327/4327
f 4331/4331/4331 4327/4327/4327 4330/4330/4330
f 4330/4330/4330 4332/4332/4332 4331/4331/4331
f 4333/4333/4333 4334/4334/4334 4335/4335/4335
f 4335/4335/4335 4336/4336/4336 4333/4333/4333
f 4337/4337/4337 4338/4338/4338 4339/4339/4339
f 4339/4339/4339 4340/4340/4340 4337/4337/4337
f 4341/4341/4341 4342/4342/4342 4343/4343/4343
f 4343/4343/4343 4344/4344/4344 4341/4341/4341
f 4345/4345/4345 4341/4341/4341 4344/4344/4344
f 4344/4344/4344 4346/4346/4346 4345/4345/4345
f 4347/4347/4347 4348/4348/4348 4349/4349/4349
f 4349/4349/4349 4350/4350/4350 4347/4347/4347
f 4351/4351/4351 4347/4347/4347 4350/4350/4350
f 4350/4350/4350 4352/4352/4352 4351/4351/4351
f 4353/4353/4353 4354/4354/4354 4355/4355/4355
f 4355/4355/4355 4356/4356/4356 4353/4353/4353
f 4357/4357/4357 4353/4353/4353 4356/4356/4356
f 4356/4356/4356 4358/4358/4358 4357/4357/4357
f 4359/4359/4359 4360/4360/4360 4361/4361/4361
f 4361/4361/4361 4362/4362/4362 4359/4359/4359
f 4363/4363/4363 4364/4364/4364 4365/4365/4365
f 4365/4365/4365 4366/4366/4366 4363/4363/4363
f 4367/4367/4367 4368/4368/4368 4369/4369/4369
f 4369/4369/4369 4370/4370/4370 4367/4367/4367
f 4371/4371/4371 4367/4367/4367 4370/4370/4370
f 4370/4370/4370 4372/4372/4372 4371/4371/4371
f 4373/4373/4373 4374/4374/4374 4375/4375/4375
f 4375/4375/4375 4376/4376/4376 4373/4373/4373
f 4377/4377/4377 4373/4373/4373 4376/4376/4376
f 4376/4376/4376 4378/4378/4378 4377/4377/4377
f 4379/4379/4379 4380/4380/4380 4381/4381/4381
f 4381/4381/4381 4382/4382/4382 4379/4379/4379
f 4383/4383/4383 4379/4379/4379 4382/4382/4382
f 4382/4382/4382 4384/4384/4384 4383/4383/4383
f 4385/4385/4385 4386/4386/4386 4387/4387/4387
f 4387/4387/4387 4388/4388/4388 4385/4385/4385
f 4389/4389/4389 4390/4390/4390 4391/4391/4391
f 4391/4391/4391 4392/4392/4392 4389/4389/4389
f 4393/4393/4393 4394/4394/4394 4395/4395/4395
f 4395/4395/4395 4396/4396/4396 4393/4393/4393
f 4397/4397/4397 4393/4393/4393 4396/4396/4396
f 4396/4396/4396 4398/4398/4398 4397/4397/4397
f 4399/4399/4399 4400/4400/4400 4401/4401/4401
f 4401/4401/4401 4402/4402/4402 4399/4399/4399
f 4403/4403/4403 4399/4399/4399 4402/4402/4402
f 4402/4402/4402 4404/4404/4404 4403/4403/4403
f 4405/4405/4405 4406/4406/4406 4407/4407/4407
f 4407/4407/4407 4408/4408/4408 4405/4405/4405
f 4409/4409/4409 4410/4410/4410 4411/4411/4411
f 4411/4411/4411 4412/4412/4412 4409/4409/4409
f 4413/4413/4413 4414/4414/4414 4415/4415/4415
f 4415/4415/4415 4416/4416/4416 4413/4413/4413
f 4417/4417/4417 4418/4418/4418 4419/4419/4419
f 4419/4419/4419 4420/4420/4420 4417/4417/4417
f 4421/4421/4421 4422/4422/4422 4423/4423/4423
f 4423/4423/4423 4424/4424/4424 4421/4421/4421
f 4425/4425/4425 4426/4426/4426 4427/4427/4427
f 4427/4427/4427 4428/4428/4428 4425/4425/4425
f 4429/4429/4429 4430/4430/4430 4431/4431/4431
f 4431/4431/4431 4432/4432/4432 4429/4429/4429
f 4433/4433/4433 4429/4429/4429 4432/4432/4432
f 4432/4432/4432 4434/4434/4434 4433/4433/4433
f 4435/4435/4435 4436/4436/4436 4437/4437/4437
f 4437/4437/4437 4438/4438/4438 4435/4435/4435
f 4439/4439/4439 4435/4435/4435 4438/4438/4438
f 4438/4438/4438 4440/4440/4440 4439/4439/4439
f 4441/4441/4441 4442/4442/4442 4443/4443/4443
f 4443/4443/4443 4444/4444/4444 4441/4441/4441
f 4445/4445/4445 4441/4441/4441 4444/4444/4444
f 4444/4444/4444 4446/4446/4446 4445/4445/4445
f 4447/4447/4447 4448/4448/4448 4449/4449/4449
f 4449/4449/4449 4450/4450/4450 4447/4447/4447
f 4451/4451/4451 4447/4447/4447 4450/4450/4450
f 4450/4450/4450 4452/4452/4452 4451/4451/4451
f 4453/4453/4453 4454/4454/4454 4455/4455/4455
f 4453/4453/4453 4455/4455/4455 4456/4456/4456
f 4457/4457/4457 4453/4453/4453 4456/4456/4456
f 4455/4455/4455 4458/4458/4458 4456/4456/4456
f 4455/4455/4455 4459/4459/4459 4458/4458/4458
f 4458/4458/4458 4460/4460/4460 4456/4456/4456
f 4461/4461/4461 4462/4462/4462 4463/4463/4463
f 4461/4461/4461 4463/4463/4463 4464/4464/4464
f 4465/4465/4465 4461/4461/4461 4464/4464/4464
f 4463/4463/4463 4466/4466/4466 4464/4464/4464
f 4463/4463/4463 4467/4467/4467 4466/4466/4466
f 4466/4466/4466 4468/4468/4468 4464/4464/4464
f 4469/4469/4469 4470/4470/4470 4471/4471/4471
f 4471/4471/4471 4472/4472/4472 4469/4469/4469
f 4473/4473/4473 4469/4469/4469 4472/4472/4472
f 4472/4472/4472 4474/4474/4474 4473/4473/4473
f 4475/4475/4475 4473/4473/4473 4474/4474/4474
f 4474/4474/4474 4476/4476/4476 4475/4475/4475
f 4477/4477/4477 4478/4478/4478 4479/4479/4479
f 4479/4479/4479 4480/4480/4480 4477/4477/4477
f 4481/4481/4481 4482/4482/4482 4483/4483/4483
f 4483/4483/4483 4484/4484/4484 4481/4481/4481
f 4485/4485/4485 4481/4481/4481 4484/4484/4484
f 4484/4484/4484 4486/4486/4486 4485/4485/4485
f 4487/4487/4487 4488/4488/4488 4489/4489/4489
f 4489/4489/4489 4490/4490/4490 4487/4487/4487
f 4491/4491/4491 4487/4487/4487 4490/4490/4490
f 4490/4490/4490 4492/4492/4492 4491/4491/4491
f 4493/4493/4493 4491/4491/4491 4492/4492/4492
f 4492/4492/4492 4494/4494/4494 4493/4493/4493
f 4495/4495/4495 4496/4496/4496 4497/4497/4497
f 4497/4497/4497 4498/4498/4498 4495/4495/4495
f 4499/4499/4499 4495/4495/4495 4498/4498/4498
f 4498/4498/4498 4500/4500/4500 4499/4499/4499
f 4501/4501/4501 4499/4499/4499 4500/4500/4500
f 4500/4500/4500 4502/4502/4502 4501/4501/4501
f 4503/4503/4503 4504/4504/4504 4505/4505/4505
f 4503/4503/4503 4505/4505/4505 4506/4506/4506
f 4507/4507/4507 4503/4503/4503 4506/4506/4506
f 4505/4505/4505 4508/4508/4508 4506/4506/4506
f 4505/4505/4505 4509/4509/4509 4508/4508/4508
f 4505/4505/4505 4510/4510/4510 4509/4509/4509
f 4509/4509/4509 4511/4511/4511 4508/4508/4508
f 4508/4508/4508 4512/4512/4512 4506/4506/4506
f 4508/4508/4508 4513/4513/4513 4512/4512/4512
f 4512/4512/4512 4514/4514/4514 4506/4506/4506
f 4515/4515/4515 4516/4516/4516 4517/4517/4517
f 4515/4515/4515 4517/4517/4517 4518/4518/4518
f 4519/4519/4519 4515/4515/4515 4518/4518/4518
f 4517/4517/4517 4520/4520/4520 4518/4518/4518
f 4517/4517/4517 4521/4521/4521 4520/4520/4520
f 4517/4517/4517 4522/4522/4522 4521/4521/4521
f 4521/4521/4521 4523/4523/4523 4520/4520/4520
f 4520/4520/4520 4524/4524/4524 4518/4518/4518
f 4520/4520/4520 4525/4525/4525 4524/4524/4524
f 4524/4524/4524 4526/4526/4526 4518/4518/4518
f 4527/4527/4527 4528/4528/4528 4529/4529/4529
f 4529/4529/4529 4530/4530/4530 4527/4527/4527
f 4531/4531/4531 4532/4532/4532 4533/4533/4533
f 4533/4533/4533 4534/4534/4534 4531/4531/4531
f 4535/4535/4535 4536/4536/4536 4537/4537/4537
f 4537/4537/4537 4538/4538/4538 4535/4535/4535
f 4539/4539/4539 4540/4540/4540 4541/4541/4541
f 4541/4541/4541 4542/4542/4542 4539/4539/4539
f 4543/4543/4543 4544/4544/4544 4545/4545/4545
f 4545/4545/4545 4546/4546/4546 4543/4543/4543
f 4547/4547/4547 4548/4548/4548 4549/4549/4549
f 4549/4549/4549 4550/4550/4550 4547/4547/4547
f 4551/4551/4551 4552/4552/4552 4553/4553/4553
f 4553/4553/4553 4554/4554/4554 4551/4551/4551
f 4555/4555/4555 4551/4551/4551 4554/4554/4554
f 4554/4554/4554 4556/4556/4556 4555/4555/4555
f 4557/4557/4557 4558/4558/4558 4559/4559/4559
f 4559/4559/4559 4560/4560/4560 4557/4557/4557
f 4561/4561/4561 4557/4557/4557 4560/4560/4560
f 4560/4560/4560 4562/4562/4562 4561/4561/4561
f 4563/4563/4563 4564/4564/4564 4565/4565/4565
f 4565/4565/4565 4566/4566/4566 4563/4563/4563
f 4567/4567/4567 4563/4563/4563 4566/4566/4566
f 4566/4566/4566 4568/4568/4568 4567/4567/4567
f 4569/4569/4569 4570/4570/4570 4571/4571/4571
f 4571/4571/4571 4572/4572/4572 4569/4569/4569
f 4573/4573/4573 4569/4569/4569 4572/4572/4572
f 4572/4572/4572 4574/4574/4574 4573/4573/4573
f 4575/4575/4575 4576/4576/4576 4577/4577/4577
f 4575/4575/4575 4577/4577/4577 4578/4578/4578
f 4579/4579/4579 4575/4575/4575 4578/4578/4578
f 4577/4577/4577 4580/4580/4580 4578/4578/4578
f 4577/4577/4577 4581/4581/4581 4580/4580/4580
f 4580/4580/4580 4582/4582/4582 4578/4578/4578
f 4583/4583/4583 4584/4584/4584 4585/4585/4585
f 4583/4583/4583 4585/4585/4585 4586/4586/4586
f 4587/4587/4587 4583/4583/4583 4586/4586/4586
f 4585/4585/4585 4588/4588/4588 4586/4586/4586
f 4585/4585/4585 4589/4589/4589 4588/4588/4588
f 4588/4588/4588 4590/4590/4590 4586/4586/4586
f 4591/4591/4591 4592/4592/4592 4593/4593/4593
f 4593/4593/4593 4594/4594/4594 4591/4591/4591
f 4595/4595/4595 4591/4591/4591 4594/4594/4594
f 4594/4594/4594 4596/4596/4596 4595/4595/4595
f 4597/4597/4597 4595/4595/4595 4596/4596/4596
f 4596/4596/4596 4598/4598/4598 4597/4597/4597
f 4599/4599/4599 4600/4600/4600 4601/4601/4601
f 4601/4601/4601 4602/4602/4602 4599/4599/4599
f 4603/4603/4603 4604/4604/4604 4605/4605/4605
f 4605/4605/4605 4606/4606/4606 4603/4603/4603
f 4607/4607/4607 4603/4603/4603 4606/4606/4606
f 4606/4606/4606 4608/4608/4608 4607/4607/4607
f 4609/4609/4609 4610/4610/4610 4611/4611/4611
f 4611/4611/4611 4612/4612/4612 4609/4609/4609
f 4613/4613/4613 4609/4609/4609 4612/4612/4612
f 4612/4612/4612 4614/4614/4614 4613/4613/4613
f 4615/4615/4615 4613/4613/4613 4614/4614/4614
f 4614/4614/4614 4616/4616/4616 4615/4615/4615
f 4617/4617/4617 4618/4618/4618 4619/4619/4619
f 4619/4619/4619 4620/4620/4620 4617/4617/4617
f 4621/4621/4621 4617/4617/4617 4620/4620/4620
f 4620/4620/4620 4622/4622/4622 4621/4621/4621
f 4623/4623/4623 4621/4621/4621 4622/4622/4622
f 4622/4622/4622 4624/4624/4624 4623/4623/4623
f 4625/4625/4625 4626/4626/4626 4627/4627/4627
f 4625/4625/4625 4627/4627/4627 4628/4628/4628
f 4629/4629/4629 4625/4625/4625 4628/4628/4628
f 4627/4627/4627 4630/4630/4630 4628/4628/4628
f 4627/4627/4627 4631/4631/4631 4630/4630/4630
f 4627/4627/4627 4632/4632/4632 4631/4631/4631
f 4631/4631/4631 4633/4633/4633 4630/4630/4630
f 4630/4630/4630 4634/4634/4634 4628/4628/4628
f 4630/4630/4630 4635/4635/4635 4634/4634/4634
f 4634/4634/4634 4636/4636/4636 4628/4628/4628
f 4637/4637/4637 4638/4638/4638 4639/4639/4639
f 4637/4637/4637 4639/4639/4639 4640/4640/4640
f 4641/4641/4641 4637/4637/4637 4640/4640/4640
f 4639/4639/4639 4642/4642/4642 4640/4640/4640
f 4639/4639/4639 4643/4643/4643 4642/4642/4642
f 4639/4639/4639 4644/4644/4644 4643/4643/4643
f 4643/4643/4643 4645/4645/4645 4642/4642/4642
f 4642/4642/4642 4646/4646/4646 4640/4640/4640
f 4642/4642/4642 4647/4647/4647 4646/4646/4646
f 4646/4646/4646 4648/4648/4648 4640/4640/4640
f 4649/4649/4649 4650/4650/4650 4651/4651/4651
f 4651/4651/4651 4652/4652/4652 4649/4649/4649
f 4653/4653/4653 4654/4654/4654 4655/4655/4655
f 4655/4655/4655 4656/4656/4656 4653/4653/4653
f 4657/4657/4657 4658/4658/4658 4659/4659/4659
f 4659/4659/4659 4660/4660/4660 4657/4657/4657
f 4661/4661/4661 4662/4662/4662 4663/4663/4663
f 4663/4663/4663 4664/4664/4664 4661/4661/4661
f 4665/4665/4665 4666/4666/4666 4667/4667/4667
f 4667/4667/4667 4668/4668/4668 4665/4665/4665
f 4669/4669/4669 4670/4670/4670 4671/4671/4671
f 4671/4671/4671 4672/4672/4672 4669/4669/4669
f 4673/4673/4673 4674/4674/4674 4675/4675/4675
f 4675/4675/4675 4676/4676/4676 4673/4673/4673
f 4677/4677/4677 4673/4673/4673 4676/4676/4676
f 4676/4676/4676 4678/4678/4678 4677/4677/4677
f 4679/4679/4679 4680/4680/4680 4681/4681/4681
f 4681/4681/4681 4682/4682/4682 4679/4679/4679
f 4683/4683/4683 4679/4679/4679 4682/4682/4682
f 4682/4682/4682 4684/4684/4684 4683/4683/4683
f 4685/4685/4685 4686/4686/4686 4687/4687/4687
f 4687/4687/4687 4688/4688/4688 4685/4685/4685
f 4689/4689/4689 4685/4685/4685 4688/4688/4688
f 4688/4688/4688 4690/4690/4690 4689/4689/4689
f 4691/4691/4691 4692/4692/4692 4693/4693/4693
f 4693/4693/4693 4694/4694/4694 4691/4691/4691
f 4695/4695/4695 4691/4691/4691 4694/4694/4694
f 4694/4694/4694 4696/4696/4696 4695/4695/4695
f 4697/4697/4697 4698/4698/4698 4699/4699/4699
f 4697/4697/4697 4699/4699/4699 4700/4700/4700
f 4701/4701/4701 4697/4697/4697 4700/4700/4700
f 4699/4699/4699 4702/4702/4702 4700/4700/4700
f 4699/4699/4699 4703/4703/4703 4702/4702/4702
f 4702/4702/4702 4704/4704/4704 4700/4700/4700
f 4705/4705/4705 4706/4706/4706 4707/4707/4707
f 4705/4705/4705 4707/4707/4707 4708/4708/4708
f 4709/4709/4709 4705/4705/4705 4708/4708/4708
f 4707/4707/4707 4710/4710/4710 4708/4708/4708
f 4707/4707/4707 4711/4711/4711 4710/4710/4710
f 4710/4710/4710 4712/4712/4712 4708/4708/4708
f 4713/4713/4713 4714/4714/4714 4715/4715/4715
f 4715/4715/4715 4716/4716/4716 4713/4713/4713
f 4717/4717/4717 4713/4713/4713 4716/4716/4716
f 4716/4716/4716 4718/4718/4718 4717/4717/4717
f 4719/4719/4719 4717/4717/4717 4718/4718/4718
f 4718/4718/4718 4720/4720/4720 4719/4719/4719
f 4721/4721/4721 4722/4722/4722 4723/4723/4723
f 4723/4723/4723 4724/4724/4724 4721/4721/4721
f 4725/4725/4725 4726/4726/4726 4727/4727/4727
f 4727/4727/4727 4728/4728/4728 4725/4725/4725
f 4729/4729/4729 4725/4725/4725 4728/4728/4728
f 4728/4728/4728 4730/4730/4730 4729/4729/4729
f 4731/4731/4731 4732/4732/4732 4733/4733/4733
f 4733/4733/4733 4734/4734/4734 4731/4731/4731
f 4735/4735/4735 4731/4731/4731 4734/4734/4734
f 4734/4734/4734 4736/4736/4736 4735/4735/4735
f 4737/4737/4737 4735/4735/4735 4736/4736/4736
f 4736/4736/4736 4738/4738/4738 4737/4737/4737
f 4739/4739/4739 4740/4740/4740 4741/4741/4741
f 4741/4741/4741 4742/4742/4742 4739/4739/4739
f 4743/4743/4743 4739/4739/4739 4742/4742/4742
f 4742/4742/4742 4744/4744/4744 4743/4743/4743
f 4745/4745/4745 4743/4743/4743 4744/4744/4744
f 4744/4744/4744 4746/4746/4746 4745/4745/4745
f 4747/4747/4747 4748/4748/4748 4749/4749/4749
f 4747/4747/4747 4749/4749/4749 4750/4750/4750
f 4751/4751/4751 4747/4747/4747 4750/4750/4750
f 4749/4749/4749 4752/4752/4752 4750/4750/4750
f 4749/4749/4749 4753/4753/4753 4752/4752/4752
f 4749/4749/4749 4754/4754/4754 4753/4753/4753
f 4753/4753/4753 4755/4755/4755 4752/4752/4752
f 4752/4752/4752 4756/4756/4756 4750/4750/4750
f 4752/4752/4752 4757/4757/4757 4756/4756/4756
f 4756/4756/4756 4758/4758/4758 4750/4750/4750
f 4759/4759/4759 4760/4760/4760 4761/4761/4761
f 4759/4759/4759 4761/4761/4761 4762/4762/4762
f 4763/4763/4763 4759/4759/4759 4762/4762/4762
f 4761/4761/4761 4764/4764/4764 4762/4762/4762
f 4761/4761/4761 4765/4765/4765 4764/4764/4764
f 4761/4761/4761 4766/4766/4766 4765/4765/4765
f 4765/4765/4765 4767/4767/4767 4764/4764/4764
f 4764/4764/4764 4768/4768/4768 4762/4762/4762
f 4764/4764/4764 4769/4769/4769 4768/4768/4768
f 4768/4768/4768 4770/4770/4770 4762/4762/4762
f 4771/4771/4771 4772/4772/4772 4773/4773/4773
f 4773/4773/4773 4774/4774/4774 4771/4771/4771
f 4775/4775/4775 4776/4776/4776 4777/4777/4777
f 4777/4777/4777 4778/4778/4778 4775/4775/4775
f 4779/4779/4779 4780/4780/4780 4781/4781/4781
f 4781/4781/4781 4782/4782/4782 4779/4779/4779
f 4783/4783/4783 4784/4784/4784 4785/4785/4785
f 4785/4785/4785 4786/4786/4786 4783/4783/4783
f 4787/4787/4787 4788/4788/4788 4789/4789/4789
f 4789/4789/4789 4790/4790/4790 4787/4787/4787
f 4791/4791/4791 4792/4792/4792 4793/4793/4793
f 4793/4793/4793 4794/4794/4794 4791/4791/4791
f 4795/4795/4795 4796/4796/4796 4797/4797/4797
f 4797/4797/4797 4798/4798/4798 4795/4795/4795
f 4799/4799/4799 4795/4795/4795 4798/4798/4798
f 4798/4798/4798 4800/4800/4800 4799/4799/4799
f 4801/4801/4801 4802/4802/4802 4803/4803/4803
f 4803/4803/4803 4804/4804/4804 4801/4801/4801
f 4805/4805/4805 4801/4801/4801 4804/4804/4804
f 4804/4804/4804 4806/4806/4806 4805/4805/4805
f 4807/4807/4807 4808/4808/4808 4809/4809/4809
f 4809/4809/4809 4810/4810/4810 4807/4807/4807
f 4811/4811/4811 4807/4807/4807 4810/4810/4810
f 4810/4810/4810 4812/4812/4812 4811/4811/4811
f 4813/4813/4813 4814/4814/4814 4815/4815/4815
f 4815/4815/4815 4816/4816/4816 4813/4813/4813
f 4817/4817/4817 4813/4813/4813 4816/4816/4816
f 4816/4816/4816 4818/4818/4818 4817/4817/4817
f 4819/4819/4819 4820/4820/4820 4821/4821/4821
f 4819/4819/4819 4821/4821/4821 4822/4822/4822
f 4823/4823/4823 4819/4819/4819 4822/4822/4822
f 4821/4821/4821 4824/4824/4824 4822/4822/4822
f 4821/4821/4821 4825/4825/4825 4824/4824/4824
f 4824/4824/4824 4826/4826/4826 4822/4822/4822
f 4827/4827/4827 4828/4828/4828 4829/4829/4829
f 4827/4827/4827 4829/4829/4829 4830/4830/4830
f 4831/4831/4831 4827/4827/4827 4830/4830/4830
f 4829/4829/4829 4832/4832/4832 4830/4830/4830
f 4829/4829/4829 4833/4833/4833 4832/4832/4832
f 4832/4832/4832 4834/4834/4834 4830/4830/4830
f 4835/4835/4835 4836/4836/4836 4837/4837/4837
f 4837/4837/4837 4838/4838/4838 4835/4835/4835
f 4839/4839/4839 4835/4835/4835 4838/4838/4838
f 4838/4838/4838 4840/4840/4840 4839/4839/4839
f 4841/4841/4841 4839/4839/4839 4840/4840/4840
f 4840/4840/4840 4842/4842/4842 4841/4841/4841
f 4843/4843/4843 4844/4844/4844 4845/4845/4845
f 4845/4845/4845 4846/4846/4846 4843/4843/4843
f 4847/4847/4847 4848/4848/4848 4849/4849/4849
f 4849/4849/4849 4850/4850/4850 4847/4847/4847
f 4851/4851/4851 4847/4847/4847 4850/4850/4850
f 4850/4850/4850 4852/4852/4852 4851/4851/4851
f 4853/4853/4853 4854/4854/4854 4855/4855/4855
f 4855/4855/4855 4856/4856/4856 4853/4853/4853
f 4857/4857/4857 4853/4853/4853 4856/4856/4856
f 4856/4856/4856 4858/4858/4858 4857/4857/4857
f 4859/4859/4859 4857/4857/4857 4858/4858/4858
f 4858/4858/4858 4860/4860/4860 4859/4859/4859
f 4861/4861/4861 4862/4862/4862 4863/4863/4863
f 4863/4863/4863 4864/4864/4864 4861/4861/4861
f 4865/4865/4865 4861/4861/4861 4864/4864/4864
f 4864/4864/4864 4866/4866/4866 4865/4865/4865
f 4867/4867/4867 4865/4865/4865 4866/4866/4866
f 4866/4866/4866 4868/4868/4868 4867/4867/4867
f 4869/4869/4869 4870/4870/4870 4871/4871/4871
f 4869/4869/4869 4871/4871/4871 4872/4872/4872
f 4873/4873/4873 4869/4869/4869 4872/4872/4872
f 4871/4871/4871 4874/4874/4874 4872/4872/4872
f 4871/4871/4871 4875/4875/4875 4874/4874/4874
f 4871/4871/4871 4876/4876/4876 4875/4875/4875
f 4875/4875/4875 4877/4877/4877 4874/4874/4874
f 4874/4874/4874 4878/4878/4878 4872/4872/4872
f 4874/4874/4874 4879/4879/4879 4878/4878/4878
f 4878/4878/4878 4880/4880/4880 4872/4872/4872
f 4881/4881/4881 4882/4882/4882 4883/4883/4883
f 4881/4881/4881 4883/4883/4883 4884/4884/4884
f 4885/4885/4885 4881/4881/4881 4884/4884/4884
f 4883/4883/4883 4886/4886/4886 4884/4884/4884
f 4883/4883/4883 4887/4887/4887 4886/4886/4886
f 4883/4883/4883 4888/4888/4888 4887/4887/4887
f 4887/4887/4887 4889/4889/4889 4886/4886/4886
f 4886/4886/4886 4890/4890/4890 4884/4884/4884
f 4886/4886/4886 4891/4891/4891 4890/4890/4890
f 4890/4890/4890 4892/4892/4892 4884/4884/4884
f 4893/4893/4893 4894/4894/4894 4895/4895/4895
f 4895/4895/4895 4896/4896/4896 4893/4893/4893
f 4897/4897/4897 4893/4893/4893 4896/4896/4896
f 4896/4896/4896 4898/4898/4898 4897/4897/4897
f 4896/4896/4896 4895/4895/4895 4899/4899/4899
f 4898/4898/4898 4896/4896/4896 4900/4900/4900
f 4899/4899/4899 4900/4900/4900 4896/4896/4896
f 4900/4900/4900 4901/4901/4901 4898/4898/4898
f 4902/4902/4902 4901/4901/4901 4900/4900/4900
f 4903/4903/4903 4900/4900/4900 4899/4899/4899
f 4900/4900/4900 4903/4903/4903 4902/4902/4902
f 4899/4899/4899 4904/4904/4904 4903/4903/4903
f 4903/4903/4903 4904/4904/4904 4905/4905/4905
f 4902/4902/4902 4903/4903/4903 4906/4906/4906
f 4905/4905/4905 4906/4906/4906 4903/4903/4903
f 4906/4906/4906 4907/4907/4907 4902/4902/4902
f 4906/4906/4906 4905/4905/4905 4908/4908/4908
f 4907/4907/4907 4906/4906/4906 4909/4909/4909
f 4908/4908/4908 4909/4909/4909 4906/4906/4906
f 4909/4909/4909 4910/4910/4910 4907/4907/4907
f 4911/4911/4911 4910/4910/4910 4909/4909/4909
f 4912/4912/4912 4909/4909/4909 4908/4908/4908
f 4909/4909/4909 4912/4912/4912 4911/4911/4911
f 4908/4908/4908 4913/4913/4913 4912/4912/4912
f 4912/4912/4912 4913/4913/4913 4914/4914/4914
f 4911/4911/4911 4912/4912/4912 4915/4915/4915
f 4914/4914/4914 4915/4915/4915 4912/4912/4912
f 4915/4915/4915 4916/4916/4916 4911/4911/4911
f 4917/4917/4917 4915/4915/4915 4914/4914/4914
f 4914/4914/4914 4918/4918/4918 4917/4917/4917
f 4917/4917/4917 4918/4918/4918 4919/4919/4919
f 4919/4919/4919 4920/4920/4920 4917/4917/4917
f 4915/4915/4915 4917/4917/4917 4921/4921/4921
f 4921/4921/4921 4917/4917/4917 4920/4920/4920
f 4921/4921/4921 4916/4916/4916 4915/4915/4915
f 4920/4920/4920 4922/4922/4922 4921/4921/4921
f 4916/4916/4916 4921/4921/4921 4923/4923/4923
f 4923/4923/4923 4921/4921/4921 4922/4922/4922
f 4923/4923/4923 4924/4924/4924 4916/4916/4916
f 4922/4922/4922 4925/4925/4925 4923/4923/4923
f 4926/4926/4926 4927/4927/4927 4928/4928/4928
f 4928/4928/4928 4929/4929/4929 4926/4926/4926
f 4930/4930/4930 4929/4929/4929 4928/4928/4928
f 4928/4928/4928 4931/4931/4931 4930/4930/4930
f 4932/4932/4932 4933/4933/4933 4934/4934/4934
f 4934/4934/4934 4935/4935/4935 4932/4932/4932
f 4936/4936/4936 4935/4935/4935 4934/4934/4934
f 4934/4934/4934 4937/4937/4937 4936/4936/4936
f 4936/4936/4936 4937/4937/4937 4938/4938/4938
f 4938/4938/4938 4939/4939/4939 4936/4936/4936
f 4939/4939/4939 4938/4938/4938 4940/4940/4940
f 4940/4940/4940 4941/4941/4941 4939/4939/4939
f 4942/4942/4942 4943/4943/4943 4944/4944/4944
f 4944/4944/4944 4945/4945/4945 4942/4942/4942
f 4945/4945/4945 4944/4944/4944 4946/4946/4946
f 4946/4946/4946 4947/4947/4947 4945/4945/4945
f 4948/4948/4948 4947/4947/4947 4946/4946/4946
f 4946/4946/4946 4949/4949/4949 4948/4948/4948
f 4950/4950/4950 4951/4951/4951 4952/4952/4952
f 4952/4952/4952 4953/4953/4953 4950/4950/4950
f 4953/4953/4953 4952/4952/4952 4954/4954/4954
f 4955/4955/4955 4956/4956/4956 4957/4957/4957
f 4957/4957/4957 4958/4958/4958 4955/4955/4955
f 4959/4959/4959 4958/4958/4958 4957/4957/4957
f 4957/4957/4957 4960/4960/4960 4959/4959/4959
f 4961/4961/4961 4962/4962/4962 4963/4963/4963
f 4963/4963/4963 4964/4964/4964 4961/4961/4961
f 4965/4965/4965 4964/4964/4964 4963/4963/4963
f 4963/4963/4963 4966/4966/4966 4965/4965/4965
f 4965/4965/4965 4966/4966/4966 4967/4967/4967
f 4967/4967/4967 4968/4968/4968 4965/4965/4965
f 4968/4968/4968 4967/4967/4967 4969/4969/4969
f 4969/4969/4969 4970/4970/4970 4968/4968/4968
f 4971/4971/4971 4970/4970/4970 4969/4969/4969
f 4969/4969/4969 4972/4972/4972 4971/4971/4971
f 4971/4971/4971 4972/4972/4972 4973/4973/4973
f 4974/4974/4974 4975/4975/4975 4976/4976/4976
f 4976/4976/4976 4977/4977/4977 4974/4974/4974
f 4978/4978/4978 4974/4974/4974 4977/4977/4977
f 4977/4977/4977 4979/4979/4979 4978/4978/4978
f 4977/4977/4977 4976/4976/4976 4980/4980/4980
f 4979/4979/4979 4977/4977/4977 4981/4981/4981
f 4980/4980/4980 4981/4981/4981 4977/4977/4977
f 4981/4981/4981 4982/4982/4982 4979/4979/4979
f 4983/4983/4983 4981/4981/4981 4980/4980/4980
f 4980/4980/4980 4984/4984/4984 4983/4983/4983
f 4983/4983/4983 4984/4984/4984 4985/4985/4985
f 4986/4986/4986 4982/4982/4982 4981/4981/4981
f 4981/4981/4981 4983/4983/4983 4986/4986/4986
f 4982/4982/4982 4986/4986/4986 4987/4987/4987
f 4985/4985/4985 4988/4988/4988 4983/4983/4983
f 4986/4986/4986 4983/4983/4983 4988/4988/4988
f 4988/4988/4988 4989/4989/4989 4986/4986/4986
f 4988/4988/4988 4985/4985/4985 4990/4990/4990
f 4989/4989/4989 4988/4988/4988 4991/4991/4991
f 4990/4990/4990 4991/4991/4991 4988/4988/4988
f 4991/4991/4991 4992/4992/4992 4989/4989/4989
f 4993/4993/4993 4992/4992/4992 4991/4991/4991
f 4994/4994/4994 4991/4991/4991 4990/4990/4990
f 4991/4991/4991 4994/4994/4994 4993/4993/4993
f 4990/4990/4990 4995/4995/4995 4994/4994/4994
f 4994/4994/4994 4995/4995/4995 4996/4996/4996
f 4993/4993/4993 4994/4994/4994 4997/4997/4997
f 4996/4996/4996 4997/4997/4997 4994/4994/4994
f 4997/4997/4997 4998/4998/4998 4993/4993/4993
f 4999/4999/4999 4998/4998/4998 4997/4997/4997
f 5000/5000/5000 4997/4997/4997 4996/4996/4996
f 4997/4997/4997 5000/5000/5000 4999/4999/4999
f 4996/4996/4996 5001/5001/5001 5000/5000/5000
f 5000/5000/5000 5001/5001/5001 5002/5002/5002
f 5002/5002/5002 5003/5003/5003 5000/5000/5000
f 4999/4999/4999 5000/5000/5000 5003/5003/5003
f 5003/5003/5003 5004/5004/5004 4999/4999/4999
f 5005/5005/5005 5006/5006/5006 5007/5007/5007
f 5007/5007/5007 5008/5008/5008 5005/5005/5005
f 5008/5008/5008 5007/5007/5007 5009/5009/5009
f 5009/5009/5009 5010/5010/5010 5008/5008/5008
f 5011/5011/5011 5010/5010/5010 5009/5009/5009
f 5012/5012/5012 5013/5013/5013 5014/5014/5014
f 5014/5014/5014 5015/5015/5015 5012/5012/5012
f 5016/5016/5016 5012/5012/5012 5015/5015/5015
f 5015/5015/5015 5017/5017/5017 5016/5016/5016
f 5012/5012/5012 5016/5016/5016 5018/5018/5018
f 5018/5018/5018 5019/5019/5019 5012/5012/5012
f 5020/5020/5020 5021/5021/5021 5022/5022/5022
f 5022/5022/5022 5023/5023/5023 5020/5020/5020
f 5024/5024/5024 5023/5023/5023 5022/5022/5022
f 5022/5022/5022 5025/5025/5025 5024/5024/5024
f 5026/5026/5026 5025/5025/5025 5022/5022/5022
f 5022/5022/5022 5027/5027/5027 5026/5026/5026
f 5025/5025/5025 5026/5026/5026 5028/5028/5028
f 5024/5024/5024 5025/5025/5025 5029/5029/5029
f 5028/5028/5028 5029/5029/5029 5025/5025/5025
f 5030/5030/5030 5029/5029/5029 5028/5028/5028
f 5029/5029/5029 5031/5031/5031 5024/5024/5024
f 5031/5031/5031 5029/5029/5029 5030/5030/5030
f 5028/5028/5028 5032/5032/5032 5030/5030/5030
f 5030/5030/5030 5033/5033/5033 5031/5031/5031
f 5034/5034/5034 5033/5033/5033 5030/5030/5030
f 5030/5030/5030 5035/5035/5035 5034/5034/5034
f 5030/5030/5030 5032/5032/5032 5036/5036/5036
f 5036/5036/5036 5035/5035/5035 5030/5030/5030
f 5037/5037/5037 5035/5035/5035 5036/5036/5036
f 5036/5036/5036 5038/5038/5038 5037/5037/5037
f 5039/5039/5039 5040/5040/5040 5041/5041/5041
f 5041/5041/5041 5042/5042/5042 5039/5039/5039
f 5043/5043/5043 5039/5039/5039 5042/5042/5042
f 5042/5042/5042 5044/5044/5044 5043/5043/5043
f 5042/5042/5042 5041/5041/5041 5045/5045/5045
f 5044/5044/5044 5042/5042/5042 5046/5046/5046
f 5045/5045/5045 5046/5046/5046 5042/5042/5042
f 5046/5046/5046 5047/5047/5047 5044/5044/5044
f 5048/5048/5048 5047/5047/5047 5046/5046/5046
f 5049/5049/5049 5046/5046/5046 5045/5045/5045
f 5046/5046/5046 5049/5049/5049 5048/5048/5048
f 5045/5045/5045 5050/5050/5050 5049/5049/5049
f 5049/5049/5049 5050/5050/5050 5051/5051/5051
f 5048/5048/5048 5049/5049/5049 5052/5052/5052
f 5051/5051/5051 5052/5052/5052 5049/5049/5049
f 5052/5052/5052 5053/5053/5053 5048/5048/5048
f 5052/5052/5052 5051/5051/5051 5054/5054/5054
f 5053/5053/5053 5052/5052/5052 5055/5055/5055
f 5054/5054/5054 5055/5055/5055 5052/5052/5052
f 5055/5055/5055 5056/5056/5056 5053/5053/5053
f 5057/5057/5057 5056/5056/5056 5055/5055/5055
f 5058/5058/5058 5055/5055/5055 5054/5054/5054
f 5055/5055/5055 5058/5058/5058 5057/5057/5057
f 5054/5054/5054 5059/5059/5059 5058/5058/5058
f 5058/5058/5058 5059/5059/5059 5060/5060/5060
f 5057/5057/5057 5058/5058/5058 5061/5061/5061
f 5060/5060/5060 5061/5061/5061 5058/5058/5058
f 5061/5061/5061 5062/5062/5062 5057/5057/5057
f 5063/5063/5063 5061/5061/5061 5060/5060/5060
f 5060/5060/5060 5064/5064/5064 5063/5063/5063
f 5063/5063/5063 5064/5064/5064 5065/5065/5065
f 5065/5065/5065 5066/5066/5066 5063/5063/5063
f 5061/5061/5061 5063/5063/5063 5067/5067/5067
f 5067/5067/5067 5063/5063/5063 5066/5066/5066
f 5067/5067/5067 5062/5062/5062 5061/5061/5061
f 5066/5066/5066 5068/5068/5068 5067/5067/5067
f 5062/5062/5062 5067/5067/5067 5069/5069/5069
f 5069/5069/5069 5067/5067/5067 5068/5068/5068
f 5069/5069/5069 5070/5070/5070 5062/5062/5062
f 5068/5068/5068 5071/5071/5071 5069/5069/5069
f 5072/5072/5072 5073/5073/5073 5074/5074/5074
f 5074/5074/5074 5075/5075/5075 5072/5072/5072
f 5076/5076/5076 5075/5075/5075 5074/5074/5074
f 5074/5074/5074 5077/5077/5077 5076/5076/5076
f 5078/5078/5078 5079/5079/5079 5080/5080/5080
f 5080/5080/5080 5081/5081/5081 5078/5078/5078
f 5082/5082/5082 5081/5081/5081 5080/5080/5080
f 5080/5080/5080 5083/5083/5083 5082/5082/5082
f 5082/5082/5082 5083/5083/5083 5084/5084/5084
f 5084/5084/5084 5085/5085/5085 5082/5082/5082
f 5085/5085/5085 5084/5084/5084 5086/5086/5086
f 5086/5086/5086 5087/5087/5087 5085/5085/5085
f 5088/5088/5088 5089/5089/5089 5090/5090/5090
f 5090/5090/5090 5091/5091/5091 5088/5088/5088
f 5091/5091/5091 5090/5090/5090 5092/5092/5092
f 5092/5092/5092 5093/5093/5093 5091/5091/5091
f 5094/5094/5094 5093/5093/5093 5092/5092/5092
f 5092/5092/5092 5095/5095/5095 5094/5094/5094
f 5096/5096/5096 5097/5097/5097 5098/5098/5098
f 5098/5098/5098 5099/5099/5099 5096/5096/5096
f 5099/5099/5099 5098/5098/5098 5100/5100/5100
f 5101/5101/5101 5102/5102/5102 5103/5103/5103
f 5103/5103/5103 5104/5104/5104 5101/5101/5101
f 5105/5105/5105 5104/5104/5104 5103/5103/5103
f 5103/5103/5103 5106/5106/5106 5105/5105/5105
f 5107/5107/5107 5108/5108/5108 5109/5109/5109
f 5109/5109/5109 5110/5110/5110 5107/5107/5107
f 5111/5111/5111 5110/5110/5110 5109/5109/5109
f 5109/5109/5109 5112/5112/5112 5111/5111/5111
f 5111/5111/5111 5112/5112/5112 5113/5113/5113
f 5113/5113/5113 5114/5114/5114 5111/5111/5111
f 5114/5114/5114 5113/5113/5113 5115/5115/5115
f 5115/5115/5115 5116/5116/5116 5114/5114/5114
f 5117/5117/5117 5116/5116/5116 5115/5115/5115
f 5115/5115/5115 5118/5118/5118 5117/5117/5117
f 5117/5117/5117 5118/5118/5118 5119/5119/5119
f 5120/5120/5120 5121/5121/5121 5122/5122/5122
f 5122/5122/5122 5123/5123/5123 5120/5120/5120
f 5124/5124/5124 5120/5120/5120 5123/5123/5123
f 5123/5123/5123 5125/5125/5125 5124/5124/5124
f 5123/5123/5123 5122/5122/5122 5126/5126/5126
f 5125/5125/5125 5123/5123/5123 5127/5127/5127
f 5126/5126/5126 5127/5127/5127 5123/5123/5123
f 5127/5127/5127 5128/5128/5128 5125/5125/5125
f 5129/5129/5129 5127/5127/5127 5126/5126/5126
f 5126/5126/5126 5130/5130/5130 5129/5129/5129
f 5129/5129/5129 5130/5130/5130 5131/5131/5131
f 5132/5132/5132 5128/5128/5128 5127/5127/5127
f 5127/5127/5127 5129/5129/5129 5132/5132/5132
f 5128/5128/5128 5132/5132/5132 5133/5133/5133
f 5131/5131/5131 5134/5134/5134 5129/5129/5129
f 5132/5132/5132 5129/5129/5129 5134/5134/5134
f 5134/5134/5134 5135/5135/5135 5132/5132/5132
f 5134/5134/5134 5131/5131/5131 5136/5136/5136
f 5135/5135/5135 5134/5134/5134 5137/5137/5137
f 5136/5136/5136 5137/5137/5137 5134/5134/5134
f 5137/5137/5137 5138/5138/5138 5135/5135/5135
f 5139/5139/5139 5138/5138/5138 5137/5137/5137
f 5140/5140/5140 5137/5137/5137 5136/5136/5136
f 5137/5137/5137 5140/5140/5140 5139/5139/5139
f 5136/5136/5136 5141/5141/5141 5140/5140/5140
f 5140/5140/5140 5141/5141/5141 5142/5142/5142
f 5139/5139/5139 5140/5140/5140 5143/5143/5143
f 5142/5142/5142 5143/5143/5143 5140/5140/5140
f 5143/5143/5143 5144/5144/5144 5139/5139/5139
f 5145/5145/5145 5144/5144/5144 5143/5143/5143
f 5146/5146/5146 5143/5143/5143 5142/5142/5142
f 5143/5143/5143 5146/5146/5146 5145/5145/5145
f 5142/5142/5142 5147/5147/5147 5146/5146/5146
f 5146/5146/5146 5147/5147/5147 5148/5148/5148
f 5148/5148/5148 5149/5149/5149 5146/5146/5146
f 5145/5145/5145 5146/5146/5146 5149/5149/5149
f 5149/5149/5149 5150/5150/5150 5145/5145/5145
f 5151/5151/5151 5152/5152/5152 5153/5153/5153
f 5153/5153/5153 5154/5154/5154 5151/5151/5151
f 5154/5154/5154 5153/5153/5153 5155/5155/5155
f 5155/5155/5155 5156/5156/5156 5154/5154/5154
f 5157/5157/5157 5156/5156/5156 5155/5155/5155
f 5158/5158/5158 5159/5159/5159 5160/5160/5160
f 5160/5160/5160 5161/5161/5161 5158/5158/5158
f 5162/5162/5162 5158/5158/5158 5161/5161/5161
f 5161/5161/5161 5163/5163/5163 5162/5162/5162
f 5158/5158/5158 5162/5162/5162 5164/5164/5164
f 5164/5164/5164 5165/5165/5165 5158/5158/5158
f 5166/5166/5166 5167/5167/5167 5168/5168/5168
f 5168/5168/5168 5169/5169/5169 5166/5166/5166
f 5170/5170/5170 5169/5169/5169 5168/5168/5168
f 5168/5168/5168 5171/5171/5171 5170/5170/5170
f 5172/5172/5172 5171/5171/5171 5168/5168/5168
f 5168/5168/5168 5173/5173/5173 5172/5172/5172
f 5171/5171/5171 5172/5172/5172 5174/5174/5174
f 5170/5170/5170 5171/5171/5171 5175/5175/5175
f 5174/5174/5174 5175/5175/5175 5171/5171/5171
f 5176/5176/5176 5175/5175/5175 5174/5174/5174
f 5175/5175/5175 5177/5177/5177 5170/5170/5170
f 5177/5177/5177 5175/5175/5175 5176/5176/5176
f 5174/5174/5174 5178/5178/5178 5176/5176/5176
f 5176/5176/5176 5179/5179/5179 5177/5177/5177
f 5180/5180/5180 5179/5179/5179 5176/5176/5176
f 5176/5176/5176 5181/5181/5181 5180/5180/5180
f 5176/5176/5176 5178/5178/5178 5182/5182/5182
f 5182/5182/5182 5181/5181/5181 5176/5176/5176
f 5183/5183/5183 5181/5181/5181 5182/5182/5182
f 5182/5182/5182 5184/5184/5184 5183/5183/5183
f 5185/5185/5185 5186/5186/5186 5187/5187/5187
f 5187/5187/5187 5188/5188/5188 5185/5185/5185
f 5189/5189/5189 5185/5185/5185 5188/5188/5188
f 5188/5188/5188 5190/5190/5190 5189/5189/5189
f 5191/5191/5191 5190/5190/5190 5188/5188/5188
f 5188/5188/5188 5192/5192/5192 5191/5191/5191
f 5192/5192/5192 5188/5188/5188 5187/5187/5187
f 5191/5191/5191 5192/5192/5192 5193/5193/5193
f 5194/5194/5194 5193/5193/5193 5192/5192/5192
f 5187/5187/5187 5195/5195/5195 5192/5192/5192
f 5192/5192/5192 5195/5195/5195 5194/5194/5194
f 5195/5195/5195 5187/5187/5187 5196/5196/5196
f 5197/5197/5197 5194/5194/5194 5195/5195/5195
f 5196/5196/5196 5198/5198/5198 5195/5195/5195
f 5195/5195/5195 5198/5198/5198 5197/5197/5197
f 5199/5199/5199 5200/5200/5200 5201/5201/5201
f 5201/5201/5201 5202/5202/5202 5199/5199/5199
f 5202/5202/5202 5201/5201/5201 5203/5203/5203
f 5204/5204/5204 5199/5199/5199 5202/5202/5202
f 5203/5203/5203 5205/5205/5205 5202/5202/5202
f 5202/5202/5202 5206/5206/5206 5204/5204/5204
f 5207/5207/5207 5204/5204/5204 5206/5206/5206
f 5208/5208/5208 5206/5206/5206 5202/5202/5202
f 5202/5202/5202 5205/5205/5205 5208/5208/5208
f 5209/5209/5209 5206/5206/5206 5208/5208/5208
f 5208/5208/5208 5210/5210/5210 5209/5209/5209
f 5208/5208/5208 5205/5205/5205 5211/5211/5211
f 5212/5212/5212 5211/5211/5211 5205/5205/5205
f 5211/5211/5211 5213/5213/5213 5208/5208/5208
f 5210/5210/5210 5208/5208/5208 5213/5213/5213
f 5213/5213/5213 5214/5214/5214 5210/5210/5210
f 5215/5215/5215 5216/5216/5216 5217/5217/5217
f 5217/5217/5217 5218/5218/5218 5215/5215/5215
f 5218/5218/5218 5217/5217/5217 5219/5219/5219
f 5220/5220/5220 5215/5215/5215 5218/5218/5218
f 5219/5219/5219 5221/5221/5221 5218/5218/5218
f 5221/5221/5221 5219/5219/5219 5222/5222/5222
f 5222/5222/5222 5223/5223/5223 5221/5221/5221
f 5224/5224/5224 5221/5221/5221 5223/5223/5223
f 5218/5218/5218 5221/5221/5221 5224/5224/5224
f 5223/5223/5223 5225/5225/5225 5224/5224/5224
f 5218/5218/5218 5226/5226/5226 5220/5220/5220
f 5224/5224/5224 5226/5226/5226 5218/5218/5218
f 5227/5227/5227 5220/5220/5220 5226/5226/5226
f 5226/5226/5226 5228/5228/5228 5227/5227/5227
f 5228/5228/5228 5226/5226/5226 5224/5224/5224
f 5224/5224/5224 5229/5229/5229 5228/5228/5228
f 5229/5229/5229 5224/5224/5224 5225/5225/5225
f 5225/5225/5225 5230/5230/5230 5229/5229/5229
f 5231/5231/5231 5232/5232/5232 5233/5233/5233
f 5233/5233/5233 5234/5234/5234 5231/5231/5231
f 5235/5235/5235 5236/5236/5236 5237/5237/5237
f 5237/5237/5237 5238/5238/5238 5235/5235/5235
f 5239/5239/5239 5235/5235/5235 5238/5238/5238
f 5240/5240/5240 5238/5238/5238 5237/5237/5237
f 5237/5237/5237 5241/5241/5241 5240/5240/5240
f 5240/5240/5240 5241/5241/5241 5242/5242/5242
f 5242/5242/5242 5243/5243/5243 5240/5240/5240
f 5244/5244/5244 5240/5240/5240 5243/5243/5243
f 5238/5238/5238 5240/5240/5240 5244/5244/5244
f 5243/5243/5243 5245/5245/5245 5244/5244/5244
f 5238/5238/5238 5246/5246/5246 5239/5239/5239
f 5244/5244/5244 5246/5246/5246 5238/5238/5238
f 5247/5247/5247 5239/5239/5239 5246/5246/5246
f 5246/5246/5246 5248/5248/5248 5247/5247/5247
f 5249/5249/5249 5248/5248/5248 5246/5246/5246
f 5246/5246/5246 5244/5244/5244 5249/5249/5249
f 5249/5249/5249 5244/5244/5244 5245/5245/5245
f 5245/5245/5245 5250/5250/5250 5249/5249/5249
f 5251/5251/5251 5252/5252/5252 5253/5253/5253
f 5253/5253/5253 5254/5254/5254 5251/5251/5251
f 5255/5255/5255 5251/5251/5251 5254/5254/5254
f 5256/5256/5256 5254/5254/5254 5253/5253/5253
f 5253/5253/5253 5257/5257/5257 5256/5256/5256
f 5256/5256/5256 5257/5257/5257 5258/5258/5258
f 5258/5258/5258 5259/5259/5259 5256/5256/5256
f 5260/5260/5260 5256/5256/5256 5259/5259/5259
f 5254/5254/5254 5256/5256/5256 5260/5260/5260
f 5259/5259/5259 5261/5261/5261 5260/5260/5260
f 5254/5254/5254 5262/5262/5262 5255/5255/5255
f 5260/5260/5260 5262/5262/5262 5254/5254/5254
f 5263/5263/5263 5255/5255/5255 5262/5262/5262
f 5262/5262/5262 5264/5264/5264 5263/5263/5263
f 5265/5265/5265 5264/5264/5264 5262/5262/5262
f 5262/5262/5262 5260/5260/5260 5265/5265/5265
f 5265/5265/5265 5260/5260/5260 5261/5261/5261
f 5261/5261/5261 5266/5266/5266 5265/5265/5265
f 5267/5267/5267 5268/5268/5268 5269/5269/5269
f 5269/5269/5269 5270/5270/5270 5267/5267/5267
f 5271/5271/5271 5270/5270/5270 5269/5269/5269
f 5272/5272/5272 5270/5270/5270 5271/5271/5271
f 5271/5271/5271 5273/5273/5273 5272/5272/5272
f 5269/5269/5269 5274/5274/5274 5271/5271/5271
f 5275/5275/5275 5274/5274/5274 5269/5269/5269
f 5269/5269/5269 5276/5276/5276 5275/5275/5275
f 5271/5271/5271 5274/5274/5274 5277/5277/5277
f 5277/5277/5277 5278/5278/5278 5271/5271/5271
f 5279/5279/5279 5280/5280/5280 5281/5281/5281
f 5281/5281/5281 5282/5282/5282 5279/5279/5279
f 5283/5283/5283 5282/5282/5282 5281/5281/5281
f 5284/5284/5284 5282/5282/5282 5283/5283/5283
f 5283/5283/5283 5285/5285/5285 5284/5284/5284
f 5281/5281/5281 5286/5286/5286 5283/5283/5283
f 5287/5287/5287 5286/5286/5286 5281/5281/5281
f 5281/5281/5281 5288/5288/5288 5287/5287/5287
f 5283/5283/5283 5286/5286/5286 5289/5289/5289
f 5289/5289/5289 5290/5290/5290 5283/5283/5283
f 5291/5291/5291 5292/5292/5292 5293/5293/5293
f 5293/5293/5293 5294/5294/5294 5291/5291/5291
f 5294/5294/5294 5293/5293/5293 5295/5295/5295
f 5295/5295/5295 5296/5296/5296 5294/5294/5294
f 5296/5296/5296 5295/5295/5295 5297/5297/5297
f 5297/5297/5297 5298/5298/5298 5296/5296/5296
f 5299/5299/5299 5300/5300/5300 5301/5301/5301
f 5301/5301/5301 5302/5302/5302 5299/5299/5299
f 5302/5302/5302 5301/5301/5301 5303/5303/5303
f 5303/5303/5303 5304/5304/5304 5302/5302/5302
f 5304/5304/5304 5303/5303/5303 5305/5305/5305
f 5305/5305/5305 5306/5306/5306 5304/5304/5304
f 5307/5307/5307 5308/5308/5308 5309/5309/5309
f 5309/5309/5309 5310/5310/5310 5307/5307/5307
f 5310/5310/5310 5309/5309/5309 5311/5311/5311
f 5311/5311/5311 5312/5312/5312 5310/5310/5310
f 5312/5312/5312 5311/5311/5311 5313/5313/5313
f 5313/5313/5313 5314/5314/5314 5312/5312/5312
f 5315/5315/5315 5316/5316/5316 5317/5317/5317
f 5317/5317/5317 5318/5318/5318 5315/5315/5315
f 5318/5318/5318 5317/5317/5317 5319/5319/5319
f 5319/5319/5319 5320/5320/5320 5318/5318/5318
f 5320/5320/5320 5319/5319/5319 5321/5321/5321
f 5321/5321/5321 5322/5322/5322 5320/5320/5320
f 5323/5323/5323 5324/5324/5324 5325/5325/5325
f 5325/5325/5325 5326/5326/5326 5323/5323/5323
f 5327/5327/5327 5323/5323/5323 5326/5326/5326
f 5326/5326/5326 5328/5328/5328 5327/5327/5327
f 5329/5329/5329 5330/5330/5330 5331/5331/5331
f 5331/5331/5331 5332/5332/5332 5329/5329/5329
f 5333/5333/5333 5329/5329/5329 5332/5332/5332
f 5332/5332/5332 5334/5334/5334 5333/5333/5333
f 5335/5335/5335 5336/5336/5336 5337/5337/5337
f 5337/5337/5337 5338/5338/5338 5335/5335/5335
f 5339/5339/5339 5335/5335/5335 5338/5338/5338
f 5338/5338/5338 5340/5340/5340 5339/5339/5339
f 5341/5341/5341 5342/5342/5342 5343/5343/5343
f 5343/5343/5343 5344/5344/5344 5341/5341/5341
f 5345/5345/5345 5341/5341/5341 5344/5344/5344
f 5344/5344/5344 5346/5346/5346 5345/5345/5345
f 5347/5347/5347 5348/5348/5348 5349/5349/5349
f 5349/5349/5349 5350/5350/5350 5347/5347/5347
f 5350/5350/5350 5349/5349/5349 5351/5351/5351
f 5351/5351/5351 5352/5352/5352 5350/5350/5350
f 5353/5353/5353 5354/5354/5354 5355/5355/5355
f 5355/5355/5355 5356/5356/5356 5353/5353/5353
f 5357/5357/5357 5358/5358/5358 5359/5359/5359
f 5359/5359/5359 5360/5360/5360 5357/5357/5357
f 5361/5361/5361 5362/5362/5362 5363/5363/5363
f 5363/5363/5363 5364/5364/5364 5361/5361/5361
f 5364/5364/5364 5363/5363/5363 5365/5365/5365
f 5365/5365/5365 5366/5366/5366 5364/5364/5364
f 5367/5367/5367 5368/5368/5368 5369/5369/5369
f 5369/5369/5369 5370/5370/5370 5367/5367/5367
f 5370/5370/5370 5369/5369/5369 5371/5371/5371
f 5371/5371/5371 5372/5372/5372 5370/5370/5370
f 5373/5373/5373 5374/5374/5374 5375/5375/5375
f 5375/5375/5375 5376/5376/5376 5373/5373/5373
f 5377/5377/5377 5378/5378/5378 5379/5379/5379
f 5379/5379/5379 5380/5380/5380 5377/5377/5377
f 5381/5381/5381 5382/5382/5382 5383/5383/5383
f 5383/5383/5383 5384/5384/5384 5381/5381/5381
f 5385/5385/5385 5386/5386/5386 5387/5387/5387
f 5387/5387/5387 5388/5388/5388 5385/5385/5385
f 5389/5389/5389 5390/5390/5390 5391/5391/5391
f 5391/5391/5391 5392/5392/5392 5389/5389/5389
f 5392/5392/5392 5391/5391/5391 5393/5393/5393
f 5393/5393/5393 5394/5394/5394 5392/5392/5392
f 5395/5395/5395 5396/5396/5396 5397/5397/5397
f 5397/5397/5397 5398/5398/5398 5395/5395/5395
f 5398/5398/5398 5397/5397/5397 5399/5399/5399
f 5399/5399/5399 5400/5400/5400 5398/5398/5398
f 5401/5401/5401 5402/5402/5402 5403/5403/5403
f 5403/5403/5403 5404/5404/5404 5401/5401/5401
f 5404/5404/5404 5403/5403/5403 5405/5405/5405
f 5405/5405/5405 5406/5406/5406 5404/5404/5404
f 5407/5407/5407 5408/5408/5408 5409/5409/5409
f 5409/5409/5409 5410/5410/5410 5407/5407/5407
f 5411/5411/5411 5412/5412/5412 5413/5413/5413
f 5413/5413/5413 5414/5414/5414 5411/5411/5411
f 5415/5415/5415 5416/5416/5416 5417/5417/5417
f 5417/5417/5417 5418/5418/5418 5415/5415/5415
f 5418/5418/5418 5417/5417/5417 5419/5419/5419
f 5419/5419/5419 5420/5420/5420 5418/5418/5418
f 5421/5421/5421 5422/5422/5422 5423/5423/5423
f 5423/5423/5423 5424/5424/5424 5421/5421/5421
f 5424/5424/5424 5423/5423/5423 5425/5425/5425
f 5425/5425/5425 5426/5426/5426 5424/5424/5424
f 5427/5427/5427 5428/5428/5428 5429/5429/5429
f 5429/5429/5429 5430/5430/5430 5427/5427/5427
f 5431/5431/5431 5427/5427/5427 5430/5430/5430
f 5430/5430/5430 5432/5432/5432 5431/5431/5431
f 5433/5433/5433 5434/5434/5434 5435/5435/5435
f 5435/5435/5435 5436/5436/5436 5433/5433/5433
f 5437/5437/5437 5438/5438/5438 5439/5439/5439
f 5439/5439/5439 5440/5440/5440 5437/5437/5437
f 5441/5441/5441 5437/5437/5437 5440/5440/5440
f 5440/5440/5440 5442/5442/5442 5441/5441/5441
f 5443/5443/5443 5444/5444/5444 5445/5445/5445
f 5445/5445/5445 5446/5446/5446 5443/5443/5443
f 5447/5447/5447 5448/5448/5448 5449/5449/5449
f 5449/5449/5449 5450/5450/5450 5447/5447/5447
f 5451/5451/5451 5447/5447/5447 5450/5450/5450
f 5450/5450/5450 5452/5452/5452 5451/5451/5451
f 5453/5453/5453 5454/5454/5454 5455/5455/5455
f 5455/5455/5455 5456/5456/5456 5453/5453/5453
f 5456/5456/5456 5455/5455/5455 5457/5457/5457
f 5457/5457/5457 5458/5458/5458 5456/5456/5456
f 5459/5459/5459 5460/5460/5460 5461/5461/5461
f 5461/5461/5461 5462/5462/5462 5459/5459/5459
f 5463/5463/5463 5464/5464/5464 5465/5465/5465
f 5465/5465/5465 5466/5466/5466 5463/5463/5463
f 5467/5467/5467 5468/5468/5468 5469/5469/5469
f 5469/5469/5469 5470/5470/5470 5467/5467/5467
f 5470/5470/5470 5469/5469/5469 5471/5471/5471
f 5471/5471/5471 5472/5472/5472 5470/5470/5470
f 5473/5473/5473 5474/5474/5474 5475/5475/5475
f 5475/5475/5475 5476/5476/5476 5473/5473/5473
f 5476/5476/5476 5475/5475/5475 5477/5477/5477
f 5477/5477/5477 5478/5478/5478 5476/5476/5476
f 5479/5479/5479 5480/5480/5480 5481/5481/5481
f 5482/5482/5482 5481/5481/5481 5480/5480/5480
f 5481/5481/5481 5483/5483/5483 5479/5479/5479
f 5484/5484/5484 5479/5479/5479 5483/5483/5483
f 5483/5483/5483 5485/5485/5485 5484/5484/5484
f 5486/5486/5486 5485/5485/5485 5483/5483/5483
f 5483/5483/5483 5487/5487/5487 5486/5486/5486
f 5487/5487/5487 5483/5483/5483 5481/5481/5481
f 5486/5486/5486 5487/5487/5487 5488/5488/5488
f 5489/5489/5489 5488/5488/5488 5487/5487/5487
f 5490/5490/5490 5481/5481/5481 5482/5482/5482
f 5481/5481/5481 5490/5490/5490 5487/5487/5487
f 5487/5487/5487 5490/5490/5490 5489/5489/5489
f 5482/5482/5482 5491/5491/5491 5490/5490/5490
f 5492/5492/5492 5489/5489/5489 5490/5490/5490
f 5490/5490/5490 5491/5491/5491 5492/5492/5492
